version,case,source,half,fixture_inputs,final_logical_entries,actual_emitted_min,actual_emitted_max,metric,median_ms,maximum_ms
v27,F1-filelist-parser-files,FileList,A,100000,80000,80000,80000,data_publish_end_ms,236.427,237.3135
v27,F1-filelist-parser-files,FileList,A,100000,80000,80000,80000,terminal_publish_ms,236.42729100000003,237.31370800000002
v27,F1-filelist-parser-files,FileList,A,100000,80000,80000,80000,full_wait_ms,2.983875,4.548708
v27,F1-filelist-parser-files,FileList,A,100000,80000,80000,80000,max_ingest_gap_ms,24.04475,24.137208
v27,F1-filelist-parser-files,FileList,A,100000,80000,80000,80000,max_no_work_progress_ms,24.04475,24.137208
v27,F1-filelist-parser-files,FileList,A,100000,80000,80000,80000,worker_drained_ms,251.84495800000002,264.54004100000003
v27,F1-filelist-parser-files,FileList,B,100000,80000,80000,80000,data_publish_end_ms,235.560333,240.826208
v27,F1-filelist-parser-files,FileList,B,100000,80000,80000,80000,terminal_publish_ms,235.560375,240.8265
v27,F1-filelist-parser-files,FileList,B,100000,80000,80000,80000,full_wait_ms,3.020791,6.101291
v27,F1-filelist-parser-files,FileList,B,100000,80000,80000,80000,max_ingest_gap_ms,24.046042,24.149959
v27,F1-filelist-parser-files,FileList,B,100000,80000,80000,80000,max_no_work_progress_ms,24.046042,24.149959
v27,F1-filelist-parser-files,FileList,B,100000,80000,80000,80000,worker_drained_ms,246.85425,257.184667
v27,F1-filelist-parser-folders,FileList,A,100000,20000,20000,20000,data_publish_end_ms,208.716458,208.884958
v27,F1-filelist-parser-folders,FileList,A,100000,20000,20000,20000,terminal_publish_ms,208.716541,208.885042
v27,F1-filelist-parser-folders,FileList,A,100000,20000,20000,20000,full_wait_ms,0.0,0.0
v27,F1-filelist-parser-folders,FileList,A,100000,20000,20000,20000,max_ingest_gap_ms,24.015124999999998,24.022209
v27,F1-filelist-parser-folders,FileList,A,100000,20000,20000,20000,max_no_work_progress_ms,24.015124999999998,24.022209
v27,F1-filelist-parser-folders,FileList,A,100000,20000,20000,20000,worker_drained_ms,218.798375,221.718083
v27,F1-filelist-parser-folders,FileList,B,100000,20000,20000,20000,data_publish_end_ms,208.061833,208.466667
v27,F1-filelist-parser-folders,FileList,B,100000,20000,20000,20000,terminal_publish_ms,208.061958,208.46683399999998
v27,F1-filelist-parser-folders,FileList,B,100000,20000,20000,20000,full_wait_ms,0.0,0.0
v27,F1-filelist-parser-folders,FileList,B,100000,20000,20000,20000,max_ingest_gap_ms,24.016625,24.03375
v27,F1-filelist-parser-folders,FileList,B,100000,20000,20000,20000,max_no_work_progress_ms,24.016625,24.03375
v27,F1-filelist-parser-folders,FileList,B,100000,20000,20000,20000,worker_drained_ms,222.16887499999999,228.19679100000002
v27,F1-files,Walker,A,100000,80000,80000,80000,data_publish_end_ms,752.045875,792.8404999999999
v27,F1-files,Walker,A,100000,80000,80000,80000,terminal_publish_ms,752.046208,792.840792
v27,F1-files,Walker,A,100000,80000,80000,80000,index_ready_ms,787.4401250000001,835.168292
v27,F1-files,Walker,A,100000,80000,80000,80000,results_ready_ms,787.4401250000001,835.168292
v27,F1-files,Walker,A,100000,80000,80000,80000,full_wait_ms,733.4797090000001,773.709539
v27,F1-files,Walker,A,100000,80000,80000,80000,max_frame_ms,9.10625,10.476374999999999
v27,F1-files,Walker,A,100000,80000,80000,80000,max_ingest_gap_ms,25.969666999999998,29.703709
v27,F1-files,Walker,A,100000,80000,80000,80000,max_no_work_progress_ms,25.969666999999998,29.703709
v27,F1-files,Walker,B,100000,80000,80000,80000,data_publish_end_ms,753.119125,804.682875
v27,F1-files,Walker,B,100000,80000,80000,80000,terminal_publish_ms,753.119375,804.683166
v27,F1-files,Walker,B,100000,80000,80000,80000,index_ready_ms,793.6192920000001,848.4895
v27,F1-files,Walker,B,100000,80000,80000,80000,results_ready_ms,793.6192920000001,848.4895
v27,F1-files,Walker,B,100000,80000,80000,80000,full_wait_ms,734.756541,786.58971
v27,F1-files,Walker,B,100000,80000,80000,80000,max_frame_ms,8.61975,9.677959
v27,F1-files,Walker,B,100000,80000,80000,80000,max_ingest_gap_ms,26.244542,28.791542
v27,F1-files,Walker,B,100000,80000,80000,80000,max_no_work_progress_ms,26.244542,28.791542
v27,F1-folders,Walker,A,100000,20000,20000,20000,data_publish_end_ms,208.540292,220.201667
v27,F1-folders,Walker,A,100000,20000,20000,20000,terminal_publish_ms,208.540375,220.20204199999998
v27,F1-folders,Walker,A,100000,20000,20000,20000,index_ready_ms,219.63025,236.443459
v27,F1-folders,Walker,A,100000,20000,20000,20000,results_ready_ms,219.63025,236.443459
v27,F1-folders,Walker,A,100000,20000,20000,20000,full_wait_ms,37.577209,57.053416000000006
v27,F1-folders,Walker,A,100000,20000,20000,20000,max_frame_ms,2.901083,4.167625
v27,F1-folders,Walker,A,100000,20000,20000,20000,max_ingest_gap_ms,25.047166,26.038625
v27,F1-folders,Walker,A,100000,20000,20000,20000,max_no_work_progress_ms,25.047166,26.038625
v27,F1-folders,Walker,B,100000,20000,20000,20000,data_publish_end_ms,208.841625,210.520083
v27,F1-folders,Walker,B,100000,20000,20000,20000,terminal_publish_ms,208.841792,210.520208
v27,F1-folders,Walker,B,100000,20000,20000,20000,index_ready_ms,223.182625,227.358333
v27,F1-folders,Walker,B,100000,20000,20000,20000,results_ready_ms,223.182625,227.358333
v27,F1-folders,Walker,B,100000,20000,20000,20000,full_wait_ms,35.990835,78.024582
v27,F1-folders,Walker,B,100000,20000,20000,20000,max_frame_ms,2.919416,3.37075
v27,F1-folders,Walker,B,100000,20000,20000,20000,max_ingest_gap_ms,26.129417,26.194333
v27,F1-folders,Walker,B,100000,20000,20000,20000,max_no_work_progress_ms,25.927458,26.008667
v27,F1-ignore-list,FileList,A,100000,100000,100000,100000,data_publish_end_ms,241.397708,253.139667
v27,F1-ignore-list,FileList,A,100000,100000,100000,100000,terminal_publish_ms,241.398167,253.13983299999998
v27,F1-ignore-list,FileList,A,100000,100000,100000,100000,index_ready_ms,257.740625,274.621958
v27,F1-ignore-list,FileList,A,100000,100000,100000,100000,results_ready_ms,257.740625,274.621958
v27,F1-ignore-list,FileList,A,100000,100000,100000,100000,full_wait_ms,186.49125,196.217292
v27,F1-ignore-list,FileList,A,100000,100000,100000,100000,max_frame_ms,0.78875,2.6052079999999997
v27,F1-ignore-list,FileList,A,100000,100000,100000,100000,max_ingest_gap_ms,24.006833,26.147
v27,F1-ignore-list,FileList,A,100000,100000,100000,100000,max_no_work_progress_ms,23.954875,25.937542
v27,F1-ignore-list,FileList,B,100000,100000,100000,100000,data_publish_end_ms,227.219875,238.393375
v27,F1-ignore-list,FileList,B,100000,100000,100000,100000,terminal_publish_ms,227.220125,238.393625
v27,F1-ignore-list,FileList,B,100000,100000,100000,100000,index_ready_ms,259.050417,272.18225
v27,F1-ignore-list,FileList,B,100000,100000,100000,100000,results_ready_ms,259.050417,272.18225
v27,F1-ignore-list,FileList,B,100000,100000,100000,100000,full_wait_ms,178.231669,187.388418
v27,F1-ignore-list,FileList,B,100000,100000,100000,100000,max_frame_ms,6.7234169999999995,6.901833
v27,F1-ignore-list,FileList,B,100000,100000,100000,100000,max_ingest_gap_ms,22.6965,25.618499999999997
v27,F1-ignore-list,FileList,B,100000,100000,100000,100000,max_no_work_progress_ms,22.748166,25.416375000000002
v27,F1-ignore-list,Walker,A,100000,100000,100000,100000,data_publish_end_ms,929.7442080000001,1003.2404159999999
v27,F1-ignore-list,Walker,A,100000,100000,100000,100000,terminal_publish_ms,929.744375,1003.240541
v27,F1-ignore-list,Walker,A,100000,100000,100000,100000,index_ready_ms,953.0386669999999,1022.7930409999999
v27,F1-ignore-list,Walker,A,100000,100000,100000,100000,results_ready_ms,953.0386669999999,1022.7930409999999
v27,F1-ignore-list,Walker,A,100000,100000,100000,100000,full_wait_ms,911.477503,981.826085
v27,F1-ignore-list,Walker,A,100000,100000,100000,100000,max_frame_ms,8.43575,9.973584
v27,F1-ignore-list,Walker,A,100000,100000,100000,100000,max_ingest_gap_ms,26.17675,33.284124999999996
v27,F1-ignore-list,Walker,A,100000,100000,100000,100000,max_no_work_progress_ms,26.17675,33.284124999999996
v27,F1-ignore-list,Walker,B,100000,100000,100000,100000,data_publish_end_ms,936.033375,954.87225
v27,F1-ignore-list,Walker,B,100000,100000,100000,100000,terminal_publish_ms,936.033541,954.872417
v27,F1-ignore-list,Walker,B,100000,100000,100000,100000,index_ready_ms,979.34475,992.0197499999999
v27,F1-ignore-list,Walker,B,100000,100000,100000,100000,results_ready_ms,979.34475,992.0197499999999
v27,F1-ignore-list,Walker,B,100000,100000,100000,100000,full_wait_ms,918.086879,936.635666
v27,F1-ignore-list,Walker,B,100000,100000,100000,100000,max_frame_ms,9.684667,10.310084
v27,F1-ignore-list,Walker,B,100000,100000,100000,100000,max_ingest_gap_ms,27.394042,28.729625000000002
v27,F1-ignore-list,Walker,B,100000,100000,100000,100000,max_no_work_progress_ms,27.394042,28.729625000000002
v27,H1-early,FileList,A,100000,100000,200000,200000,data_publish_end_ms,535.528042,548.9415829999999
v27,H1-early,FileList,A,100000,100000,200000,200000,terminal_publish_ms,535.528667,548.942375
v27,H1-early,FileList,A,100000,100000,200000,200000,index_ready_ms,558.6998749999999,568.8815000000001
v27,H1-early,FileList,A,100000,100000,200000,200000,results_ready_ms,558.6998749999999,568.8815000000001
v27,H1-early,FileList,A,100000,100000,200000,200000,full_wait_ms,423.689708,439.448042
v27,H1-early,FileList,A,100000,100000,200000,200000,max_frame_ms,1.094041,8.473166
v27,H1-early,FileList,A,100000,100000,200000,200000,max_ingest_gap_ms,24.982833,30.508833
v27,H1-early,FileList,A,100000,100000,200000,200000,max_no_work_progress_ms,60.296709,68.547667
v27,H1-early,FileList,B,100000,100000,200000,200000,data_publish_end_ms,522.837958,557.245792
v27,H1-early,FileList,B,100000,100000,200000,200000,terminal_publish_ms,522.8385410000001,557.2465
v27,H1-early,FileList,B,100000,100000,200000,200000,index_ready_ms,562.129208,605.007167
v27,H1-early,FileList,B,100000,100000,200000,200000,results_ready_ms,562.129208,605.007167
v27,H1-early,FileList,B,100000,100000,200000,200000,full_wait_ms,417.208584,459.51212400000003
v27,H1-early,FileList,B,100000,100000,200000,200000,max_frame_ms,1.072959,3.316584
v27,H1-early,FileList,B,100000,100000,200000,200000,max_ingest_gap_ms,24.014875,24.168667000000003
v27,H1-early,FileList,B,100000,100000,200000,200000,max_no_work_progress_ms,58.203875000000004,90.91262499999999
v27,H1-late,FileList,A,100000,100000,200000,200000,data_publish_end_ms,563.2474589999999,585.1929580000001
v27,H1-late,FileList,A,100000,100000,200000,200000,terminal_publish_ms,563.248167,585.1937499999999
v27,H1-late,FileList,A,100000,100000,200000,200000,index_ready_ms,587.037709,603.4805829999999
v27,H1-late,FileList,A,100000,100000,200000,200000,results_ready_ms,587.037709,603.4805829999999
v27,H1-late,FileList,A,100000,100000,200000,200000,full_wait_ms,422.171666,437.30933300000004
v27,H1-late,FileList,A,100000,100000,200000,200000,max_frame_ms,2.404875,10.805625
v27,H1-late,FileList,A,100000,100000,200000,200000,max_ingest_gap_ms,24.002417,24.950291999999997
v27,H1-late,FileList,A,100000,100000,200000,200000,max_no_work_progress_ms,84.897917,95.18475
v27,H1-late,FileList,B,100000,100000,200000,200000,data_publish_end_ms,569.2871250000001,577.8386250000001
v27,H1-late,FileList,B,100000,100000,200000,200000,terminal_publish_ms,569.2877910000001,577.8390420000001
v27,H1-late,FileList,B,100000,100000,200000,200000,index_ready_ms,588.330416,599.508209
v27,H1-late,FileList,B,100000,100000,200000,200000,results_ready_ms,588.330416,599.508209
v27,H1-late,FileList,B,100000,100000,200000,200000,full_wait_ms,425.744961,434.748005
v27,H1-late,FileList,B,100000,100000,200000,200000,max_frame_ms,2.895708,5.801708
v27,H1-late,FileList,B,100000,100000,200000,200000,max_ingest_gap_ms,24.007209000000003,26.578667
v27,H1-late,FileList,B,100000,100000,200000,200000,max_no_work_progress_ms,91.205,97.803
v27,O1-name-shown,FileList,A,100000,100000,100000,100000,data_publish_end_ms,241.07945899999999,260.286917
v27,O1-name-shown,FileList,A,100000,100000,100000,100000,terminal_publish_ms,241.079834,260.287292
v27,O1-name-shown,FileList,A,100000,100000,100000,100000,index_ready_ms,258.431291,276.604917
v27,O1-name-shown,FileList,A,100000,100000,100000,100000,results_ready_ms,258.431291,276.604917
v27,O1-name-shown,FileList,A,100000,100000,100000,100000,full_wait_ms,188.418541,201.266417
v27,O1-name-shown,FileList,A,100000,100000,100000,100000,max_frame_ms,0.768666,2.061334
v27,O1-name-shown,FileList,A,100000,100000,100000,100000,max_ingest_gap_ms,24.074708,25.573667
v27,O1-name-shown,FileList,A,100000,100000,100000,100000,max_no_work_progress_ms,24.074708,25.573667
v27,O1-name-shown,FileList,B,100000,100000,100000,100000,data_publish_end_ms,238.28712499999997,263.933125
v27,O1-name-shown,FileList,B,100000,100000,100000,100000,terminal_publish_ms,238.287416,263.933625
v27,O1-name-shown,FileList,B,100000,100000,100000,100000,index_ready_ms,255.27812500000002,279.517625
v27,O1-name-shown,FileList,B,100000,100000,100000,100000,results_ready_ms,255.27812500000002,279.517625
v27,O1-name-shown,FileList,B,100000,100000,100000,100000,full_wait_ms,186.20475,208.594124
v27,O1-name-shown,FileList,B,100000,100000,100000,100000,max_frame_ms,0.795041,1.644125
v27,O1-name-shown,FileList,B,100000,100000,100000,100000,max_ingest_gap_ms,24.049208,24.9535
v27,O1-name-shown,FileList,B,100000,100000,100000,100000,max_no_work_progress_ms,24.049208,24.741958
v27,O1-name-shown,Walker,A,100000,100000,100000,100000,data_publish_end_ms,935.492709,947.482042
v27,O1-name-shown,Walker,A,100000,100000,100000,100000,terminal_publish_ms,935.4929589999999,947.482292
v27,O1-name-shown,Walker,A,100000,100000,100000,100000,index_ready_ms,956.804917,970.6735
v27,O1-name-shown,Walker,A,100000,100000,100000,100000,results_ready_ms,956.804917,970.6735
v27,O1-name-shown,Walker,A,100000,100000,100000,100000,full_wait_ms,917.4504989999999,929.412414
v27,O1-name-shown,Walker,A,100000,100000,100000,100000,max_frame_ms,8.345125,8.952084000000001
v27,O1-name-shown,Walker,A,100000,100000,100000,100000,max_ingest_gap_ms,28.521292,31.680624999999996
v27,O1-name-shown,Walker,A,100000,100000,100000,100000,max_no_work_progress_ms,28.521292,31.680624999999996
v27,O1-name-shown,Walker,B,100000,100000,100000,100000,data_publish_end_ms,924.368167,950.12175
v27,O1-name-shown,Walker,B,100000,100000,100000,100000,terminal_publish_ms,924.36825,950.121958
v27,O1-name-shown,Walker,B,100000,100000,100000,100000,index_ready_ms,948.523375,969.519708
v27,O1-name-shown,Walker,B,100000,100000,100000,100000,results_ready_ms,948.523375,969.519708
v27,O1-name-shown,Walker,B,100000,100000,100000,100000,full_wait_ms,906.2392070000001,931.2067910000001
v27,O1-name-shown,Walker,B,100000,100000,100000,100000,max_frame_ms,8.362665999999999,8.943375
v27,O1-name-shown,Walker,B,100000,100000,100000,100000,max_ingest_gap_ms,26.015708,32.173125
v27,O1-name-shown,Walker,B,100000,100000,100000,100000,max_no_work_progress_ms,26.015708,32.173125
v27,P1-preview,FileList,A,100000,100000,100000,100000,data_publish_end_ms,233.911167,243.25175
v27,P1-preview,FileList,A,100000,100000,100000,100000,terminal_publish_ms,233.91145799999998,243.25225
v27,P1-preview,FileList,A,100000,100000,100000,100000,index_ready_ms,1303.6133750000001,1325.6480829999998
v27,P1-preview,FileList,A,100000,100000,100000,100000,results_ready_ms,1303.6133750000001,1325.6480829999998
v27,P1-preview,FileList,A,100000,100000,100000,100000,full_wait_ms,178.318585,191.667128
v27,P1-preview,FileList,A,100000,100000,100000,100000,max_frame_ms,0.840125,0.870541
v27,P1-preview,FileList,A,100000,100000,100000,100000,max_ingest_gap_ms,1075.906542,1088.446083
v27,P1-preview,FileList,A,100000,100000,100000,100000,max_no_work_progress_ms,1056.2277920000001,1064.4279999999999
v27,P1-preview,FileList,B,100000,100000,100000,100000,data_publish_end_ms,234.122208,257.745208
v27,P1-preview,FileList,B,100000,100000,100000,100000,terminal_publish_ms,234.122666,257.7455
v27,P1-preview,FileList,B,100000,100000,100000,100000,index_ready_ms,1303.438833,1332.465125
v27,P1-preview,FileList,B,100000,100000,100000,100000,results_ready_ms,1303.438833,1332.465125
v27,P1-preview,FileList,B,100000,100000,100000,100000,full_wait_ms,179.404291,200.60054
v27,P1-preview,FileList,B,100000,100000,100000,100000,max_frame_ms,0.866042,0.952125
v27,P1-preview,FileList,B,100000,100000,100000,100000,max_ingest_gap_ms,1077.262875,1102.283084
v27,P1-preview,FileList,B,100000,100000,100000,100000,max_no_work_progress_ms,1053.221458,1085.016959
v27,P1-preview,Walker,A,100000,100000,100000,100000,data_publish_end_ms,966.57725,999.9821250000001
v27,P1-preview,Walker,A,100000,100000,100000,100000,terminal_publish_ms,966.578209,999.983417
v27,P1-preview,Walker,A,100000,100000,100000,100000,index_ready_ms,2026.069709,2091.639709
v27,P1-preview,Walker,A,100000,100000,100000,100000,results_ready_ms,2026.069709,2091.639709
v27,P1-preview,Walker,A,100000,100000,100000,100000,full_wait_ms,914.0684580000001,944.078788
v27,P1-preview,Walker,A,100000,100000,100000,100000,max_frame_ms,1.0286659999999999,3.528375
v27,P1-preview,Walker,A,100000,100000,100000,100000,max_ingest_gap_ms,1070.795083,1102.7407090000002
v27,P1-preview,Walker,A,100000,100000,100000,100000,max_no_work_progress_ms,1047.050958,1078.9567499999998
v27,P1-preview,Walker,B,100000,100000,100000,100000,data_publish_end_ms,987.425084,1041.072541
v27,P1-preview,Walker,B,100000,100000,100000,100000,terminal_publish_ms,987.4261250000001,1041.07325
v27,P1-preview,Walker,B,100000,100000,100000,100000,index_ready_ms,2056.675875,2129.121916
v27,P1-preview,Walker,B,100000,100000,100000,100000,results_ready_ms,2056.675875,2129.121916
v27,P1-preview,Walker,B,100000,100000,100000,100000,full_wait_ms,937.351417,990.784087
v27,P1-preview,Walker,B,100000,100000,100000,100000,max_frame_ms,1.031333,1.7073749999999999
v27,P1-preview,Walker,B,100000,100000,100000,100000,max_ingest_gap_ms,1081.765,1094.1881250000001
v27,P1-preview,Walker,B,100000,100000,100000,100000,max_no_work_progress_ms,1062.427125,1070.4234999999999
v27,R1-natural,FileList,A,100000,100000,100000,100000,data_publish_end_ms,237.061708,240.027958
v27,R1-natural,FileList,A,100000,100000,100000,100000,terminal_publish_ms,237.06199999999998,240.028292
v27,R1-natural,FileList,A,100000,100000,100000,100000,index_ready_ms,271.078084,281.58416600000004
v27,R1-natural,FileList,A,100000,100000,100000,100000,results_ready_ms,271.078084,281.58416600000004
v27,R1-natural,FileList,A,100000,100000,100000,100000,full_wait_ms,180.049584,181.772085
v27,R1-natural,FileList,A,100000,100000,100000,100000,max_frame_ms,0.868041,1.05275
v27,R1-natural,FileList,A,100000,100000,100000,100000,max_ingest_gap_ms,24.049167,24.291083
v27,R1-natural,FileList,A,100000,100000,100000,100000,max_no_work_progress_ms,24.048875000000002,24.074458
v27,R1-natural,FileList,B,100000,100000,100000,100000,data_publish_end_ms,239.286125,264.327541
v27,R1-natural,FileList,B,100000,100000,100000,100000,terminal_publish_ms,239.28633299999998,264.32800000000003
v27,R1-natural,FileList,B,100000,100000,100000,100000,index_ready_ms,277.49266700000004,307.479125
v27,R1-natural,FileList,B,100000,100000,100000,100000,results_ready_ms,277.49266700000004,307.479125
v27,R1-natural,FileList,B,100000,100000,100000,100000,full_wait_ms,183.13341699999998,203.14024799999999
v27,R1-natural,FileList,B,100000,100000,100000,100000,max_frame_ms,0.6622079999999999,1.0278340000000001
v27,R1-natural,FileList,B,100000,100000,100000,100000,max_ingest_gap_ms,24.023374999999998,24.120040999999997
v27,R1-natural,FileList,B,100000,100000,100000,100000,max_no_work_progress_ms,24.023374999999998,24.09275
v27,R1-natural,Walker,A,100000,100000,100000,100000,data_publish_end_ms,984.342084,1014.1609170000002
v27,R1-natural,Walker,A,100000,100000,100000,100000,terminal_publish_ms,984.343042,1014.1616250000001
v27,R1-natural,Walker,A,100000,100000,100000,100000,index_ready_ms,1028.249334,1053.710583
v27,R1-natural,Walker,A,100000,100000,100000,100000,results_ready_ms,1028.249334,1053.710583
v27,R1-natural,Walker,A,100000,100000,100000,100000,full_wait_ms,937.7485479999999,966.125207
v27,R1-natural,Walker,A,100000,100000,100000,100000,max_frame_ms,27.852416,28.759415999999998
v27,R1-natural,Walker,A,100000,100000,100000,100000,max_ingest_gap_ms,42.850832999999994,47.534791
v27,R1-natural,Walker,A,100000,100000,100000,100000,max_no_work_progress_ms,42.850832999999994,47.534791
v27,R1-natural,Walker,B,100000,100000,100000,100000,data_publish_end_ms,963.511084,1014.4986250000001
v27,R1-natural,Walker,B,100000,100000,100000,100000,terminal_publish_ms,963.511709,1014.49975
v27,R1-natural,Walker,B,100000,100000,100000,100000,index_ready_ms,1005.989834,1057.557084
v27,R1-natural,Walker,B,100000,100000,100000,100000,results_ready_ms,1005.989834,1057.557084
v27,R1-natural,Walker,B,100000,100000,100000,100000,full_wait_ms,920.780248,970.6580379999999
v27,R1-natural,Walker,B,100000,100000,100000,100000,max_frame_ms,28.370625,29.223375
v27,R1-natural,Walker,B,100000,100000,100000,100000,max_ingest_gap_ms,47.221708,49.291833
v27,R1-natural,Walker,B,100000,100000,100000,100000,max_no_work_progress_ms,47.221708,49.291833
v27,S1-ignore,FileList,A,100000,100000,100000,100000,data_publish_end_ms,222.67725,231.535583
v27,S1-ignore,FileList,A,100000,100000,100000,100000,terminal_publish_ms,222.67754200000002,231.535708
v27,S1-ignore,FileList,A,100000,100000,100000,100000,index_ready_ms,259.808666,294.20962499999996
v27,S1-ignore,FileList,A,100000,100000,100000,100000,results_ready_ms,259.808666,294.20962499999996
v27,S1-ignore,FileList,A,100000,100000,100000,100000,full_wait_ms,172.606875,181.534333
v27,S1-ignore,FileList,A,100000,100000,100000,100000,max_frame_ms,6.630583,7.188083
v27,S1-ignore,FileList,A,100000,100000,100000,100000,max_ingest_gap_ms,22.566834,28.310292
v27,S1-ignore,FileList,A,100000,100000,100000,100000,max_no_work_progress_ms,22.894624999999998,28.089458
v27,S1-ignore,FileList,B,100000,100000,100000,100000,data_publish_end_ms,231.628042,243.936708
v27,S1-ignore,FileList,B,100000,100000,100000,100000,terminal_publish_ms,231.62829200000002,243.936917
v27,S1-ignore,FileList,B,100000,100000,100000,100000,index_ready_ms,284.792458,306.976917
v27,S1-ignore,FileList,B,100000,100000,100000,100000,results_ready_ms,284.792458,306.976917
v27,S1-ignore,FileList,B,100000,100000,100000,100000,full_wait_ms,179.371333,191.96096
v27,S1-ignore,FileList,B,100000,100000,100000,100000,max_frame_ms,4.111875,4.209458
v27,S1-ignore,FileList,B,100000,100000,100000,100000,max_ingest_gap_ms,22.6995,27.632208
v27,S1-ignore,FileList,B,100000,100000,100000,100000,max_no_work_progress_ms,23.622291999999998,27.416791
v27,S1-ignore,Walker,A,100000,100000,100000,100000,data_publish_end_ms,919.5038330000001,976.507583
v27,S1-ignore,Walker,A,100000,100000,100000,100000,terminal_publish_ms,919.504,976.507833
v27,S1-ignore,Walker,A,100000,100000,100000,100000,index_ready_ms,961.070125,1013.804208
v27,S1-ignore,Walker,A,100000,100000,100000,100000,results_ready_ms,961.070125,1013.804208
v27,S1-ignore,Walker,A,100000,100000,100000,100000,full_wait_ms,902.763628,958.477041
v27,S1-ignore,Walker,A,100000,100000,100000,100000,max_frame_ms,9.387583,9.743583000000001
v27,S1-ignore,Walker,A,100000,100000,100000,100000,max_ingest_gap_ms,25.069375,28.404334
v27,S1-ignore,Walker,A,100000,100000,100000,100000,max_no_work_progress_ms,25.069375,28.404334
v27,S1-ignore,Walker,B,100000,100000,100000,100000,data_publish_end_ms,922.086042,950.0638329999999
v27,S1-ignore,Walker,B,100000,100000,100000,100000,terminal_publish_ms,922.086167,950.063958
v27,S1-ignore,Walker,B,100000,100000,100000,100000,index_ready_ms,947.134,971.846292
v27,S1-ignore,Walker,B,100000,100000,100000,100000,results_ready_ms,1000.2068340000001,1030.1096670000002
v27,S1-ignore,Walker,B,100000,100000,100000,100000,full_wait_ms,905.305705,931.794456
v27,S1-ignore,Walker,B,100000,100000,100000,100000,max_frame_ms,7.080958,7.7235000000000005
v27,S1-ignore,Walker,B,100000,100000,100000,100000,max_ingest_gap_ms,26.602875,28.651667
v27,S1-ignore,Walker,B,100000,100000,100000,100000,max_no_work_progress_ms,53.189792,58.263374999999996
v27,S2-files,Walker,A,100000,80000,80000,80000,data_publish_end_ms,768.771291,786.999916
v27,S2-files,Walker,A,100000,80000,80000,80000,terminal_publish_ms,768.7717080000001,787.0002910000001
v27,S2-files,Walker,A,100000,80000,80000,80000,index_ready_ms,807.849875,829.931833
v27,S2-files,Walker,A,100000,80000,80000,80000,results_ready_ms,807.849875,829.931833
v27,S2-files,Walker,A,100000,80000,80000,80000,full_wait_ms,750.354457,768.801129
v27,S2-files,Walker,A,100000,80000,80000,80000,max_frame_ms,8.6725,9.277209
v27,S2-files,Walker,A,100000,80000,80000,80000,max_ingest_gap_ms,26.210625,29.016334
v27,S2-files,Walker,A,100000,80000,80000,80000,max_no_work_progress_ms,26.210625,29.016334
v27,S2-files,Walker,B,100000,80000,80000,80000,data_publish_end_ms,769.2652909999999,803.9955
v27,S2-files,Walker,B,100000,80000,80000,80000,terminal_publish_ms,769.26575,803.995833
v27,S2-files,Walker,B,100000,80000,80000,80000,index_ready_ms,814.2405,844.9689999999999
v27,S2-files,Walker,B,100000,80000,80000,80000,results_ready_ms,814.2405,844.9689999999999
v27,S2-files,Walker,B,100000,80000,80000,80000,full_wait_ms,750.715167,785.550961
v27,S2-files,Walker,B,100000,80000,80000,80000,max_frame_ms,9.347417,10.753250000000001
v27,S2-files,Walker,B,100000,80000,80000,80000,max_ingest_gap_ms,26.730875,29.204958
v27,S2-files,Walker,B,100000,80000,80000,80000,max_no_work_progress_ms,26.730875,29.204958
v27,T1-A-B-C-A,FileList,A,100000,100000,100000,100000,data_publish_end_ms,244.61508400000002,255.851375
v27,T1-A-B-C-A,FileList,A,100000,100000,100000,100000,terminal_publish_ms,244.615375,255.851542
v27,T1-A-B-C-A,FileList,A,100000,100000,100000,100000,index_ready_ms,281.512792,295.361875
v27,T1-A-B-C-A,FileList,A,100000,100000,100000,100000,results_ready_ms,281.512792,295.361875
v27,T1-A-B-C-A,FileList,A,100000,100000,100000,100000,full_wait_ms,186.39191499999998,198.119461
v27,T1-A-B-C-A,FileList,A,100000,100000,100000,100000,max_frame_ms,0.469917,0.508625
v27,T1-A-B-C-A,FileList,A,100000,100000,100000,100000,max_ingest_gap_ms,24.058458,24.423417
v27,T1-A-B-C-A,FileList,A,100000,100000,100000,100000,max_no_work_progress_ms,24.012249999999998,24.153167
v27,T1-A-B-C-A,FileList,B,100000,100000,100000,100000,data_publish_end_ms,438.66749999999996,481.689708
v27,T1-A-B-C-A,FileList,B,100000,100000,100000,100000,terminal_publish_ms,438.667584,481.690166
v27,T1-A-B-C-A,FileList,B,100000,100000,100000,100000,index_ready_ms,1439.365667,1488.714958
v27,T1-A-B-C-A,FileList,B,100000,100000,100000,100000,results_ready_ms,1439.365667,1488.714958
v27,T1-A-B-C-A,FileList,B,100000,100000,100000,100000,full_wait_ms,162.403834,188.444961
v27,T1-A-B-C-A,FileList,B,100000,100000,100000,100000,max_frame_ms,1.116791,2.768917
v27,T1-A-B-C-A,FileList,B,100000,100000,100000,100000,max_ingest_gap_ms,57.391125,64.181375
v27,T1-A-B-C-A,FileList,B,100000,100000,100000,100000,max_no_work_progress_ms,975.87775,998.6260420000001
v27,T1-A-B-C-A,Walker,A,100000,100000,100000,100000,data_publish_end_ms,975.154,1001.105291
v27,T1-A-B-C-A,Walker,A,100000,100000,100000,100000,terminal_publish_ms,975.154833,1001.1057910000001
v27,T1-A-B-C-A,Walker,A,100000,100000,100000,100000,index_ready_ms,1020.127,1039.791791
v27,T1-A-B-C-A,Walker,A,100000,100000,100000,100000,results_ready_ms,1020.127,1039.791791
v27,T1-A-B-C-A,Walker,A,100000,100000,100000,100000,full_wait_ms,933.083167,960.629294
v27,T1-A-B-C-A,Walker,A,100000,100000,100000,100000,max_frame_ms,26.866375,29.50675
v27,T1-A-B-C-A,Walker,A,100000,100000,100000,100000,max_ingest_gap_ms,46.52525,48.771916999999995
v27,T1-A-B-C-A,Walker,A,100000,100000,100000,100000,max_no_work_progress_ms,46.52525,48.771916999999995
v27,T1-A-B-C-A,Walker,B,100000,100000,100000,100000,data_publish_end_ms,1351.6899170000002,1381.5116249999999
v27,T1-A-B-C-A,Walker,B,100000,100000,100000,100000,terminal_publish_ms,1351.6905000000002,1381.512125
v27,T1-A-B-C-A,Walker,B,100000,100000,100000,100000,index_ready_ms,2314.862667,2326.9591250000003
v27,T1-A-B-C-A,Walker,B,100000,100000,100000,100000,results_ready_ms,2314.862667,2326.9591250000003
v27,T1-A-B-C-A,Walker,B,100000,100000,100000,100000,full_wait_ms,907.004332,928.19529
v27,T1-A-B-C-A,Walker,B,100000,100000,100000,100000,max_frame_ms,24.766625,25.845834
v27,T1-A-B-C-A,Walker,B,100000,100000,100000,100000,max_ingest_gap_ms,53.231541,66.3665
v27,T1-A-B-C-A,Walker,B,100000,100000,100000,100000,max_no_work_progress_ms,895.050292,954.477625
v27,T1-S1-dense,FileList,A,100000,100000,100000,100000,data_publish_end_ms,240.788917,248.018833
v27,T1-S1-dense,FileList,A,100000,100000,100000,100000,terminal_publish_ms,240.789167,248.019083
v27,T1-S1-dense,FileList,A,100000,100000,100000,100000,index_ready_ms,1318.007083,1344.51975
v27,T1-S1-dense,FileList,A,100000,100000,100000,100000,results_ready_ms,1318.007083,1344.51975
v27,T1-S1-dense,FileList,A,100000,100000,100000,100000,full_wait_ms,184.274043,191.777042
v27,T1-S1-dense,FileList,A,100000,100000,100000,100000,max_frame_ms,0.8660410000000001,0.933125
v27,T1-S1-dense,FileList,A,100000,100000,100000,100000,max_ingest_gap_ms,1084.770333,1106.5338330000002
v27,T1-S1-dense,FileList,A,100000,100000,100000,100000,max_no_work_progress_ms,1061.0358330000001,1082.6288749999999
v27,T1-S1-dense,FileList,B,100000,100000,100000,100000,data_publish_end_ms,226.723,254.226208
v27,T1-S1-dense,FileList,B,100000,100000,100000,100000,terminal_publish_ms,226.723292,254.226416
v27,T1-S1-dense,FileList,B,100000,100000,100000,100000,index_ready_ms,1299.249417,1365.076583
v27,T1-S1-dense,FileList,B,100000,100000,100000,100000,results_ready_ms,1299.249417,1365.076583
v27,T1-S1-dense,FileList,B,100000,100000,100000,100000,full_wait_ms,174.348251,201.658211
v27,T1-S1-dense,FileList,B,100000,100000,100000,100000,max_frame_ms,0.8752500000000001,1.023917
v27,T1-S1-dense,FileList,B,100000,100000,100000,100000,max_ingest_gap_ms,1076.59075,1114.464125
v27,T1-S1-dense,FileList,B,100000,100000,100000,100000,max_no_work_progress_ms,1052.438959,1090.398417
v27,T1-S1-dense,Walker,A,100000,100000,100000,100000,data_publish_end_ms,987.627792,1008.023833
v27,T1-S1-dense,Walker,A,100000,100000,100000,100000,terminal_publish_ms,987.6285,1008.0242079999999
v27,T1-S1-dense,Walker,A,100000,100000,100000,100000,index_ready_ms,2048.3659589999997,2103.8884160000002
v27,T1-S1-dense,Walker,A,100000,100000,100000,100000,results_ready_ms,2048.3659589999997,2103.8884160000002
v27,T1-S1-dense,Walker,A,100000,100000,100000,100000,full_wait_ms,941.41046,957.5327070000001
v27,T1-S1-dense,Walker,A,100000,100000,100000,100000,max_frame_ms,0.9151250000000001,1.213167
v27,T1-S1-dense,Walker,A,100000,100000,100000,100000,max_ingest_gap_ms,1080.854583,1113.01875
v27,T1-S1-dense,Walker,A,100000,100000,100000,100000,max_no_work_progress_ms,1057.040875,1089.1903750000001
v27,T1-S1-dense,Walker,B,100000,100000,100000,100000,data_publish_end_ms,985.102292,1012.8891659999999
v27,T1-S1-dense,Walker,B,100000,100000,100000,100000,terminal_publish_ms,985.10275,1012.889958
v27,T1-S1-dense,Walker,B,100000,100000,100000,100000,index_ready_ms,2064.2445000000002,2100.001625
v27,T1-S1-dense,Walker,B,100000,100000,100000,100000,results_ready_ms,2064.2445000000002,2100.001625
v27,T1-S1-dense,Walker,B,100000,100000,100000,100000,full_wait_ms,927.239376,953.8211220000001
v27,T1-S1-dense,Walker,B,100000,100000,100000,100000,max_frame_ms,0.921291,9.268208999999999
v27,T1-S1-dense,Walker,B,100000,100000,100000,100000,max_ingest_gap_ms,1081.425583,1114.127459
v27,T1-S1-dense,Walker,B,100000,100000,100000,100000,max_no_work_progress_ms,1062.594208,1092.0529999999999
v27,T1-S1-selective,FileList,A,100000,100000,100000,100000,data_publish_end_ms,236.375125,250.115833
v27,T1-S1-selective,FileList,A,100000,100000,100000,100000,terminal_publish_ms,236.37525000000002,250.116125
v27,T1-S1-selective,FileList,A,100000,100000,100000,100000,index_ready_ms,1295.4430000000002,1316.830041
v27,T1-S1-selective,FileList,A,100000,100000,100000,100000,results_ready_ms,1295.4430000000002,1316.830041
v27,T1-S1-selective,FileList,A,100000,100000,100000,100000,full_wait_ms,180.77975099999998,193.778625
v27,T1-S1-selective,FileList,A,100000,100000,100000,100000,max_frame_ms,0.867458,7.303916
v27,T1-S1-selective,FileList,A,100000,100000,100000,100000,max_ingest_gap_ms,1066.363,1085.1212079999998
v27,T1-S1-selective,FileList,A,100000,100000,100000,100000,max_no_work_progress_ms,1048.203875,1065.2235
v27,T1-S1-selective,FileList,B,100000,100000,100000,100000,data_publish_end_ms,230.071875,254.864541
v27,T1-S1-selective,FileList,B,100000,100000,100000,100000,terminal_publish_ms,230.072125,254.864916
v27,T1-S1-selective,FileList,B,100000,100000,100000,100000,index_ready_ms,1311.995958,1329.2816659999999
v27,T1-S1-selective,FileList,B,100000,100000,100000,100000,results_ready_ms,1311.995958,1329.2816659999999
v27,T1-S1-selective,FileList,B,100000,100000,100000,100000,full_wait_ms,180.694209,201.010418
v27,T1-S1-selective,FileList,B,100000,100000,100000,100000,max_frame_ms,0.938375,10.957334000000001
v27,T1-S1-selective,FileList,B,100000,100000,100000,100000,max_ingest_gap_ms,1084.7264169999999,1101.681833
v27,T1-S1-selective,FileList,B,100000,100000,100000,100000,max_no_work_progress_ms,1060.789083,1077.660875
v27,T1-S1-selective,Walker,A,100000,100000,100000,100000,data_publish_end_ms,1007.106125,1032.3819999999998
v27,T1-S1-selective,Walker,A,100000,100000,100000,100000,terminal_publish_ms,1007.106792,1032.383042
v27,T1-S1-selective,Walker,A,100000,100000,100000,100000,index_ready_ms,2069.605375,2119.9485839999998
v27,T1-S1-selective,Walker,A,100000,100000,100000,100000,results_ready_ms,2069.605375,2119.9485839999998
v27,T1-S1-selective,Walker,A,100000,100000,100000,100000,full_wait_ms,953.155422,980.648081
v27,T1-S1-selective,Walker,A,100000,100000,100000,100000,max_frame_ms,0.919625,0.9601660000000001
v27,T1-S1-selective,Walker,A,100000,100000,100000,100000,max_ingest_gap_ms,1072.4671660000001,1104.080167
v27,T1-S1-selective,Walker,A,100000,100000,100000,100000,max_no_work_progress_ms,1051.128708,1080.281292
v27,T1-S1-selective,Walker,B,100000,100000,100000,100000,data_publish_end_ms,983.468,1013.1657919999999
v27,T1-S1-selective,Walker,B,100000,100000,100000,100000,terminal_publish_ms,983.468791,1013.1665
v27,T1-S1-selective,Walker,B,100000,100000,100000,100000,index_ready_ms,2049.1251660000003,2063.0527500000003
v27,T1-S1-selective,Walker,B,100000,100000,100000,100000,results_ready_ms,2049.1251660000003,2063.0527500000003
v27,T1-S1-selective,Walker,B,100000,100000,100000,100000,full_wait_ms,936.949752,955.214873
v27,T1-S1-selective,Walker,B,100000,100000,100000,100000,max_frame_ms,1.455583,9.172459000000002
v27,T1-S1-selective,Walker,B,100000,100000,100000,100000,max_ingest_gap_ms,1057.962709,1088.752667
v27,T1-S1-selective,Walker,B,100000,100000,100000,100000,max_no_work_progress_ms,1035.8600840000001,1088.752667
v27,T1-S2,FileList,A,100000,100000,100000,100000,data_publish_end_ms,242.38754200000002,245.689916
v27,T1-S2,FileList,A,100000,100000,100000,100000,terminal_publish_ms,242.38775,245.69025
v27,T1-S2,FileList,A,100000,100000,100000,100000,index_ready_ms,1309.536208,1335.7490830000002
v27,T1-S2,FileList,A,100000,100000,100000,100000,results_ready_ms,1309.536208,1335.7490830000002
v27,T1-S2,FileList,A,100000,100000,100000,100000,full_wait_ms,185.725083,190.636625
v27,T1-S2,FileList,A,100000,100000,100000,100000,max_frame_ms,0.851375,0.899584
v27,T1-S2,FileList,A,100000,100000,100000,100000,max_ingest_gap_ms,1069.035041,1094.498084
v27,T1-S2,FileList,A,100000,100000,100000,100000,max_no_work_progress_ms,1052.0278329999999,1075.3029999999999
v27,T1-S2,FileList,B,100000,100000,100000,100000,data_publish_end_ms,246.128084,253.08933300000004
v27,T1-S2,FileList,B,100000,100000,100000,100000,terminal_publish_ms,246.12824999999998,253.08945799999998
v27,T1-S2,FileList,B,100000,100000,100000,100000,index_ready_ms,1315.470458,1342.5839580000002
v27,T1-S2,FileList,B,100000,100000,100000,100000,results_ready_ms,1315.470458,1342.5839580000002
v27,T1-S2,FileList,B,100000,100000,100000,100000,full_wait_ms,190.66720800000002,201.143126
v27,T1-S2,FileList,B,100000,100000,100000,100000,max_frame_ms,0.9210419999999999,1.161875
v27,T1-S2,FileList,B,100000,100000,100000,100000,max_ingest_gap_ms,1076.071625,1092.122375
v27,T1-S2,FileList,B,100000,100000,100000,100000,max_no_work_progress_ms,1054.372417,1068.039416
v27,T1-S2,Walker,A,100000,100000,100000,100000,data_publish_end_ms,992.2992499999999,1017.4700000000001
v27,T1-S2,Walker,A,100000,100000,100000,100000,terminal_publish_ms,992.299875,1017.471
v27,T1-S2,Walker,A,100000,100000,100000,100000,index_ready_ms,2070.246,2080.4495420000003
v27,T1-S2,Walker,A,100000,100000,100000,100000,results_ready_ms,2070.246,2080.4495420000003
v27,T1-S2,Walker,A,100000,100000,100000,100000,full_wait_ms,942.8653780000001,964.225373
v27,T1-S2,Walker,A,100000,100000,100000,100000,max_frame_ms,2.061125,9.4505
v27,T1-S2,Walker,A,100000,100000,100000,100000,max_ingest_gap_ms,1074.533584,1098.814375
v27,T1-S2,Walker,A,100000,100000,100000,100000,max_no_work_progress_ms,1054.198042,1075.053
v27,T1-S2,Walker,B,100000,100000,100000,100000,data_publish_end_ms,972.4372500000001,1022.2055839999999
v27,T1-S2,Walker,B,100000,100000,100000,100000,terminal_publish_ms,972.438042,1022.206167
v27,T1-S2,Walker,B,100000,100000,100000,100000,index_ready_ms,2052.977041,2178.960084
v27,T1-S2,Walker,B,100000,100000,100000,100000,results_ready_ms,2052.977041,2178.960084
v27,T1-S2,Walker,B,100000,100000,100000,100000,full_wait_ms,926.4292079999999,961.479332
v27,T1-S2,Walker,B,100000,100000,100000,100000,max_frame_ms,3.145417,10.637667
v27,T1-S2,Walker,B,100000,100000,100000,100000,max_ingest_gap_ms,1081.7825830000002,1161.2366670000001
v27,T1-S2,Walker,B,100000,100000,100000,100000,max_no_work_progress_ms,1058.080833,1137.5379589999998
v27,T1-active-warm,FileList,A,100000,100000,100000,100000,data_publish_end_ms,237.821958,258.042291
v27,T1-active-warm,FileList,A,100000,100000,100000,100000,terminal_publish_ms,237.82229099999998,258.04245799999995
v27,T1-active-warm,FileList,A,100000,100000,100000,100000,index_ready_ms,258.303958,278.45070799999996
v27,T1-active-warm,FileList,A,100000,100000,100000,100000,results_ready_ms,258.303958,278.45070799999996
v27,T1-active-warm,FileList,A,100000,100000,100000,100000,full_wait_ms,178.550208,204.272957
v27,T1-active-warm,FileList,A,100000,100000,100000,100000,max_frame_ms,0.800291,2.2775
v27,T1-active-warm,FileList,A,100000,100000,100000,100000,max_ingest_gap_ms,24.485458,25.888499999999997
v27,T1-active-warm,FileList,A,100000,100000,100000,100000,max_no_work_progress_ms,24.256666,25.888499999999997
v27,T1-active-warm,FileList,B,100000,100000,100000,100000,data_publish_end_ms,217.465459,234.504459
v27,T1-active-warm,FileList,B,100000,100000,100000,100000,terminal_publish_ms,217.46575,234.50454200000001
v27,T1-active-warm,FileList,B,100000,100000,100000,100000,index_ready_ms,1316.9769170000002,1367.14825
v27,T1-active-warm,FileList,B,100000,100000,100000,100000,results_ready_ms,1316.9769170000002,1367.14825
v27,T1-active-warm,FileList,B,100000,100000,100000,100000,full_wait_ms,133.218751,153.27795999999998
v27,T1-active-warm,FileList,B,100000,100000,100000,100000,max_frame_ms,2.775292,10.628290999999999
v27,T1-active-warm,FileList,B,100000,100000,100000,100000,max_ingest_gap_ms,23.897541,24.05825
v27,T1-active-warm,FileList,B,100000,100000,100000,100000,max_no_work_progress_ms,1065.3274999999999,1108.938125
v27,T1-active-warm,Walker,A,100000,100000,100000,100000,data_publish_end_ms,975.5888339999999,1017.922459
v27,T1-active-warm,Walker,A,100000,100000,100000,100000,terminal_publish_ms,975.589542,1017.923125
v27,T1-active-warm,Walker,A,100000,100000,100000,100000,index_ready_ms,995.341417,1037.851
v27,T1-active-warm,Walker,A,100000,100000,100000,100000,results_ready_ms,995.341417,1037.851
v27,T1-active-warm,Walker,A,100000,100000,100000,100000,full_wait_ms,928.3027480000001,969.054708
v27,T1-active-warm,Walker,A,100000,100000,100000,100000,max_frame_ms,26.984042,28.505875
v27,T1-active-warm,Walker,A,100000,100000,100000,100000,max_ingest_gap_ms,47.998583999999994,49.509583000000006
v27,T1-active-warm,Walker,A,100000,100000,100000,100000,max_no_work_progress_ms,47.998583999999994,49.509583000000006
v27,T1-active-warm,Walker,B,100000,100000,100000,100000,data_publish_end_ms,943.5974160000001,971.4688339999999
v27,T1-active-warm,Walker,B,100000,100000,100000,100000,terminal_publish_ms,943.598125,971.469625
v27,T1-active-warm,Walker,B,100000,100000,100000,100000,index_ready_ms,2075.034,2093.744625
v27,T1-active-warm,Walker,B,100000,100000,100000,100000,results_ready_ms,2075.034,2093.744625
v27,T1-active-warm,Walker,B,100000,100000,100000,100000,full_wait_ms,895.2715850000001,923.718794
v27,T1-active-warm,Walker,B,100000,100000,100000,100000,max_frame_ms,25.909875,27.666
v27,T1-active-warm,Walker,B,100000,100000,100000,100000,max_ingest_gap_ms,42.652625,49.590375
v27,T1-active-warm,Walker,B,100000,100000,100000,100000,max_no_work_progress_ms,1091.964459,1109.483334
v27,T1-natural-reclaim,FileList,A,100000,100000,100000,100000,data_publish_end_ms,246.999,266.834708
v27,T1-natural-reclaim,FileList,A,100000,100000,100000,100000,terminal_publish_ms,246.999208,266.835083
v27,T1-natural-reclaim,FileList,A,100000,100000,100000,100000,index_ready_ms,283.48525,309.560583
v27,T1-natural-reclaim,FileList,A,100000,100000,100000,100000,results_ready_ms,283.48525,309.560583
v27,T1-natural-reclaim,FileList,A,100000,100000,100000,100000,full_wait_ms,189.91191700000002,207.195501
v27,T1-natural-reclaim,FileList,A,100000,100000,100000,100000,max_frame_ms,0.704333,1.030209
v27,T1-natural-reclaim,FileList,A,100000,100000,100000,100000,max_ingest_gap_ms,24.070542,24.989375000000003
v27,T1-natural-reclaim,FileList,A,100000,100000,100000,100000,max_no_work_progress_ms,24.070542,24.676625
v27,T1-natural-reclaim,FileList,B,100000,100000,100000,100000,data_publish_end_ms,215.853834,222.852667
v27,T1-natural-reclaim,FileList,B,100000,100000,100000,100000,terminal_publish_ms,215.85416700000002,222.852834
v27,T1-natural-reclaim,FileList,B,100000,100000,100000,100000,index_ready_ms,1323.343875,1362.252709
v27,T1-natural-reclaim,FileList,B,100000,100000,100000,100000,results_ready_ms,1323.343875,1362.252709
v27,T1-natural-reclaim,FileList,B,100000,100000,100000,100000,full_wait_ms,137.563833,143.206001
v27,T1-natural-reclaim,FileList,B,100000,100000,100000,100000,max_frame_ms,1.0839580000000002,1.098459
v27,T1-natural-reclaim,FileList,B,100000,100000,100000,100000,max_ingest_gap_ms,23.864208,24.012167
v27,T1-natural-reclaim,FileList,B,100000,100000,100000,100000,max_no_work_progress_ms,1064.783209,1097.025959
v27,T1-natural-reclaim,Walker,A,100000,100000,100000,100000,data_publish_end_ms,992.6495829999999,1027.656333
v27,T1-natural-reclaim,Walker,A,100000,100000,100000,100000,terminal_publish_ms,992.650333,1027.657125
v27,T1-natural-reclaim,Walker,A,100000,100000,100000,100000,index_ready_ms,1035.627125,1072.581541
v27,T1-natural-reclaim,Walker,A,100000,100000,100000,100000,results_ready_ms,1035.627125,1072.581541
v27,T1-natural-reclaim,Walker,A,100000,100000,100000,100000,full_wait_ms,947.214082,989.393372
v27,T1-natural-reclaim,Walker,A,100000,100000,100000,100000,max_frame_ms,28.307875,30.598958
v27,T1-natural-reclaim,Walker,A,100000,100000,100000,100000,max_ingest_gap_ms,49.524375,51.386583
v27,T1-natural-reclaim,Walker,A,100000,100000,100000,100000,max_no_work_progress_ms,49.524375,51.386583
v27,T1-natural-reclaim,Walker,B,100000,100000,100000,100000,data_publish_end_ms,935.953667,962.041792
v27,T1-natural-reclaim,Walker,B,100000,100000,100000,100000,terminal_publish_ms,935.954292,962.042459
v27,T1-natural-reclaim,Walker,B,100000,100000,100000,100000,index_ready_ms,2051.984542,2103.808625
v27,T1-natural-reclaim,Walker,B,100000,100000,100000,100000,results_ready_ms,2051.984542,2103.808625
v27,T1-natural-reclaim,Walker,B,100000,100000,100000,100000,full_wait_ms,890.533252,914.330541
v27,T1-natural-reclaim,Walker,B,100000,100000,100000,100000,max_frame_ms,26.816792,28.501792000000002
v27,T1-natural-reclaim,Walker,B,100000,100000,100000,100000,max_ingest_gap_ms,43.200250000000004,48.022209000000004
v27,T1-natural-reclaim,Walker,B,100000,100000,100000,100000,max_no_work_progress_ms,1066.964625,1101.0823329999998
v27,T1-promotion,Walker,A,100000,100000,100000,100000,data_publish_end_ms,984.347667,1028.814167
v27,T1-promotion,Walker,A,100000,100000,100000,100000,terminal_publish_ms,984.348875,1028.815209
v27,T1-promotion,Walker,A,100000,100000,100000,100000,index_ready_ms,1009.3283749999999,1047.587
v27,T1-promotion,Walker,A,100000,100000,100000,100000,results_ready_ms,1009.3283749999999,1047.587
v27,T1-promotion,Walker,A,100000,100000,100000,100000,full_wait_ms,937.6146709999999,981.8033379999999
v27,T1-promotion,Walker,A,100000,100000,100000,100000,max_frame_ms,28.469042,29.448292000000002
v27,T1-promotion,Walker,A,100000,100000,100000,100000,max_ingest_gap_ms,49.35175,50.341667
v27,T1-promotion,Walker,A,100000,100000,100000,100000,max_no_work_progress_ms,49.35175,50.341667
v27,T1-promotion,Walker,B,100000,100000,100000,100000,data_publish_end_ms,924.833084,946.0661249999999
v27,T1-promotion,Walker,B,100000,100000,100000,100000,terminal_publish_ms,924.833209,946.06675
v27,T1-promotion,Walker,B,100000,100000,100000,100000,index_ready_ms,2040.005625,2153.996416
v27,T1-promotion,Walker,B,100000,100000,100000,100000,results_ready_ms,2040.005625,2153.996416
v27,T1-promotion,Walker,B,100000,100000,100000,100000,full_wait_ms,885.373504,899.014373
v27,T1-promotion,Walker,B,100000,100000,100000,100000,max_frame_ms,24.94825,27.61275
v27,T1-promotion,Walker,B,100000,100000,100000,100000,max_ingest_gap_ms,913.350166,946.014208
v27,T1-promotion,Walker,B,100000,100000,100000,100000,max_no_work_progress_ms,894.112041,917.2346670000001
v27,W1-deep,Walker,A,100000,100000,100000,100000,data_publish_end_ms,967.4238750000001,976.9334170000001
v27,W1-deep,Walker,A,100000,100000,100000,100000,terminal_publish_ms,967.424958,976.934667
v27,W1-deep,Walker,A,100000,100000,100000,100000,index_ready_ms,993.558917,1002.0294999999999
v27,W1-deep,Walker,A,100000,100000,100000,100000,results_ready_ms,993.558917,1002.0294999999999
v27,W1-deep,Walker,A,100000,100000,100000,100000,full_wait_ms,925.4100830000001,939.5138750000001
v27,W1-deep,Walker,A,100000,100000,100000,100000,max_frame_ms,37.378916999999994,39.371666
v27,W1-deep,Walker,A,100000,100000,100000,100000,max_ingest_gap_ms,55.9675,57.149834
v27,W1-deep,Walker,A,100000,100000,100000,100000,max_no_work_progress_ms,55.9675,57.149834
v27,W1-deep,Walker,B,100000,100000,100000,100000,data_publish_end_ms,978.043584,999.359917
v27,W1-deep,Walker,B,100000,100000,100000,100000,terminal_publish_ms,978.044042,999.3607089999999
v27,W1-deep,Walker,B,100000,100000,100000,100000,index_ready_ms,1003.019667,1018.9340840000001
v27,W1-deep,Walker,B,100000,100000,100000,100000,results_ready_ms,1003.019667,1018.9340840000001
v27,W1-deep,Walker,B,100000,100000,100000,100000,full_wait_ms,937.464834,956.065373
v27,W1-deep,Walker,B,100000,100000,100000,100000,max_frame_ms,38.870166999999995,39.59275
v27,W1-deep,Walker,B,100000,100000,100000,100000,max_ingest_gap_ms,53.804790999999994,58.937917
v27,W1-deep,Walker,B,100000,100000,100000,100000,max_no_work_progress_ms,53.804790999999994,58.937917
v27,W1-follow-links,Walker,A,100000,199998,199998,199998,data_publish_end_ms,2081.4017919999997,2112.754417
v27,W1-follow-links,Walker,A,100000,199998,199998,199998,terminal_publish_ms,2081.402333,2112.75525
v27,W1-follow-links,Walker,A,100000,199998,199998,199998,index_ready_ms,2126.038083,2155.5879170000003
v27,W1-follow-links,Walker,A,100000,199998,199998,199998,results_ready_ms,2126.038083,2155.5879170000003
v27,W1-follow-links,Walker,A,100000,199998,199998,199998,full_wait_ms,2009.6085389999998,2042.8306260000002
v27,W1-follow-links,Walker,A,100000,199998,199998,199998,max_frame_ms,51.61175,52.309208000000005
v27,W1-follow-links,Walker,A,100000,199998,199998,199998,max_ingest_gap_ms,69.054625,72.961459
v27,W1-follow-links,Walker,A,100000,199998,199998,199998,max_no_work_progress_ms,69.054625,72.961459
v27,W1-follow-links,Walker,B,100000,199998,199998,199998,data_publish_end_ms,2077.460209,2101.736708
v27,W1-follow-links,Walker,B,100000,199998,199998,199998,terminal_publish_ms,2077.4614589999996,2101.73775
v27,W1-follow-links,Walker,B,100000,199998,199998,199998,index_ready_ms,2120.879042,2147.048375
v27,W1-follow-links,Walker,B,100000,199998,199998,199998,results_ready_ms,2120.879042,2147.048375
v27,W1-follow-links,Walker,B,100000,199998,199998,199998,full_wait_ms,2007.916495,2033.081882
v27,W1-follow-links,Walker,B,100000,199998,199998,199998,max_frame_ms,51.647375000000004,54.384625
v27,W1-follow-links,Walker,B,100000,199998,199998,199998,max_ingest_gap_ms,69.512292,75.11358299999999
v27,W1-follow-links,Walker,B,100000,199998,199998,199998,max_no_work_progress_ms,69.512292,75.11358299999999
v27,W1-wide,Walker,A,100000,100000,100000,100000,data_publish_end_ms,1002.7843750000001,1030.01475
v27,W1-wide,Walker,A,100000,100000,100000,100000,terminal_publish_ms,1002.784834,1030.015959
v27,W1-wide,Walker,A,100000,100000,100000,100000,index_ready_ms,1027.290792,1055.473875
v27,W1-wide,Walker,A,100000,100000,100000,100000,results_ready_ms,1027.290792,1055.473875
v27,W1-wide,Walker,A,100000,100000,100000,100000,full_wait_ms,976.694873,1003.7941699999999
v27,W1-wide,Walker,A,100000,100000,100000,100000,max_frame_ms,30.686833,31.634666
v27,W1-wide,Walker,A,100000,100000,100000,100000,max_ingest_gap_ms,49.216667,51.670291999999996
v27,W1-wide,Walker,A,100000,100000,100000,100000,max_no_work_progress_ms,49.216667,51.670291999999996
v27,W1-wide,Walker,B,100000,100000,100000,100000,data_publish_end_ms,1005.2629580000001,1032.009583
v27,W1-wide,Walker,B,100000,100000,100000,100000,terminal_publish_ms,1005.263625,1032.01
v27,W1-wide,Walker,B,100000,100000,100000,100000,index_ready_ms,1023.773833,1057.914292
v27,W1-wide,Walker,B,100000,100000,100000,100000,results_ready_ms,1023.773833,1057.914292
v27,W1-wide,Walker,B,100000,100000,100000,100000,full_wait_ms,980.709913,1007.1267479999999
v27,W1-wide,Walker,B,100000,100000,100000,100000,max_frame_ms,29.747916999999998,32.03025
v27,W1-wide,Walker,B,100000,100000,100000,100000,max_ingest_gap_ms,49.112667,52.162542
v27,W1-wide,Walker,B,100000,100000,100000,100000,max_no_work_progress_ms,49.112667,52.162542
v28,F1-filelist-parser-files,FileList,A,100000,80000,80000,80000,data_publish_end_ms,235.35075,238.85179200000002
v28,F1-filelist-parser-files,FileList,A,100000,80000,80000,80000,terminal_publish_ms,235.351042,238.85187499999998
v28,F1-filelist-parser-files,FileList,A,100000,80000,80000,80000,full_wait_ms,4.556458999999999,6.041666
v28,F1-filelist-parser-files,FileList,A,100000,80000,80000,80000,max_ingest_gap_ms,24.047208,24.068333
v28,F1-filelist-parser-files,FileList,A,100000,80000,80000,80000,max_no_work_progress_ms,24.047208,24.068333
v28,F1-filelist-parser-files,FileList,A,100000,80000,80000,80000,worker_drained_ms,251.284959,263.416333
v28,F1-filelist-parser-files,FileList,B,100000,80000,80000,80000,data_publish_end_ms,238.691291,243.641667
v28,F1-filelist-parser-files,FileList,B,100000,80000,80000,80000,terminal_publish_ms,238.691416,243.641792
v28,F1-filelist-parser-files,FileList,B,100000,80000,80000,80000,full_wait_ms,6.068916,9.103041
v28,F1-filelist-parser-files,FileList,B,100000,80000,80000,80000,max_ingest_gap_ms,24.022624999999998,24.093708
v28,F1-filelist-parser-files,FileList,B,100000,80000,80000,80000,max_no_work_progress_ms,24.022624999999998,24.093708
v28,F1-filelist-parser-files,FileList,B,100000,80000,80000,80000,worker_drained_ms,256.858625,260.405083
v28,F1-filelist-parser-folders,FileList,A,100000,20000,20000,20000,data_publish_end_ms,207.437917,208.85858299999998
v28,F1-filelist-parser-folders,FileList,A,100000,20000,20000,20000,terminal_publish_ms,207.438084,208.858708
v28,F1-filelist-parser-folders,FileList,A,100000,20000,20000,20000,full_wait_ms,0.0,0.0
v28,F1-filelist-parser-folders,FileList,A,100000,20000,20000,20000,max_ingest_gap_ms,24.019416,24.023542
v28,F1-filelist-parser-folders,FileList,A,100000,20000,20000,20000,max_no_work_progress_ms,24.019416,24.023542
v28,F1-filelist-parser-folders,FileList,A,100000,20000,20000,20000,worker_drained_ms,218.774709,227.16133299999998
v28,F1-filelist-parser-folders,FileList,B,100000,20000,20000,20000,data_publish_end_ms,208.115042,210.509709
v28,F1-filelist-parser-folders,FileList,B,100000,20000,20000,20000,terminal_publish_ms,208.115209,210.50975
v28,F1-filelist-parser-folders,FileList,B,100000,20000,20000,20000,full_wait_ms,0.0,0.0
v28,F1-filelist-parser-folders,FileList,B,100000,20000,20000,20000,max_ingest_gap_ms,24.015417,24.019375
v28,F1-filelist-parser-folders,FileList,B,100000,20000,20000,20000,max_no_work_progress_ms,24.015417,24.019375
v28,F1-filelist-parser-folders,FileList,B,100000,20000,20000,20000,worker_drained_ms,218.952,229.756167
v28,F1-files,Walker,A,100000,80000,80000,80000,data_publish_end_ms,772.660208,802.5551250000001
v28,F1-files,Walker,A,100000,80000,80000,80000,terminal_publish_ms,772.660708,802.555625
v28,F1-files,Walker,A,100000,80000,80000,80000,index_ready_ms,814.643958,846.872541
v28,F1-files,Walker,A,100000,80000,80000,80000,results_ready_ms,814.643958,846.872541
v28,F1-files,Walker,A,100000,80000,80000,80000,full_wait_ms,754.3594569999999,781.625668
v28,F1-files,Walker,A,100000,80000,80000,80000,max_frame_ms,7.779917,8.726750000000001
v28,F1-files,Walker,A,100000,80000,80000,80000,max_ingest_gap_ms,25.709208,30.393917
v28,F1-files,Walker,A,100000,80000,80000,80000,max_no_work_progress_ms,25.709208,30.393917
v28,F1-files,Walker,B,100000,80000,80000,80000,data_publish_end_ms,775.1051249999999,802.1135
v28,F1-files,Walker,B,100000,80000,80000,80000,terminal_publish_ms,775.105542,802.113791
v28,F1-files,Walker,B,100000,80000,80000,80000,index_ready_ms,817.2937919999999,834.716625
v28,F1-files,Walker,B,100000,80000,80000,80000,results_ready_ms,817.2937919999999,834.716625
v28,F1-files,Walker,B,100000,80000,80000,80000,full_wait_ms,756.7789240000001,782.910919
v28,F1-files,Walker,B,100000,80000,80000,80000,max_frame_ms,7.79,7.933292
v28,F1-files,Walker,B,100000,80000,80000,80000,max_ingest_gap_ms,24.97925,29.355292000000002
v28,F1-files,Walker,B,100000,80000,80000,80000,max_no_work_progress_ms,24.97925,29.355292000000002
v28,F1-folders,Walker,A,100000,20000,20000,20000,data_publish_end_ms,215.166167,222.698375
v28,F1-folders,Walker,A,100000,20000,20000,20000,terminal_publish_ms,215.16625,222.69870799999998
v28,F1-folders,Walker,A,100000,20000,20000,20000,index_ready_ms,232.125625,238.07220800000002
v28,F1-folders,Walker,A,100000,20000,20000,20000,results_ready_ms,232.125625,238.07220800000002
v28,F1-folders,Walker,A,100000,20000,20000,20000,full_wait_ms,29.570583000000003,69.576834
v28,F1-folders,Walker,A,100000,20000,20000,20000,max_frame_ms,3.269375,3.878542
v28,F1-folders,Walker,A,100000,20000,20000,20000,max_ingest_gap_ms,25.071583,27.663625
v28,F1-folders,Walker,A,100000,20000,20000,20000,max_no_work_progress_ms,24.873708,27.469958
v28,F1-folders,Walker,B,100000,20000,20000,20000,data_publish_end_ms,215.006625,250.26637499999998
v28,F1-folders,Walker,B,100000,20000,20000,20000,terminal_publish_ms,215.006708,250.26654100000002
v28,F1-folders,Walker,B,100000,20000,20000,20000,index_ready_ms,221.455,266.41020799999995
v28,F1-folders,Walker,B,100000,20000,20000,20000,results_ready_ms,221.455,266.41020799999995
v28,F1-folders,Walker,B,100000,20000,20000,20000,full_wait_ms,31.405457999999996,43.575918
v28,F1-folders,Walker,B,100000,20000,20000,20000,max_frame_ms,2.662833,3.378792
v28,F1-folders,Walker,B,100000,20000,20000,20000,max_ingest_gap_ms,26.228833,27.251625
v28,F1-folders,Walker,B,100000,20000,20000,20000,max_no_work_progress_ms,26.03575,27.073583
v28,F1-ignore-list,FileList,A,100000,100000,100000,100000,data_publish_end_ms,237.522208,244.3305
v28,F1-ignore-list,FileList,A,100000,100000,100000,100000,terminal_publish_ms,237.522541,244.33083299999998
v28,F1-ignore-list,FileList,A,100000,100000,100000,100000,index_ready_ms,250.647833,274.009083
v28,F1-ignore-list,FileList,A,100000,100000,100000,100000,results_ready_ms,250.647833,274.009083
v28,F1-ignore-list,FileList,A,100000,100000,100000,100000,full_wait_ms,183.107333,189.269959
v28,F1-ignore-list,FileList,A,100000,100000,100000,100000,max_frame_ms,0.803292,2.016667
v28,F1-ignore-list,FileList,A,100000,100000,100000,100000,max_ingest_gap_ms,24.008292,24.422625
v28,F1-ignore-list,FileList,A,100000,100000,100000,100000,max_no_work_progress_ms,24.008292,24.177042
v28,F1-ignore-list,FileList,B,100000,100000,100000,100000,data_publish_end_ms,230.104166,243.649042
v28,F1-ignore-list,FileList,B,100000,100000,100000,100000,terminal_publish_ms,230.10454099999998,243.64933399999998
v28,F1-ignore-list,FileList,B,100000,100000,100000,100000,index_ready_ms,283.670667,329.596334
v28,F1-ignore-list,FileList,B,100000,100000,100000,100000,results_ready_ms,283.670667,329.596334
v28,F1-ignore-list,FileList,B,100000,100000,100000,100000,full_wait_ms,174.711291,186.33183400000001
v28,F1-ignore-list,FileList,B,100000,100000,100000,100000,max_frame_ms,5.627958,5.803624999999999
v28,F1-ignore-list,FileList,B,100000,100000,100000,100000,max_ingest_gap_ms,26.171625,28.416041
v28,F1-ignore-list,FileList,B,100000,100000,100000,100000,max_no_work_progress_ms,25.927042,28.184084000000002
v28,F1-ignore-list,Walker,A,100000,100000,100000,100000,data_publish_end_ms,920.064792,944.29125
v28,F1-ignore-list,Walker,A,100000,100000,100000,100000,terminal_publish_ms,920.065208,944.291625
v28,F1-ignore-list,Walker,A,100000,100000,100000,100000,index_ready_ms,940.346917,967.5442909999999
v28,F1-ignore-list,Walker,A,100000,100000,100000,100000,results_ready_ms,940.346917,967.5442909999999
v28,F1-ignore-list,Walker,A,100000,100000,100000,100000,full_wait_ms,901.667291,925.366291
v28,F1-ignore-list,Walker,A,100000,100000,100000,100000,max_frame_ms,8.316542,9.99
v28,F1-ignore-list,Walker,A,100000,100000,100000,100000,max_ingest_gap_ms,29.325,33.256916999999994
v28,F1-ignore-list,Walker,A,100000,100000,100000,100000,max_no_work_progress_ms,29.325,33.256916999999994
v28,F1-ignore-list,Walker,B,100000,100000,100000,100000,data_publish_end_ms,933.821709,947.683041
v28,F1-ignore-list,Walker,B,100000,100000,100000,100000,terminal_publish_ms,933.821875,947.683416
v28,F1-ignore-list,Walker,B,100000,100000,100000,100000,index_ready_ms,978.650875,985.097167
v28,F1-ignore-list,Walker,B,100000,100000,100000,100000,results_ready_ms,978.650875,985.097167
v28,F1-ignore-list,Walker,B,100000,100000,100000,100000,full_wait_ms,915.3505819999999,929.1085439999999
v28,F1-ignore-list,Walker,B,100000,100000,100000,100000,max_frame_ms,7.8920840000000005,8.082249999999998
v28,F1-ignore-list,Walker,B,100000,100000,100000,100000,max_ingest_gap_ms,25.739792,26.569583
v28,F1-ignore-list,Walker,B,100000,100000,100000,100000,max_no_work_progress_ms,25.730625,26.3705
v28,F1-mid-ignore,FileList,A,100000,100000,100000,100000,data_publish_end_ms,244.132792,247.151459
v28,F1-mid-ignore,FileList,A,100000,100000,100000,100000,terminal_publish_ms,244.132959,247.151792
v28,F1-mid-ignore,FileList,A,100000,100000,100000,100000,index_ready_ms,262.12912500000004,271.536458
v28,F1-mid-ignore,FileList,A,100000,100000,100000,100000,results_ready_ms,262.12912500000004,271.536458
v28,F1-mid-ignore,FileList,A,100000,100000,100000,100000,full_wait_ms,188.879708,192.95041700000002
v28,F1-mid-ignore,FileList,A,100000,100000,100000,100000,max_frame_ms,0.790166,2.519625
v28,F1-mid-ignore,FileList,A,100000,100000,100000,100000,max_ingest_gap_ms,24.044625,26.176458999999998
v28,F1-mid-ignore,FileList,A,100000,100000,100000,100000,max_no_work_progress_ms,24.044625,26.176458999999998
v28,F1-mid-ignore,FileList,B,100000,100000,100000,100000,data_publish_end_ms,295.358084,300.276916
v28,F1-mid-ignore,FileList,B,100000,100000,100000,100000,terminal_publish_ms,295.358334,300.277083
v28,F1-mid-ignore,FileList,B,100000,100000,100000,100000,index_ready_ms,387.02270799999997,424.274625
v28,F1-mid-ignore,FileList,B,100000,100000,100000,100000,results_ready_ms,387.02270799999997,424.274625
v28,F1-mid-ignore,FileList,B,100000,100000,100000,100000,full_wait_ms,176.64416699999998,184.394664
v28,F1-mid-ignore,FileList,B,100000,100000,100000,100000,max_frame_ms,5.6003750000000005,5.895125
v28,F1-mid-ignore,FileList,B,100000,100000,100000,100000,max_ingest_gap_ms,79.90750000000001,86.464
v28,F1-mid-ignore,FileList,B,100000,100000,100000,100000,max_no_work_progress_ms,24.711541,27.006667
v28,F1-mid-ignore,Walker,A,100000,100000,100000,100000,data_publish_end_ms,970.494875,984.275
v28,F1-mid-ignore,Walker,A,100000,100000,100000,100000,terminal_publish_ms,970.495208,984.275334
v28,F1-mid-ignore,Walker,A,100000,100000,100000,100000,index_ready_ms,988.681542,1008.739625
v28,F1-mid-ignore,Walker,A,100000,100000,100000,100000,results_ready_ms,988.681542,1008.739625
v28,F1-mid-ignore,Walker,A,100000,100000,100000,100000,full_wait_ms,951.256125,965.386833
v28,F1-mid-ignore,Walker,A,100000,100000,100000,100000,max_frame_ms,8.598417000000001,10.128916
v28,F1-mid-ignore,Walker,A,100000,100000,100000,100000,max_ingest_gap_ms,26.947958,32.494958
v28,F1-mid-ignore,Walker,A,100000,100000,100000,100000,max_no_work_progress_ms,26.947958,32.494958
v28,F1-mid-ignore,Walker,B,100000,100000,100000,100000,data_publish_end_ms,1062.413959,1094.602542
v28,F1-mid-ignore,Walker,B,100000,100000,100000,100000,terminal_publish_ms,1062.414292,1094.6029589999998
v28,F1-mid-ignore,Walker,B,100000,100000,100000,100000,index_ready_ms,1100.1478339999999,1134.342959
v28,F1-mid-ignore,Walker,B,100000,100000,100000,100000,results_ready_ms,1100.1478339999999,1134.342959
v28,F1-mid-ignore,Walker,B,100000,100000,100000,100000,full_wait_ms,922.1242090000001,947.566625
v28,F1-mid-ignore,Walker,B,100000,100000,100000,100000,max_frame_ms,8.668875,9.296459
v28,F1-mid-ignore,Walker,B,100000,100000,100000,100000,max_ingest_gap_ms,135.958708,143.85779200000002
v28,F1-mid-ignore,Walker,B,100000,100000,100000,100000,max_no_work_progress_ms,25.277833,28.483209
v28,H1-early,FileList,A,100000,100000,200000,200000,data_publish_end_ms,755.236833,768.4855
v28,H1-early,FileList,A,100000,100000,200000,200000,terminal_publish_ms,755.2378749999999,768.486
v28,H1-early,FileList,A,100000,100000,200000,200000,index_ready_ms,773.0403329999999,790.8071669999999
v28,H1-early,FileList,A,100000,100000,200000,200000,results_ready_ms,773.0403329999999,790.8071669999999
v28,H1-early,FileList,A,100000,100000,200000,200000,full_wait_ms,416.687749,423.064083
v28,H1-early,FileList,A,100000,100000,200000,200000,max_frame_ms,1.4238339999999998,1.9400419999999998
v28,H1-early,FileList,A,100000,100000,200000,200000,max_ingest_gap_ms,23.939583,24.116625
v28,H1-early,FileList,A,100000,100000,200000,200000,max_no_work_progress_ms,283.319125,307.416083
v28,H1-early,FileList,B,100000,100000,200000,200000,data_publish_end_ms,749.897708,771.9215
v28,H1-early,FileList,B,100000,100000,200000,200000,terminal_publish_ms,749.899041,771.922291
v28,H1-early,FileList,B,100000,100000,200000,200000,index_ready_ms,767.435166,793.464125
v28,H1-early,FileList,B,100000,100000,200000,200000,results_ready_ms,767.435166,793.464125
v28,H1-early,FileList,B,100000,100000,200000,200000,full_wait_ms,411.526713,439.62662400000005
v28,H1-early,FileList,B,100000,100000,200000,200000,max_frame_ms,1.445916,5.312667
v28,H1-early,FileList,B,100000,100000,200000,200000,max_ingest_gap_ms,23.960917000000002,24.929333
v28,H1-early,FileList,B,100000,100000,200000,200000,max_no_work_progress_ms,279.734542,290.419375
v28,H1-late,FileList,A,100000,100000,200000,200000,data_publish_end_ms,785.196375,811.298625
v28,H1-late,FileList,A,100000,100000,200000,200000,terminal_publish_ms,785.1974160000001,811.299708
v28,H1-late,FileList,A,100000,100000,200000,200000,index_ready_ms,808.792083,828.887417
v28,H1-late,FileList,A,100000,100000,200000,200000,results_ready_ms,808.792083,828.887417
v28,H1-late,FileList,A,100000,100000,200000,200000,full_wait_ms,414.28474900000003,436.825624
v28,H1-late,FileList,A,100000,100000,200000,200000,max_frame_ms,0.9791249999999999,4.207875
v28,H1-late,FileList,A,100000,100000,200000,200000,max_ingest_gap_ms,23.9585,25.145042
v28,H1-late,FileList,A,100000,100000,200000,200000,max_no_work_progress_ms,319.96045899999996,328.247292
v28,H1-late,FileList,B,100000,100000,200000,200000,data_publish_end_ms,780.130709,809.9378750000001
v28,H1-late,FileList,B,100000,100000,200000,200000,terminal_publish_ms,780.1313749999999,809.9382499999999
v28,H1-late,FileList,B,100000,100000,200000,200000,index_ready_ms,802.517167,845.309
v28,H1-late,FileList,B,100000,100000,200000,200000,results_ready_ms,802.517167,845.309
v28,H1-late,FileList,B,100000,100000,200000,200000,full_wait_ms,415.26625099999995,439.645043
v28,H1-late,FileList,B,100000,100000,200000,200000,max_frame_ms,1.2445,14.820834
v28,H1-late,FileList,B,100000,100000,200000,200000,max_ingest_gap_ms,24.0115,24.731040999999998
v28,H1-late,FileList,B,100000,100000,200000,200000,max_no_work_progress_ms,315.617375,321.127333
v28,O1-modified-shown,FileList,A,100000,100000,100000,100000,data_publish_end_ms,238.750667,245.35654200000002
v28,O1-modified-shown,FileList,A,100000,100000,100000,100000,terminal_publish_ms,238.75091700000002,245.35695900000002
v28,O1-modified-shown,FileList,A,100000,100000,100000,100000,index_ready_ms,251.454,265.53025
v28,O1-modified-shown,FileList,A,100000,100000,100000,100000,results_ready_ms,251.454,265.53025
v28,O1-modified-shown,FileList,A,100000,100000,100000,100000,full_wait_ms,184.753584,189.608584
v28,O1-modified-shown,FileList,A,100000,100000,100000,100000,max_frame_ms,0.803708,2.139208
v28,O1-modified-shown,FileList,A,100000,100000,100000,100000,max_ingest_gap_ms,23.997042,24.679708
v28,O1-modified-shown,FileList,A,100000,100000,100000,100000,max_no_work_progress_ms,23.997042,24.679708
v28,O1-modified-shown,FileList,B,100000,100000,100000,100000,data_publish_end_ms,245.883458,250.227208
v28,O1-modified-shown,FileList,B,100000,100000,100000,100000,terminal_publish_ms,245.883666,250.227417
v28,O1-modified-shown,FileList,B,100000,100000,100000,100000,index_ready_ms,264.931792,271.041208
v28,O1-modified-shown,FileList,B,100000,100000,100000,100000,results_ready_ms,264.931792,271.041208
v28,O1-modified-shown,FileList,B,100000,100000,100000,100000,full_wait_ms,194.220001,196.14346
v28,O1-modified-shown,FileList,B,100000,100000,100000,100000,max_frame_ms,1.338084,1.4243750000000002
v28,O1-modified-shown,FileList,B,100000,100000,100000,100000,max_ingest_gap_ms,24.446083,24.999208
v28,O1-modified-shown,FileList,B,100000,100000,100000,100000,max_no_work_progress_ms,24.446083,24.731291
v28,O1-modified-shown,Walker,A,100000,100000,100000,100000,data_publish_end_ms,939.877708,977.556458
v28,O1-modified-shown,Walker,A,100000,100000,100000,100000,terminal_publish_ms,939.8779579999999,977.556833
v28,O1-modified-shown,Walker,A,100000,100000,100000,100000,index_ready_ms,962.2625,1000.87575
v28,O1-modified-shown,Walker,A,100000,100000,100000,100000,results_ready_ms,962.2625,1000.87575
v28,O1-modified-shown,Walker,A,100000,100000,100000,100000,full_wait_ms,921.000457,957.530918
v28,O1-modified-shown,Walker,A,100000,100000,100000,100000,max_frame_ms,8.808375,9.624458
v28,O1-modified-shown,Walker,A,100000,100000,100000,100000,max_ingest_gap_ms,29.139083,32.404625
v28,O1-modified-shown,Walker,A,100000,100000,100000,100000,max_no_work_progress_ms,29.139083,32.404625
v28,O1-modified-shown,Walker,B,100000,100000,100000,100000,data_publish_end_ms,945.33,955.058708
v28,O1-modified-shown,Walker,B,100000,100000,100000,100000,terminal_publish_ms,945.330209,955.059125
v28,O1-modified-shown,Walker,B,100000,100000,100000,100000,index_ready_ms,965.152625,979.070375
v28,O1-modified-shown,Walker,B,100000,100000,100000,100000,results_ready_ms,965.152625,979.070375
v28,O1-modified-shown,Walker,B,100000,100000,100000,100000,full_wait_ms,926.215879,936.731047
v28,O1-modified-shown,Walker,B,100000,100000,100000,100000,max_frame_ms,8.299707999999999,8.887042
v28,O1-modified-shown,Walker,B,100000,100000,100000,100000,max_ingest_gap_ms,27.792667,32.321000000000005
v28,O1-modified-shown,Walker,B,100000,100000,100000,100000,max_no_work_progress_ms,27.792667,32.321000000000005
v28,O1-name-shown,FileList,A,100000,100000,100000,100000,data_publish_end_ms,242.50383300000001,263.25933299999997
v28,O1-name-shown,FileList,A,100000,100000,100000,100000,terminal_publish_ms,242.504166,263.259666
v28,O1-name-shown,FileList,A,100000,100000,100000,100000,index_ready_ms,258.97125,281.67150000000004
v28,O1-name-shown,FileList,A,100000,100000,100000,100000,results_ready_ms,258.97125,281.67150000000004
v28,O1-name-shown,FileList,A,100000,100000,100000,100000,full_wait_ms,189.07495799999998,207.41941699999998
v28,O1-name-shown,FileList,A,100000,100000,100000,100000,max_frame_ms,0.8047920000000001,2.1165
v28,O1-name-shown,FileList,A,100000,100000,100000,100000,max_ingest_gap_ms,23.991584,25.738875
v28,O1-name-shown,FileList,A,100000,100000,100000,100000,max_no_work_progress_ms,23.991584,25.738875
v28,O1-name-shown,FileList,B,100000,100000,100000,100000,data_publish_end_ms,244.44191700000002,248.14962500000001
v28,O1-name-shown,FileList,B,100000,100000,100000,100000,terminal_publish_ms,244.44216699999998,248.14987499999998
v28,O1-name-shown,FileList,B,100000,100000,100000,100000,index_ready_ms,262.462291,271.167666
v28,O1-name-shown,FileList,B,100000,100000,100000,100000,results_ready_ms,262.462291,271.167666
v28,O1-name-shown,FileList,B,100000,100000,100000,100000,full_wait_ms,190.50679300000002,191.883334
v28,O1-name-shown,FileList,B,100000,100000,100000,100000,max_frame_ms,0.8095,0.907
v28,O1-name-shown,FileList,B,100000,100000,100000,100000,max_ingest_gap_ms,24.973916,25.020208
v28,O1-name-shown,FileList,B,100000,100000,100000,100000,max_no_work_progress_ms,24.713333000000002,24.791667
v28,O1-name-shown,Walker,A,100000,100000,100000,100000,data_publish_end_ms,942.4984589999999,985.48275
v28,O1-name-shown,Walker,A,100000,100000,100000,100000,terminal_publish_ms,942.498834,985.483083
v28,O1-name-shown,Walker,A,100000,100000,100000,100000,index_ready_ms,964.681833,1008.694833
v28,O1-name-shown,Walker,A,100000,100000,100000,100000,results_ready_ms,964.681833,1008.694833
v28,O1-name-shown,Walker,A,100000,100000,100000,100000,full_wait_ms,924.833995,966.6247559999999
v28,O1-name-shown,Walker,A,100000,100000,100000,100000,max_frame_ms,7.996458,9.665750000000001
v28,O1-name-shown,Walker,A,100000,100000,100000,100000,max_ingest_gap_ms,25.915291,32.862875
v28,O1-name-shown,Walker,A,100000,100000,100000,100000,max_no_work_progress_ms,25.915291,32.862875
v28,O1-name-shown,Walker,B,100000,100000,100000,100000,data_publish_end_ms,936.5973749999999,990.796041
v28,O1-name-shown,Walker,B,100000,100000,100000,100000,terminal_publish_ms,936.597625,990.7965829999999
v28,O1-name-shown,Walker,B,100000,100000,100000,100000,index_ready_ms,959.956917,1012.0343750000001
v28,O1-name-shown,Walker,B,100000,100000,100000,100000,results_ready_ms,959.956917,1012.0343750000001
v28,O1-name-shown,Walker,B,100000,100000,100000,100000,full_wait_ms,917.277043,970.818666
v28,O1-name-shown,Walker,B,100000,100000,100000,100000,max_frame_ms,8.290334,9.386624999999999
v28,O1-name-shown,Walker,B,100000,100000,100000,100000,max_ingest_gap_ms,26.725167000000003,32.662749999999996
v28,O1-name-shown,Walker,B,100000,100000,100000,100000,max_no_work_progress_ms,26.725167000000003,32.662749999999996
v28,P1-preview,FileList,A,100000,100000,100000,100000,data_publish_end_ms,233.491167,245.04425
v28,P1-preview,FileList,A,100000,100000,100000,100000,terminal_publish_ms,233.491417,245.044459
v28,P1-preview,FileList,A,100000,100000,100000,100000,index_ready_ms,1224.208333,1238.9342080000001
v28,P1-preview,FileList,A,100000,100000,100000,100000,results_ready_ms,1224.208333,1238.9342080000001
v28,P1-preview,FileList,A,100000,100000,100000,100000,full_wait_ms,180.948165,192.762415
v28,P1-preview,FileList,A,100000,100000,100000,100000,max_frame_ms,1.005125,1.132292
v28,P1-preview,FileList,A,100000,100000,100000,100000,max_ingest_gap_ms,992.559333,1013.339042
v28,P1-preview,FileList,A,100000,100000,100000,100000,max_no_work_progress_ms,973.5534580000001,990.506666
v28,P1-preview,FileList,B,100000,100000,100000,100000,data_publish_end_ms,239.406917,250.49512499999997
v28,P1-preview,FileList,B,100000,100000,100000,100000,terminal_publish_ms,239.407125,250.495333
v28,P1-preview,FileList,B,100000,100000,100000,100000,index_ready_ms,1227.851,1250.448
v28,P1-preview,FileList,B,100000,100000,100000,100000,results_ready_ms,1227.851,1250.448
v28,P1-preview,FileList,B,100000,100000,100000,100000,full_wait_ms,188.607665,196.110626
v28,P1-preview,FileList,B,100000,100000,100000,100000,max_frame_ms,1.181208,1.636167
v28,P1-preview,FileList,B,100000,100000,100000,100000,max_ingest_gap_ms,988.41175,1023.5850420000002
v28,P1-preview,FileList,B,100000,100000,100000,100000,max_no_work_progress_ms,964.407708,999.524709
v28,P1-preview,Walker,A,100000,100000,100000,100000,data_publish_end_ms,956.705834,975.4264999999999
v28,P1-preview,Walker,A,100000,100000,100000,100000,terminal_publish_ms,956.706375,975.426916
v28,P1-preview,Walker,A,100000,100000,100000,100000,index_ready_ms,1954.0960830000001,1968.194333
v28,P1-preview,Walker,A,100000,100000,100000,100000,results_ready_ms,1954.0960830000001,1968.194333
v28,P1-preview,Walker,A,100000,100000,100000,100000,full_wait_ms,913.263792,929.591169
v28,P1-preview,Walker,A,100000,100000,100000,100000,max_frame_ms,1.1077089999999998,1.30075
v28,P1-preview,Walker,A,100000,100000,100000,100000,max_ingest_gap_ms,1003.5885840000001,1010.426542
v28,P1-preview,Walker,A,100000,100000,100000,100000,max_no_work_progress_ms,980.779167,986.857625
v28,P1-preview,Walker,B,100000,100000,100000,100000,data_publish_end_ms,932.8282919999999,975.855542
v28,P1-preview,Walker,B,100000,100000,100000,100000,terminal_publish_ms,932.8293749999999,975.856209
v28,P1-preview,Walker,B,100000,100000,100000,100000,index_ready_ms,1909.1577499999999,1942.3314999999998
v28,P1-preview,Walker,B,100000,100000,100000,100000,results_ready_ms,1909.1577499999999,1942.3314999999998
v28,P1-preview,Walker,B,100000,100000,100000,100000,full_wait_ms,888.7480869999999,926.61867
v28,P1-preview,Walker,B,100000,100000,100000,100000,max_frame_ms,1.169959,1.316458
v28,P1-preview,Walker,B,100000,100000,100000,100000,max_ingest_gap_ms,969.4669580000001,1012.6977919999999
v28,P1-preview,Walker,B,100000,100000,100000,100000,max_no_work_progress_ms,952.2138329999999,988.781084
v28,R1-natural,FileList,A,100000,100000,100000,100000,data_publish_end_ms,243.174792,255.95133399999997
v28,R1-natural,FileList,A,100000,100000,100000,100000,terminal_publish_ms,243.17512499999998,255.951875
v28,R1-natural,FileList,A,100000,100000,100000,100000,index_ready_ms,276.188459,295.145834
v28,R1-natural,FileList,A,100000,100000,100000,100000,results_ready_ms,276.188459,295.145834
v28,R1-natural,FileList,A,100000,100000,100000,100000,full_wait_ms,187.58091299999998,197.70295800000002
v28,R1-natural,FileList,A,100000,100000,100000,100000,max_frame_ms,0.6495420000000001,0.7298749999999999
v28,R1-natural,FileList,A,100000,100000,100000,100000,max_ingest_gap_ms,24.009,24.701792
v28,R1-natural,FileList,A,100000,100000,100000,100000,max_no_work_progress_ms,24.006875,24.378792
v28,R1-natural,FileList,B,100000,100000,100000,100000,data_publish_end_ms,236.364542,248.448333
v28,R1-natural,FileList,B,100000,100000,100000,100000,terminal_publish_ms,236.36495900000003,248.448667
v28,R1-natural,FileList,B,100000,100000,100000,100000,index_ready_ms,275.310584,282.92850000000004
v28,R1-natural,FileList,B,100000,100000,100000,100000,results_ready_ms,275.310584,282.92850000000004
v28,R1-natural,FileList,B,100000,100000,100000,100000,full_wait_ms,179.077751,189.643002
v28,R1-natural,FileList,B,100000,100000,100000,100000,max_frame_ms,0.6427499999999999,0.675042
v28,R1-natural,FileList,B,100000,100000,100000,100000,max_ingest_gap_ms,24.008667000000003,24.689375
v28,R1-natural,FileList,B,100000,100000,100000,100000,max_no_work_progress_ms,23.985125,24.348333
v28,R1-natural,Walker,A,100000,100000,100000,100000,data_publish_end_ms,957.2095,981.774667
v28,R1-natural,Walker,A,100000,100000,100000,100000,terminal_publish_ms,957.210334,981.775292
v28,R1-natural,Walker,A,100000,100000,100000,100000,index_ready_ms,1001.2175000000001,1025.705917
v28,R1-natural,Walker,A,100000,100000,100000,100000,results_ready_ms,1001.2175000000001,1025.705917
v28,R1-natural,Walker,A,100000,100000,100000,100000,full_wait_ms,915.1659589999999,936.2931639999999
v28,R1-natural,Walker,A,100000,100000,100000,100000,max_frame_ms,27.768458,28.581875
v28,R1-natural,Walker,A,100000,100000,100000,100000,max_ingest_gap_ms,45.077042,45.849041
v28,R1-natural,Walker,A,100000,100000,100000,100000,max_no_work_progress_ms,45.077042,45.849041
v28,R1-natural,Walker,B,100000,100000,100000,100000,data_publish_end_ms,995.969917,1014.1234589999999
v28,R1-natural,Walker,B,100000,100000,100000,100000,terminal_publish_ms,995.9707920000001,1014.1241249999999
v28,R1-natural,Walker,B,100000,100000,100000,100000,index_ready_ms,1035.824292,1060.27675
v28,R1-natural,Walker,B,100000,100000,100000,100000,results_ready_ms,1035.824292,1060.27675
v28,R1-natural,Walker,B,100000,100000,100000,100000,full_wait_ms,948.7882079999999,989.2864989999999
v28,R1-natural,Walker,B,100000,100000,100000,100000,max_frame_ms,28.555958,29.098375
v28,R1-natural,Walker,B,100000,100000,100000,100000,max_ingest_gap_ms,47.825375,49.789916
v28,R1-natural,Walker,B,100000,100000,100000,100000,max_no_work_progress_ms,47.825375,49.789916
v28,S1-ignore,FileList,A,100000,100000,100000,100000,data_publish_end_ms,231.0745,233.74154099999998
v28,S1-ignore,FileList,A,100000,100000,100000,100000,terminal_publish_ms,231.074834,233.741875
v28,S1-ignore,FileList,A,100000,100000,100000,100000,index_ready_ms,288.34162499999996,327.897625
v28,S1-ignore,FileList,A,100000,100000,100000,100000,results_ready_ms,288.34162499999996,327.897625
v28,S1-ignore,FileList,A,100000,100000,100000,100000,full_wait_ms,180.744498,183.249872
v28,S1-ignore,FileList,A,100000,100000,100000,100000,max_frame_ms,5.738333,5.758375
v28,S1-ignore,FileList,A,100000,100000,100000,100000,max_ingest_gap_ms,26.576584,28.119000000000003
v28,S1-ignore,FileList,A,100000,100000,100000,100000,max_no_work_progress_ms,26.35725,27.877167
v28,S1-ignore,FileList,B,100000,100000,100000,100000,data_publish_end_ms,241.80837499999998,249.588584
v28,S1-ignore,FileList,B,100000,100000,100000,100000,terminal_publish_ms,241.808541,249.588875
v28,S1-ignore,FileList,B,100000,100000,100000,100000,index_ready_ms,303.39883299999997,325.82629099999997
v28,S1-ignore,FileList,B,100000,100000,100000,100000,results_ready_ms,303.39883299999997,325.82629099999997
v28,S1-ignore,FileList,B,100000,100000,100000,100000,full_wait_ms,190.52450100000001,195.440164
v28,S1-ignore,FileList,B,100000,100000,100000,100000,max_frame_ms,4.137334,4.198417
v28,S1-ignore,FileList,B,100000,100000,100000,100000,max_ingest_gap_ms,27.576666,28.096666
v28,S1-ignore,FileList,B,100000,100000,100000,100000,max_no_work_progress_ms,27.31825,27.852458
v28,S1-ignore,Walker,A,100000,100000,100000,100000,data_publish_end_ms,939.8538749999999,969.339792
v28,S1-ignore,Walker,A,100000,100000,100000,100000,terminal_publish_ms,939.854125,969.3401670000001
v28,S1-ignore,Walker,A,100000,100000,100000,100000,index_ready_ms,977.68625,1012.9295000000001
v28,S1-ignore,Walker,A,100000,100000,100000,100000,results_ready_ms,977.68625,1012.9295000000001
v28,S1-ignore,Walker,A,100000,100000,100000,100000,full_wait_ms,921.755124,951.6825359999999
v28,S1-ignore,Walker,A,100000,100000,100000,100000,max_frame_ms,8.374958999999999,9.493459
v28,S1-ignore,Walker,A,100000,100000,100000,100000,max_ingest_gap_ms,25.284792,29.220625
v28,S1-ignore,Walker,A,100000,100000,100000,100000,max_no_work_progress_ms,25.284792,29.220625
v28,S1-ignore,Walker,B,100000,100000,100000,100000,data_publish_end_ms,946.535083,981.168208
v28,S1-ignore,Walker,B,100000,100000,100000,100000,terminal_publish_ms,946.535333,981.168458
v28,S1-ignore,Walker,B,100000,100000,100000,100000,index_ready_ms,968.6738750000001,1002.901667
v28,S1-ignore,Walker,B,100000,100000,100000,100000,results_ready_ms,1024.002917,1057.0862080000002
v28,S1-ignore,Walker,B,100000,100000,100000,100000,full_wait_ms,928.139162,963.226668
v28,S1-ignore,Walker,B,100000,100000,100000,100000,max_frame_ms,7.204083,8.789292000000001
v28,S1-ignore,Walker,B,100000,100000,100000,100000,max_ingest_gap_ms,26.131916,29.056124999999998
v28,S1-ignore,Walker,B,100000,100000,100000,100000,max_no_work_progress_ms,55.358916,58.797666
v28,S2-files,Walker,A,100000,80000,80000,80000,data_publish_end_ms,771.158334,782.1585
v28,S2-files,Walker,A,100000,80000,80000,80000,terminal_publish_ms,771.158584,782.1590000000001
v28,S2-files,Walker,A,100000,80000,80000,80000,index_ready_ms,814.340625,822.119375
v28,S2-files,Walker,A,100000,80000,80000,80000,results_ready_ms,814.340625,822.119375
v28,S2-files,Walker,A,100000,80000,80000,80000,full_wait_ms,752.904585,763.380875
v28,S2-files,Walker,A,100000,80000,80000,80000,max_frame_ms,7.733542000000001,8.826792
v28,S2-files,Walker,A,100000,80000,80000,80000,max_ingest_gap_ms,26.116,29.369042
v28,S2-files,Walker,A,100000,80000,80000,80000,max_no_work_progress_ms,26.116,29.369042
v28,S2-files,Walker,B,100000,80000,80000,80000,data_publish_end_ms,778.214292,788.9935409999999
v28,S2-files,Walker,B,100000,80000,80000,80000,terminal_publish_ms,778.2145,788.993875
v28,S2-files,Walker,B,100000,80000,80000,80000,index_ready_ms,820.315625,830.477667
v28,S2-files,Walker,B,100000,80000,80000,80000,results_ready_ms,820.315625,830.477667
v28,S2-files,Walker,B,100000,80000,80000,80000,full_wait_ms,759.4560849999999,770.708834
v28,S2-files,Walker,B,100000,80000,80000,80000,max_frame_ms,7.893667,9.401916
v28,S2-files,Walker,B,100000,80000,80000,80000,max_ingest_gap_ms,26.312709,30.864416
v28,S2-files,Walker,B,100000,80000,80000,80000,max_no_work_progress_ms,26.312709,30.864416
v28,T1-A-B-C-A,FileList,A,100000,100000,100000,100000,data_publish_end_ms,243.899458,248.999542
v28,T1-A-B-C-A,FileList,A,100000,100000,100000,100000,terminal_publish_ms,243.89987499999998,248.999875
v28,T1-A-B-C-A,FileList,A,100000,100000,100000,100000,index_ready_ms,281.317791,285.803542
v28,T1-A-B-C-A,FileList,A,100000,100000,100000,100000,results_ready_ms,281.317791,285.803542
v28,T1-A-B-C-A,FileList,A,100000,100000,100000,100000,full_wait_ms,188.038042,193.472667
v28,T1-A-B-C-A,FileList,A,100000,100000,100000,100000,max_frame_ms,0.430958,0.5085
v28,T1-A-B-C-A,FileList,A,100000,100000,100000,100000,max_ingest_gap_ms,24.059667,24.285375000000002
v28,T1-A-B-C-A,FileList,A,100000,100000,100000,100000,max_no_work_progress_ms,24.055542,24.097334
v28,T1-A-B-C-A,FileList,B,100000,100000,100000,100000,data_publish_end_ms,450.419625,467.624583
v28,T1-A-B-C-A,FileList,B,100000,100000,100000,100000,terminal_publish_ms,450.419916,467.62466600000005
v28,T1-A-B-C-A,FileList,B,100000,100000,100000,100000,index_ready_ms,1447.445792,1470.8859160000002
v28,T1-A-B-C-A,FileList,B,100000,100000,100000,100000,results_ready_ms,1447.445792,1470.8859160000002
v28,T1-A-B-C-A,FileList,B,100000,100000,100000,100000,full_wait_ms,182.766791,194.636625
v28,T1-A-B-C-A,FileList,B,100000,100000,100000,100000,max_frame_ms,1.112584,10.348375
v28,T1-A-B-C-A,FileList,B,100000,100000,100000,100000,max_ingest_gap_ms,57.457208,57.977292
v28,T1-A-B-C-A,FileList,B,100000,100000,100000,100000,max_no_work_progress_ms,953.020417,977.056834
v28,T1-A-B-C-A,Walker,A,100000,100000,100000,100000,data_publish_end_ms,971.1785,1007.4371660000002
v28,T1-A-B-C-A,Walker,A,100000,100000,100000,100000,terminal_publish_ms,971.1793749999999,1007.4380000000001
v28,T1-A-B-C-A,Walker,A,100000,100000,100000,100000,index_ready_ms,1016.5467500000001,1051.65975
v28,T1-A-B-C-A,Walker,A,100000,100000,100000,100000,results_ready_ms,1016.5467500000001,1051.65975
v28,T1-A-B-C-A,Walker,A,100000,100000,100000,100000,full_wait_ms,931.586292,960.958748
v28,T1-A-B-C-A,Walker,A,100000,100000,100000,100000,max_frame_ms,26.869917,28.971875
v28,T1-A-B-C-A,Walker,A,100000,100000,100000,100000,max_ingest_gap_ms,47.814,49.026542
v28,T1-A-B-C-A,Walker,A,100000,100000,100000,100000,max_no_work_progress_ms,47.814,49.026542
v28,T1-A-B-C-A,Walker,B,100000,100000,100000,100000,data_publish_end_ms,1364.100792,1407.675958
v28,T1-A-B-C-A,Walker,B,100000,100000,100000,100000,terminal_publish_ms,1364.101375,1407.676833
v28,T1-A-B-C-A,Walker,B,100000,100000,100000,100000,index_ready_ms,2302.540333,2336.6932079999997
v28,T1-A-B-C-A,Walker,B,100000,100000,100000,100000,results_ready_ms,2302.540333,2336.6932079999997
v28,T1-A-B-C-A,Walker,B,100000,100000,100000,100000,full_wait_ms,905.4120810000001,939.818208
v28,T1-A-B-C-A,Walker,B,100000,100000,100000,100000,max_frame_ms,25.369209,29.687083
v28,T1-A-B-C-A,Walker,B,100000,100000,100000,100000,max_ingest_gap_ms,58.241291000000004,65.63216600000001
v28,T1-A-B-C-A,Walker,B,100000,100000,100000,100000,max_no_work_progress_ms,893.756209,918.204875
v28,T1-S1-dense,FileList,A,100000,100000,100000,100000,data_publish_end_ms,246.04958299999998,251.90466700000002
v28,T1-S1-dense,FileList,A,100000,100000,100000,100000,terminal_publish_ms,246.04987500000001,251.905
v28,T1-S1-dense,FileList,A,100000,100000,100000,100000,index_ready_ms,1324.57925,1345.916417
v28,T1-S1-dense,FileList,A,100000,100000,100000,100000,results_ready_ms,1324.57925,1345.916417
v28,T1-S1-dense,FileList,A,100000,100000,100000,100000,full_wait_ms,193.142917,195.871041
v28,T1-S1-dense,FileList,A,100000,100000,100000,100000,max_frame_ms,0.822125,10.046958
v28,T1-S1-dense,FileList,A,100000,100000,100000,100000,max_ingest_gap_ms,1086.130958,1097.7281249999999
v28,T1-S1-dense,FileList,A,100000,100000,100000,100000,max_no_work_progress_ms,1068.0325,1073.68225
v28,T1-S1-dense,FileList,B,100000,100000,100000,100000,data_publish_end_ms,234.484583,243.83237499999998
v28,T1-S1-dense,FileList,B,100000,100000,100000,100000,terminal_publish_ms,234.48487500000002,243.83266600000002
v28,T1-S1-dense,FileList,B,100000,100000,100000,100000,index_ready_ms,1300.5365,1362.079708
v28,T1-S1-dense,FileList,B,100000,100000,100000,100000,results_ready_ms,1300.5365,1362.079708
v28,T1-S1-dense,FileList,B,100000,100000,100000,100000,full_wait_ms,179.618122,193.175
v28,T1-S1-dense,FileList,B,100000,100000,100000,100000,max_frame_ms,0.884833,2.872083
v28,T1-S1-dense,FileList,B,100000,100000,100000,100000,max_ingest_gap_ms,1070.138375,1104.855625
v28,T1-S1-dense,FileList,B,100000,100000,100000,100000,max_no_work_progress_ms,1049.146041,1080.796791
v28,T1-S1-dense,Walker,A,100000,100000,100000,100000,data_publish_end_ms,1013.532667,1090.638833
v28,T1-S1-dense,Walker,A,100000,100000,100000,100000,terminal_publish_ms,1013.533292,1090.6397080000002
v28,T1-S1-dense,Walker,A,100000,100000,100000,100000,index_ready_ms,2099.2020829999997,2196.1018750000003
v28,T1-S1-dense,Walker,A,100000,100000,100000,100000,results_ready_ms,2099.2020829999997,2196.1018750000003
v28,T1-S1-dense,Walker,A,100000,100000,100000,100000,full_wait_ms,959.847623,1035.322584
v28,T1-S1-dense,Walker,A,100000,100000,100000,100000,max_frame_ms,0.881583,1.631958
v28,T1-S1-dense,Walker,A,100000,100000,100000,100000,max_ingest_gap_ms,1085.660042,1141.352333
v28,T1-S1-dense,Walker,A,100000,100000,100000,100000,max_no_work_progress_ms,1061.933667,1117.4485
v28,T1-S1-dense,Walker,B,100000,100000,100000,100000,data_publish_end_ms,991.506125,1056.1644999999999
v28,T1-S1-dense,Walker,B,100000,100000,100000,100000,terminal_publish_ms,991.507042,1056.165209
v28,T1-S1-dense,Walker,B,100000,100000,100000,100000,index_ready_ms,2093.589833,2167.288709
v28,T1-S1-dense,Walker,B,100000,100000,100000,100000,results_ready_ms,2093.589833,2167.288709
v28,T1-S1-dense,Walker,B,100000,100000,100000,100000,full_wait_ms,938.263705,1003.570168
v28,T1-S1-dense,Walker,B,100000,100000,100000,100000,max_frame_ms,0.922083,1.547375
v28,T1-S1-dense,Walker,B,100000,100000,100000,100000,max_ingest_gap_ms,1108.1565,1131.764917
v28,T1-S1-dense,Walker,B,100000,100000,100000,100000,max_no_work_progress_ms,1084.435459,1112.393542
v28,T1-S1-selective,FileList,A,100000,100000,100000,100000,data_publish_end_ms,236.28895799999998,258.32958299999996
v28,T1-S1-selective,FileList,A,100000,100000,100000,100000,terminal_publish_ms,236.289458,258.329708
v28,T1-S1-selective,FileList,A,100000,100000,100000,100000,index_ready_ms,1304.561833,1314.176875
v28,T1-S1-selective,FileList,A,100000,100000,100000,100000,results_ready_ms,1304.561833,1314.176875
v28,T1-S1-selective,FileList,A,100000,100000,100000,100000,full_wait_ms,179.67545900000002,202.61953899999997
v28,T1-S1-selective,FileList,A,100000,100000,100000,100000,max_frame_ms,0.8515,0.884458
v28,T1-S1-selective,FileList,A,100000,100000,100000,100000,max_ingest_gap_ms,1074.5993330000001,1089.841375
v28,T1-S1-selective,FileList,A,100000,100000,100000,100000,max_no_work_progress_ms,1051.765292,1068.3681250000002
v28,T1-S1-selective,FileList,B,100000,100000,100000,100000,data_publish_end_ms,230.663875,248.852167
v28,T1-S1-selective,FileList,B,100000,100000,100000,100000,terminal_publish_ms,230.66412499999998,248.860167
v28,T1-S1-selective,FileList,B,100000,100000,100000,100000,index_ready_ms,1300.8539589999998,1381.273625
v28,T1-S1-selective,FileList,B,100000,100000,100000,100000,results_ready_ms,1300.8539589999998,1381.273625
v28,T1-S1-selective,FileList,B,100000,100000,100000,100000,full_wait_ms,178.440207,194.180499
v28,T1-S1-selective,FileList,B,100000,100000,100000,100000,max_frame_ms,0.905417,11.719334
v28,T1-S1-selective,FileList,B,100000,100000,100000,100000,max_ingest_gap_ms,1077.271375,1130.539125
v28,T1-S1-selective,FileList,B,100000,100000,100000,100000,max_no_work_progress_ms,1053.209875,1111.549417
v28,T1-S1-selective,Walker,A,100000,100000,100000,100000,data_publish_end_ms,968.770708,1018.478417
v28,T1-S1-selective,Walker,A,100000,100000,100000,100000,terminal_publish_ms,968.771541,1018.4791250000001
v28,T1-S1-selective,Walker,A,100000,100000,100000,100000,index_ready_ms,2063.4035000000003,2093.054709
v28,T1-S1-selective,Walker,A,100000,100000,100000,100000,results_ready_ms,2063.4035000000003,2093.054709
v28,T1-S1-selective,Walker,A,100000,100000,100000,100000,full_wait_ms,918.018331,966.372788
v28,T1-S1-selective,Walker,A,100000,100000,100000,100000,max_frame_ms,0.8605830000000001,1.035125
v28,T1-S1-selective,Walker,A,100000,100000,100000,100000,max_ingest_gap_ms,1079.7956669999999,1094.8684170000001
v28,T1-S1-selective,Walker,A,100000,100000,100000,100000,max_no_work_progress_ms,1056.251083,1071.181709
v28,T1-S1-selective,Walker,B,100000,100000,100000,100000,data_publish_end_ms,1007.381541,1031.704875
v28,T1-S1-selective,Walker,B,100000,100000,100000,100000,terminal_publish_ms,1007.3824579999999,1031.705833
v28,T1-S1-selective,Walker,B,100000,100000,100000,100000,index_ready_ms,2067.422042,2106.217375
v28,T1-S1-selective,Walker,B,100000,100000,100000,100000,results_ready_ms,2067.422042,2106.217375
v28,T1-S1-selective,Walker,B,100000,100000,100000,100000,full_wait_ms,951.35762,980.828667
v28,T1-S1-selective,Walker,B,100000,100000,100000,100000,max_frame_ms,1.277458,9.1715
v28,T1-S1-selective,Walker,B,100000,100000,100000,100000,max_ingest_gap_ms,1069.0722079999998,1099.175667
v28,T1-S1-selective,Walker,B,100000,100000,100000,100000,max_no_work_progress_ms,1051.8489579999998,1077.514208
v28,T1-S2,FileList,A,100000,100000,100000,100000,data_publish_end_ms,247.033333,251.522417
v28,T1-S2,FileList,A,100000,100000,100000,100000,terminal_publish_ms,247.033791,251.52266699999998
v28,T1-S2,FileList,A,100000,100000,100000,100000,index_ready_ms,1317.436708,1340.025
v28,T1-S2,FileList,A,100000,100000,100000,100000,results_ready_ms,1317.436708,1340.025
v28,T1-S2,FileList,A,100000,100000,100000,100000,full_wait_ms,191.70891400000002,196.38387600000001
v28,T1-S2,FileList,A,100000,100000,100000,100000,max_frame_ms,0.825208,3.0595000000000003
v28,T1-S2,FileList,A,100000,100000,100000,100000,max_ingest_gap_ms,1088.2877500000002,1102.4630829999999
v28,T1-S2,FileList,A,100000,100000,100000,100000,max_no_work_progress_ms,1064.374709,1085.020125
v28,T1-S2,FileList,B,100000,100000,100000,100000,data_publish_end_ms,234.93058299999998,248.590791
v28,T1-S2,FileList,B,100000,100000,100000,100000,terminal_publish_ms,234.93087500000001,248.591083
v28,T1-S2,FileList,B,100000,100000,100000,100000,index_ready_ms,1317.245625,1364.3981250000002
v28,T1-S2,FileList,B,100000,100000,100000,100000,results_ready_ms,1317.245625,1364.3981250000002
v28,T1-S2,FileList,B,100000,100000,100000,100000,full_wait_ms,183.778584,197.591792
v28,T1-S2,FileList,B,100000,100000,100000,100000,max_frame_ms,0.8402499999999999,0.963708
v28,T1-S2,FileList,B,100000,100000,100000,100000,max_ingest_gap_ms,1084.294917,1119.2171250000001
v28,T1-S2,FileList,B,100000,100000,100000,100000,max_no_work_progress_ms,1060.225,1095.184042
v28,T1-S2,Walker,A,100000,100000,100000,100000,data_publish_end_ms,965.603708,1041.3024580000001
v28,T1-S2,Walker,A,100000,100000,100000,100000,terminal_publish_ms,965.604541,1041.303458
v28,T1-S2,Walker,A,100000,100000,100000,100000,index_ready_ms,2027.095708,2136.269917
v28,T1-S2,Walker,A,100000,100000,100000,100000,results_ready_ms,2027.095708,2136.269917
v28,T1-S2,Walker,A,100000,100000,100000,100000,full_wait_ms,915.179209,987.92975
v28,T1-S2,Walker,A,100000,100000,100000,100000,max_frame_ms,0.866583,1.185
v28,T1-S2,Walker,A,100000,100000,100000,100000,max_ingest_gap_ms,1074.2192909999999,1095.019792
v28,T1-S2,Walker,A,100000,100000,100000,100000,max_no_work_progress_ms,1051.3525829999999,1071.2007919999999
v28,T1-S2,Walker,B,100000,100000,100000,100000,data_publish_end_ms,984.732458,1029.988208
v28,T1-S2,Walker,B,100000,100000,100000,100000,terminal_publish_ms,984.7335830000001,1029.992458
v28,T1-S2,Walker,B,100000,100000,100000,100000,index_ready_ms,2074.458916,2107.524625
v28,T1-S2,Walker,B,100000,100000,100000,100000,results_ready_ms,2074.458916,2107.524625
v28,T1-S2,Walker,B,100000,100000,100000,100000,full_wait_ms,933.3824619999999,972.886963
v28,T1-S2,Walker,B,100000,100000,100000,100000,max_frame_ms,3.1065,9.667084
v28,T1-S2,Walker,B,100000,100000,100000,100000,max_ingest_gap_ms,1072.8975,1104.029625
v28,T1-S2,Walker,B,100000,100000,100000,100000,max_no_work_progress_ms,1054.687958,1087.25925
v28,T1-active-warm,FileList,A,100000,100000,100000,100000,data_publish_end_ms,244.99379199999998,252.305958
v28,T1-active-warm,FileList,A,100000,100000,100000,100000,terminal_publish_ms,244.99395900000002,252.30637500000003
v28,T1-active-warm,FileList,A,100000,100000,100000,100000,index_ready_ms,263.474375,271.837042
v28,T1-active-warm,FileList,A,100000,100000,100000,100000,results_ready_ms,263.474375,271.837042
v28,T1-active-warm,FileList,A,100000,100000,100000,100000,full_wait_ms,191.827,197.965208
v28,T1-active-warm,FileList,A,100000,100000,100000,100000,max_frame_ms,0.792959,0.919584
v28,T1-active-warm,FileList,A,100000,100000,100000,100000,max_ingest_gap_ms,24.002375,24.035917
v28,T1-active-warm,FileList,A,100000,100000,100000,100000,max_no_work_progress_ms,24.002375,24.035917
v28,T1-active-warm,FileList,B,100000,100000,100000,100000,data_publish_end_ms,223.245583,232.418041
v28,T1-active-warm,FileList,B,100000,100000,100000,100000,terminal_publish_ms,223.245875,232.41833300000002
v28,T1-active-warm,FileList,B,100000,100000,100000,100000,index_ready_ms,1331.893291,1365.176792
v28,T1-active-warm,FileList,B,100000,100000,100000,100000,results_ready_ms,1331.893291,1365.176792
v28,T1-active-warm,FileList,B,100000,100000,100000,100000,full_wait_ms,141.91075,153.90979199999998
v28,T1-active-warm,FileList,B,100000,100000,100000,100000,max_frame_ms,1.046125,12.131625
v28,T1-active-warm,FileList,B,100000,100000,100000,100000,max_ingest_gap_ms,23.900791,24.058792
v28,T1-active-warm,FileList,B,100000,100000,100000,100000,max_no_work_progress_ms,1076.1955409999998,1111.099959
v28,T1-active-warm,Walker,A,100000,100000,100000,100000,data_publish_end_ms,984.528792,1007.396334
v28,T1-active-warm,Walker,A,100000,100000,100000,100000,terminal_publish_ms,984.529709,1007.3972090000001
v28,T1-active-warm,Walker,A,100000,100000,100000,100000,index_ready_ms,1009.0106670000001,1028.985125
v28,T1-active-warm,Walker,A,100000,100000,100000,100000,results_ready_ms,1009.0106670000001,1028.985125
v28,T1-active-warm,Walker,A,100000,100000,100000,100000,full_wait_ms,938.858165,961.898752
v28,T1-active-warm,Walker,A,100000,100000,100000,100000,max_frame_ms,27.998583,28.120167000000002
v28,T1-active-warm,Walker,A,100000,100000,100000,100000,max_ingest_gap_ms,48.671458,48.959875
v28,T1-active-warm,Walker,A,100000,100000,100000,100000,max_no_work_progress_ms,48.671458,48.959875
v28,T1-active-warm,Walker,B,100000,100000,100000,100000,data_publish_end_ms,932.444208,972.799709
v28,T1-active-warm,Walker,B,100000,100000,100000,100000,terminal_publish_ms,932.44525,972.800125
v28,T1-active-warm,Walker,B,100000,100000,100000,100000,index_ready_ms,2043.145208,2096.2229589999997
v28,T1-active-warm,Walker,B,100000,100000,100000,100000,results_ready_ms,2043.145208,2096.2229589999997
v28,T1-active-warm,Walker,B,100000,100000,100000,100000,full_wait_ms,883.374544,921.286418
v28,T1-active-warm,Walker,B,100000,100000,100000,100000,max_frame_ms,24.545583,27.512416
v28,T1-active-warm,Walker,B,100000,100000,100000,100000,max_ingest_gap_ms,40.2545,46.578958
v28,T1-active-warm,Walker,B,100000,100000,100000,100000,max_no_work_progress_ms,1086.699208,1101.3995
v28,T1-natural-reclaim,FileList,A,100000,100000,100000,100000,data_publish_end_ms,239.911167,244.49458399999997
v28,T1-natural-reclaim,FileList,A,100000,100000,100000,100000,terminal_publish_ms,239.911417,244.494875
v28,T1-natural-reclaim,FileList,A,100000,100000,100000,100000,index_ready_ms,278.05008399999997,280.792167
v28,T1-natural-reclaim,FileList,A,100000,100000,100000,100000,results_ready_ms,278.05008399999997,280.792167
v28,T1-natural-reclaim,FileList,A,100000,100000,100000,100000,full_wait_ms,183.08100199999998,188.980378
v28,T1-natural-reclaim,FileList,A,100000,100000,100000,100000,max_frame_ms,0.653625,0.700167
v28,T1-natural-reclaim,FileList,A,100000,100000,100000,100000,max_ingest_gap_ms,23.8165,24.104208
v28,T1-natural-reclaim,FileList,A,100000,100000,100000,100000,max_no_work_progress_ms,23.8165,24.104208
v28,T1-natural-reclaim,FileList,B,100000,100000,100000,100000,data_publish_end_ms,222.183042,233.424791
v28,T1-natural-reclaim,FileList,B,100000,100000,100000,100000,terminal_publish_ms,222.18312500000002,233.42487500000001
v28,T1-natural-reclaim,FileList,B,100000,100000,100000,100000,index_ready_ms,1335.989916,1358.327416
v28,T1-natural-reclaim,FileList,B,100000,100000,100000,100000,results_ready_ms,1335.989916,1358.327416
v28,T1-natural-reclaim,FileList,B,100000,100000,100000,100000,full_wait_ms,148.073417,155.69204200000001
v28,T1-natural-reclaim,FileList,B,100000,100000,100000,100000,max_frame_ms,1.057917,1.084792
v28,T1-natural-reclaim,FileList,B,100000,100000,100000,100000,max_ingest_gap_ms,23.69475,23.930875
v28,T1-natural-reclaim,FileList,B,100000,100000,100000,100000,max_no_work_progress_ms,1078.7502499999998,1091.6322919999998
v28,T1-natural-reclaim,Walker,A,100000,100000,100000,100000,data_publish_end_ms,950.17375,982.6718330000001
v28,T1-natural-reclaim,Walker,A,100000,100000,100000,100000,terminal_publish_ms,950.1742909999999,982.672333
v28,T1-natural-reclaim,Walker,A,100000,100000,100000,100000,index_ready_ms,984.209208,1028.4660000000001
v28,T1-natural-reclaim,Walker,A,100000,100000,100000,100000,results_ready_ms,984.209208,1028.4660000000001
v28,T1-natural-reclaim,Walker,A,100000,100000,100000,100000,full_wait_ms,913.173707,939.2625820000001
v28,T1-natural-reclaim,Walker,A,100000,100000,100000,100000,max_frame_ms,22.472833,29.839458
v28,T1-natural-reclaim,Walker,A,100000,100000,100000,100000,max_ingest_gap_ms,37.692958,48.132417
v28,T1-natural-reclaim,Walker,A,100000,100000,100000,100000,max_no_work_progress_ms,37.692958,48.132417
v28,T1-natural-reclaim,Walker,B,100000,100000,100000,100000,data_publish_end_ms,946.1401659999999,988.147166
v28,T1-natural-reclaim,Walker,B,100000,100000,100000,100000,terminal_publish_ms,946.140333,988.149458
v28,T1-natural-reclaim,Walker,B,100000,100000,100000,100000,index_ready_ms,1960.811875,2084.953333
v28,T1-natural-reclaim,Walker,B,100000,100000,100000,100000,results_ready_ms,1960.811875,2084.953333
v28,T1-natural-reclaim,Walker,B,100000,100000,100000,100000,full_wait_ms,900.236957,940.05033
v28,T1-natural-reclaim,Walker,B,100000,100000,100000,100000,max_frame_ms,24.288542,29.052916000000003
v28,T1-natural-reclaim,Walker,B,100000,100000,100000,100000,max_ingest_gap_ms,43.957583,49.838916
v28,T1-natural-reclaim,Walker,B,100000,100000,100000,100000,max_no_work_progress_ms,995.9732919999999,1091.395083
v28,T1-promotion,Walker,A,100000,100000,100000,100000,data_publish_end_ms,993.805667,1021.4507909999999
v28,T1-promotion,Walker,A,100000,100000,100000,100000,terminal_publish_ms,993.806625,1021.451708
v28,T1-promotion,Walker,A,100000,100000,100000,100000,index_ready_ms,1014.1509580000001,1046.3281659999998
v28,T1-promotion,Walker,A,100000,100000,100000,100000,results_ready_ms,1014.1509580000001,1046.3281659999998
v28,T1-promotion,Walker,A,100000,100000,100000,100000,full_wait_ms,947.4040030000001,974.761207
v28,T1-promotion,Walker,A,100000,100000,100000,100000,max_frame_ms,27.706917,28.314667
v28,T1-promotion,Walker,A,100000,100000,100000,100000,max_ingest_gap_ms,43.537125,50.759792
v28,T1-promotion,Walker,A,100000,100000,100000,100000,max_no_work_progress_ms,43.537125,50.759792
v28,T1-promotion,Walker,B,100000,100000,100000,100000,data_publish_end_ms,938.87375,972.029
v28,T1-promotion,Walker,B,100000,100000,100000,100000,terminal_publish_ms,938.874375,972.029625
v28,T1-promotion,Walker,B,100000,100000,100000,100000,index_ready_ms,2035.579834,2079.300166
v28,T1-promotion,Walker,B,100000,100000,100000,100000,results_ready_ms,2035.579834,2079.300166
v28,T1-promotion,Walker,B,100000,100000,100000,100000,full_wait_ms,891.53171,922.8029650000001
v28,T1-promotion,Walker,B,100000,100000,100000,100000,max_frame_ms,25.003874999999997,28.976708
v28,T1-promotion,Walker,B,100000,100000,100000,100000,max_ingest_gap_ms,886.5443750000001,943.7998749999999
v28,T1-promotion,Walker,B,100000,100000,100000,100000,max_no_work_progress_ms,886.5443750000001,943.7998749999999
v28,W1-deep,Walker,A,100000,100000,100000,100000,data_publish_end_ms,966.203667,972.070958
v28,W1-deep,Walker,A,100000,100000,100000,100000,terminal_publish_ms,966.204292,972.071375
v28,W1-deep,Walker,A,100000,100000,100000,100000,index_ready_ms,987.772209,994.103792
v28,W1-deep,Walker,A,100000,100000,100000,100000,results_ready_ms,987.772209,994.103792
v28,W1-deep,Walker,A,100000,100000,100000,100000,full_wait_ms,930.2151690000001,947.061752
v28,W1-deep,Walker,A,100000,100000,100000,100000,max_frame_ms,32.96825,36.017624999999995
v28,W1-deep,Walker,A,100000,100000,100000,100000,max_ingest_gap_ms,49.213833,56.551790999999994
v28,W1-deep,Walker,A,100000,100000,100000,100000,max_no_work_progress_ms,49.213833,56.551790999999994
v28,W1-deep,Walker,B,100000,100000,100000,100000,data_publish_end_ms,962.0040829999999,1006.588166
v28,W1-deep,Walker,B,100000,100000,100000,100000,terminal_publish_ms,962.004875,1006.588875
v28,W1-deep,Walker,B,100000,100000,100000,100000,index_ready_ms,982.480375,1031.700333
v28,W1-deep,Walker,B,100000,100000,100000,100000,results_ready_ms,982.480375,1031.700333
v28,W1-deep,Walker,B,100000,100000,100000,100000,full_wait_ms,929.013042,971.183421
v28,W1-deep,Walker,B,100000,100000,100000,100000,max_frame_ms,32.705208999999996,36.201042
v28,W1-deep,Walker,B,100000,100000,100000,100000,max_ingest_gap_ms,48.177834000000004,55.910125
v28,W1-deep,Walker,B,100000,100000,100000,100000,max_no_work_progress_ms,48.177834000000004,55.910125
v28,W1-follow-links,Walker,A,100000,199998,199998,199998,data_publish_end_ms,1986.2712500000002,2010.244333
v28,W1-follow-links,Walker,A,100000,199998,199998,199998,terminal_publish_ms,1986.272084,2010.2445000000002
v28,W1-follow-links,Walker,A,100000,199998,199998,199998,index_ready_ms,2024.0487919999998,2056.5824159999997
v28,W1-follow-links,Walker,A,100000,199998,199998,199998,results_ready_ms,2024.0487919999998,2056.5824159999997
v28,W1-follow-links,Walker,A,100000,199998,199998,199998,full_wait_ms,1926.138038,1949.641793
v28,W1-follow-links,Walker,A,100000,199998,199998,199998,max_frame_ms,50.048334,53.510041
v28,W1-follow-links,Walker,A,100000,199998,199998,199998,max_ingest_gap_ms,65.354542,71.720625
v28,W1-follow-links,Walker,A,100000,199998,199998,199998,max_no_work_progress_ms,65.354542,71.720625
v28,W1-follow-links,Walker,B,100000,199998,199998,199998,data_publish_end_ms,1988.014416,2005.356958
v28,W1-follow-links,Walker,B,100000,199998,199998,199998,terminal_publish_ms,1988.015541,2005.3573330000002
v28,W1-follow-links,Walker,B,100000,199998,199998,199998,index_ready_ms,2028.9017079999999,2051.7519169999996
v28,W1-follow-links,Walker,B,100000,199998,199998,199998,results_ready_ms,2028.9017079999999,2051.7519169999996
v28,W1-follow-links,Walker,B,100000,199998,199998,199998,full_wait_ms,1919.9720839999998,1971.152254
v28,W1-follow-links,Walker,B,100000,199998,199998,199998,max_frame_ms,42.746958,48.929333
v28,W1-follow-links,Walker,B,100000,199998,199998,199998,max_ingest_gap_ms,62.616666,70.039125
v28,W1-follow-links,Walker,B,100000,199998,199998,199998,max_no_work_progress_ms,62.616666,70.039125
v28,W1-wide,Walker,A,100000,100000,100000,100000,data_publish_end_ms,950.122041,968.7457919999999
v28,W1-wide,Walker,A,100000,100000,100000,100000,terminal_publish_ms,950.122708,968.746084
v28,W1-wide,Walker,A,100000,100000,100000,100000,index_ready_ms,974.386875,985.932625
v28,W1-wide,Walker,A,100000,100000,100000,100000,results_ready_ms,974.386875,985.932625
v28,W1-wide,Walker,A,100000,100000,100000,100000,full_wait_ms,930.054622,949.382958
v28,W1-wide,Walker,A,100000,100000,100000,100000,max_frame_ms,28.946625,32.748166000000005
v28,W1-wide,Walker,A,100000,100000,100000,100000,max_ingest_gap_ms,43.242042,52.647042
v28,W1-wide,Walker,A,100000,100000,100000,100000,max_no_work_progress_ms,43.242042,52.647042
v28,W1-wide,Walker,B,100000,100000,100000,100000,data_publish_end_ms,971.942541,993.563458
v28,W1-wide,Walker,B,100000,100000,100000,100000,terminal_publish_ms,971.942708,993.564416
v28,W1-wide,Walker,B,100000,100000,100000,100000,index_ready_ms,995.780833,1015.490625
v28,W1-wide,Walker,B,100000,100000,100000,100000,results_ready_ms,995.780833,1015.490625
v28,W1-wide,Walker,B,100000,100000,100000,100000,full_wait_ms,953.8969539999999,969.699709
v28,W1-wide,Walker,B,100000,100000,100000,100000,max_frame_ms,32.091292,32.881708
v28,W1-wide,Walker,B,100000,100000,100000,100000,max_ingest_gap_ms,49.389416999999995,53.126916
v28,W1-wide,Walker,B,100000,100000,100000,100000,max_no_work_progress_ms,49.389416999999995,53.126916
v29,F1-filelist-parser-files,FileList,A,100000,80000,80000,80000,data_publish_end_ms,235.22691700000001,238.007875
v29,F1-filelist-parser-files,FileList,A,100000,80000,80000,80000,terminal_publish_ms,235.227125,238.008083
v29,F1-filelist-parser-files,FileList,A,100000,80000,80000,80000,full_wait_ms,3.026208,5.842624
v29,F1-filelist-parser-files,FileList,A,100000,80000,80000,80000,max_ingest_gap_ms,24.040458,24.124791
v29,F1-filelist-parser-files,FileList,A,100000,80000,80000,80000,max_no_work_progress_ms,24.040458,24.124791
v29,F1-filelist-parser-files,FileList,A,100000,80000,80000,80000,worker_drained_ms,246.26470799999998,263.555167
v29,F1-filelist-parser-files,FileList,B,100000,80000,80000,80000,data_publish_end_ms,235.237125,240.894209
v29,F1-filelist-parser-files,FileList,B,100000,80000,80000,80000,terminal_publish_ms,235.237292,240.89450000000002
v29,F1-filelist-parser-files,FileList,B,100000,80000,80000,80000,full_wait_ms,1.519375,4.547418
v29,F1-filelist-parser-files,FileList,B,100000,80000,80000,80000,max_ingest_gap_ms,24.047042,24.128125
v29,F1-filelist-parser-files,FileList,B,100000,80000,80000,80000,max_no_work_progress_ms,24.047042,24.128125
v29,F1-filelist-parser-files,FileList,B,100000,80000,80000,80000,worker_drained_ms,251.166958,258.832917
v29,F1-filelist-parser-folders,FileList,A,100000,20000,20000,20000,data_publish_end_ms,209.02491700000002,209.719042
v29,F1-filelist-parser-folders,FileList,A,100000,20000,20000,20000,terminal_publish_ms,209.02504199999998,209.719083
v29,F1-filelist-parser-folders,FileList,A,100000,20000,20000,20000,full_wait_ms,0.0,0.0
v29,F1-filelist-parser-folders,FileList,A,100000,20000,20000,20000,max_ingest_gap_ms,24.016458,24.026458
v29,F1-filelist-parser-folders,FileList,A,100000,20000,20000,20000,max_no_work_progress_ms,24.016458,24.026458
v29,F1-filelist-parser-folders,FileList,A,100000,20000,20000,20000,worker_drained_ms,218.628084,229.818917
v29,F1-filelist-parser-folders,FileList,B,100000,20000,20000,20000,data_publish_end_ms,208.774,209.418292
v29,F1-filelist-parser-folders,FileList,B,100000,20000,20000,20000,terminal_publish_ms,208.774084,209.41833400000002
v29,F1-filelist-parser-folders,FileList,B,100000,20000,20000,20000,full_wait_ms,0.0,0.0
v29,F1-filelist-parser-folders,FileList,B,100000,20000,20000,20000,max_ingest_gap_ms,24.018500000000003,24.026583000000002
v29,F1-filelist-parser-folders,FileList,B,100000,20000,20000,20000,max_no_work_progress_ms,24.018500000000003,24.026583000000002
v29,F1-filelist-parser-folders,FileList,B,100000,20000,20000,20000,worker_drained_ms,222.345125,228.681209
v29,F1-files,Walker,A,100000,80000,80000,80000,data_publish_end_ms,60544.276542,62855.754
v29,F1-files,Walker,A,100000,80000,80000,80000,terminal_publish_ms,60544.277292,62855.755125
v29,F1-files,Walker,A,100000,80000,80000,80000,index_ready_ms,64044.054458000006,66463.05408300001
v29,F1-files,Walker,A,100000,80000,80000,80000,results_ready_ms,64044.054458000006,66463.05408300001
v29,F1-files,Walker,A,100000,80000,80000,80000,full_wait_ms,60424.749918,62736.395918
v29,F1-files,Walker,A,100000,80000,80000,80000,max_frame_ms,20.779125,27.888709000000002
v29,F1-files,Walker,A,100000,80000,80000,80000,max_ingest_gap_ms,3451.84525,3588.802209
v29,F1-files,Walker,A,100000,80000,80000,80000,max_no_work_progress_ms,3333.85175,3471.1726249999997
v29,F1-files,Walker,B,100000,80000,80000,80000,data_publish_end_ms,61504.607625,62624.046167
v29,F1-files,Walker,B,100000,80000,80000,80000,terminal_publish_ms,61504.60825,62624.046667
v29,F1-files,Walker,B,100000,80000,80000,80000,index_ready_ms,65778.41891600001,66085.79695900001
v29,F1-files,Walker,B,100000,80000,80000,80000,results_ready_ms,65778.41891600001,66085.79695900001
v29,F1-files,Walker,B,100000,80000,80000,80000,full_wait_ms,61406.734710000004,62502.302876
v29,F1-files,Walker,B,100000,80000,80000,80000,max_frame_ms,25.443917,27.048166
v29,F1-files,Walker,B,100000,80000,80000,80000,max_ingest_gap_ms,3440.6420409999996,3502.857208
v29,F1-files,Walker,B,100000,80000,80000,80000,max_no_work_progress_ms,3329.004458,3390.1240000000003
v29,F1-folders,Walker,A,100000,20000,20000,20000,data_publish_end_ms,2942.5665419999996,2992.255041
v29,F1-folders,Walker,A,100000,20000,20000,20000,terminal_publish_ms,2942.567292,2992.255625
v29,F1-folders,Walker,A,100000,20000,20000,20000,index_ready_ms,3730.083,3782.601041
v29,F1-folders,Walker,A,100000,20000,20000,20000,results_ready_ms,3730.083,3782.601041
v29,F1-folders,Walker,A,100000,20000,20000,20000,full_wait_ms,2860.8717920000004,2912.107043
v29,F1-folders,Walker,A,100000,20000,20000,20000,max_frame_ms,9.71875,14.812667
v29,F1-folders,Walker,A,100000,20000,20000,20000,max_ingest_gap_ms,770.711542,859.532208
v29,F1-folders,Walker,A,100000,20000,20000,20000,max_no_work_progress_ms,611.791291,716.547792
v29,F1-folders,Walker,B,100000,20000,20000,20000,data_publish_end_ms,3004.491042,3065.8412080000003
v29,F1-folders,Walker,B,100000,20000,20000,20000,terminal_publish_ms,3004.492167,3065.841667
v29,F1-folders,Walker,B,100000,20000,20000,20000,index_ready_ms,3771.774042,3869.509708
v29,F1-folders,Walker,B,100000,20000,20000,20000,results_ready_ms,3771.774042,3869.509708
v29,F1-folders,Walker,B,100000,20000,20000,20000,full_wait_ms,2930.413459,2989.805126
v29,F1-folders,Walker,B,100000,20000,20000,20000,max_frame_ms,9.126292,12.608915999999999
v29,F1-folders,Walker,B,100000,20000,20000,20000,max_ingest_gap_ms,779.9169999999999,824.3417079999999
v29,F1-folders,Walker,B,100000,20000,20000,20000,max_no_work_progress_ms,625.6743329999999,654.620541
v29,F1-ignore-case,FileList,A,100000,100000,100000,100000,data_publish_end_ms,46080.547792,47956.478541000004
v29,F1-ignore-case,FileList,A,100000,100000,100000,100000,terminal_publish_ms,46080.548875,47956.479625
v29,F1-ignore-case,FileList,A,100000,100000,100000,100000,index_ready_ms,60707.719167,65220.782999999996
v29,F1-ignore-case,FileList,A,100000,100000,100000,100000,results_ready_ms,60707.719167,65220.782999999996
v29,F1-ignore-case,FileList,A,100000,100000,100000,100000,full_wait_ms,45843.234668,47724.258126
v29,F1-ignore-case,FileList,A,100000,100000,100000,100000,max_frame_ms,6.233833000000001,12.600125
v29,F1-ignore-case,FileList,A,100000,100000,100000,100000,max_ingest_gap_ms,2960.8267499999997,3029.782125
v29,F1-ignore-case,FileList,A,100000,100000,100000,100000,max_no_work_progress_ms,2867.466416,2909.057959
v29,F1-ignore-case,FileList,B,100000,100000,100000,100000,data_publish_end_ms,47969.313833,51281.572167
v29,F1-ignore-case,FileList,B,100000,100000,100000,100000,terminal_publish_ms,47969.317458,51281.573125
v29,F1-ignore-case,FileList,B,100000,100000,100000,100000,index_ready_ms,62217.376041,68763.112167
v29,F1-ignore-case,FileList,B,100000,100000,100000,100000,results_ready_ms,62217.376041,68763.112167
v29,F1-ignore-case,FileList,B,100000,100000,100000,100000,full_wait_ms,47732.104336,51046.085662000005
v29,F1-ignore-case,FileList,B,100000,100000,100000,100000,max_frame_ms,10.313542,11.312291
v29,F1-ignore-case,FileList,B,100000,100000,100000,100000,max_ingest_gap_ms,2943.0111669999997,3060.54225
v29,F1-ignore-case,FileList,B,100000,100000,100000,100000,max_no_work_progress_ms,2850.497792,2902.782208
v29,F1-ignore-case,Walker,A,100000,100000,100000,100000,data_publish_end_ms,86145.362709,91508.759708
v29,F1-ignore-case,Walker,A,100000,100000,100000,100000,terminal_publish_ms,86145.363709,91508.760542
v29,F1-ignore-case,Walker,A,100000,100000,100000,100000,index_ready_ms,92496.87362500001,97947.069625
v29,F1-ignore-case,Walker,A,100000,100000,100000,100000,results_ready_ms,92496.87362500001,97947.069625
v29,F1-ignore-case,Walker,A,100000,100000,100000,100000,full_wait_ms,86032.787335,91404.60283500001
v29,F1-ignore-case,Walker,A,100000,100000,100000,100000,max_frame_ms,28.097583,30.186
v29,F1-ignore-case,Walker,A,100000,100000,100000,100000,max_ingest_gap_ms,2945.3173330000004,2974.678
v29,F1-ignore-case,Walker,A,100000,100000,100000,100000,max_no_work_progress_ms,2873.559166,2893.394083
v29,F1-ignore-case,Walker,B,100000,100000,100000,100000,data_publish_end_ms,84326.40912499999,89310.03725
v29,F1-ignore-case,Walker,B,100000,100000,100000,100000,terminal_publish_ms,84326.410125,89310.038
v29,F1-ignore-case,Walker,B,100000,100000,100000,100000,index_ready_ms,90701.255208,95673.136292
v29,F1-ignore-case,Walker,B,100000,100000,100000,100000,results_ready_ms,90701.255208,95673.136292
v29,F1-ignore-case,Walker,B,100000,100000,100000,100000,full_wait_ms,84188.503791,89202.73678600001
v29,F1-ignore-case,Walker,B,100000,100000,100000,100000,max_frame_ms,27.117083,31.010333000000003
v29,F1-ignore-case,Walker,B,100000,100000,100000,100000,max_ingest_gap_ms,2876.8969580000003,2926.474583
v29,F1-ignore-case,Walker,B,100000,100000,100000,100000,max_no_work_progress_ms,2812.812875,2860.0319999999997
v29,F1-ignore-list,FileList,A,100000,100000,100000,100000,data_publish_end_ms,241.280375,249.775208
v29,F1-ignore-list,FileList,A,100000,100000,100000,100000,terminal_publish_ms,241.280709,249.77558299999998
v29,F1-ignore-list,FileList,A,100000,100000,100000,100000,index_ready_ms,260.73470799999996,269.679083
v29,F1-ignore-list,FileList,A,100000,100000,100000,100000,results_ready_ms,260.73470799999996,269.679083
v29,F1-ignore-list,FileList,A,100000,100000,100000,100000,full_wait_ms,187.470626,194.758668
v29,F1-ignore-list,FileList,A,100000,100000,100000,100000,max_frame_ms,0.7854169999999999,0.832375
v29,F1-ignore-list,FileList,A,100000,100000,100000,100000,max_ingest_gap_ms,24.053250000000002,24.586042
v29,F1-ignore-list,FileList,A,100000,100000,100000,100000,max_no_work_progress_ms,24.053250000000002,24.288833999999998
v29,F1-ignore-list,FileList,B,100000,100000,100000,100000,data_publish_end_ms,42547.451791,48880.37425
v29,F1-ignore-list,FileList,B,100000,100000,100000,100000,terminal_publish_ms,42547.4525,48880.375292
v29,F1-ignore-list,FileList,B,100000,100000,100000,100000,index_ready_ms,59609.9515,61911.177834
v29,F1-ignore-list,FileList,B,100000,100000,100000,100000,results_ready_ms,59609.9515,61911.177834
v29,F1-ignore-list,FileList,B,100000,100000,100000,100000,full_wait_ms,42322.161498,48657.113207999995
v29,F1-ignore-list,FileList,B,100000,100000,100000,100000,max_frame_ms,10.80325,13.773458
v29,F1-ignore-list,FileList,B,100000,100000,100000,100000,max_ingest_gap_ms,2950.377833,3065.02625
v29,F1-ignore-list,FileList,B,100000,100000,100000,100000,max_no_work_progress_ms,2843.086167,2969.3635
v29,F1-ignore-list,Walker,A,100000,100000,100000,100000,data_publish_end_ms,939.966041,963.216958
v29,F1-ignore-list,Walker,A,100000,100000,100000,100000,terminal_publish_ms,939.966458,963.2173750000001
v29,F1-ignore-list,Walker,A,100000,100000,100000,100000,index_ready_ms,955.927416,986.775291
v29,F1-ignore-list,Walker,A,100000,100000,100000,100000,results_ready_ms,955.927416,986.775291
v29,F1-ignore-list,Walker,A,100000,100000,100000,100000,full_wait_ms,921.771086,945.136874
v29,F1-ignore-list,Walker,A,100000,100000,100000,100000,max_frame_ms,8.688125,10.279417
v29,F1-ignore-list,Walker,A,100000,100000,100000,100000,max_ingest_gap_ms,28.258708000000002,31.218625
v29,F1-ignore-list,Walker,A,100000,100000,100000,100000,max_no_work_progress_ms,28.258708000000002,31.218625
v29,F1-ignore-list,Walker,B,100000,100000,100000,100000,data_publish_end_ms,86261.77,87305.749125
v29,F1-ignore-list,Walker,B,100000,100000,100000,100000,terminal_publish_ms,86261.770875,87305.75
v29,F1-ignore-list,Walker,B,100000,100000,100000,100000,index_ready_ms,93270.420667,95624.155083
v29,F1-ignore-list,Walker,B,100000,100000,100000,100000,results_ready_ms,93270.420667,95624.155083
v29,F1-ignore-list,Walker,B,100000,100000,100000,100000,full_wait_ms,86147.840998,87186.406426
v29,F1-ignore-list,Walker,B,100000,100000,100000,100000,max_frame_ms,27.014917,28.439541
v29,F1-ignore-list,Walker,B,100000,100000,100000,100000,max_ingest_gap_ms,2909.423792,2979.244458
v29,F1-ignore-list,Walker,B,100000,100000,100000,100000,max_no_work_progress_ms,2841.9735419999997,2888.336792
v29,F1-mid-ignore,FileList,A,100000,100000,100000,100000,data_publish_end_ms,238.71587499999998,243.08729200000002
v29,F1-mid-ignore,FileList,A,100000,100000,100000,100000,terminal_publish_ms,238.71616600000002,243.08775
v29,F1-mid-ignore,FileList,A,100000,100000,100000,100000,index_ready_ms,256.853792,260.21375
v29,F1-mid-ignore,FileList,A,100000,100000,100000,100000,results_ready_ms,256.853792,260.21375
v29,F1-mid-ignore,FileList,A,100000,100000,100000,100000,full_wait_ms,185.008208,188.538498
v29,F1-mid-ignore,FileList,A,100000,100000,100000,100000,max_frame_ms,0.814666,0.950083
v29,F1-mid-ignore,FileList,A,100000,100000,100000,100000,max_ingest_gap_ms,23.855542,25.088042
v29,F1-mid-ignore,FileList,A,100000,100000,100000,100000,max_no_work_progress_ms,23.855542,24.837459
v29,F1-mid-ignore,FileList,B,100000,100000,100000,100000,data_publish_end_ms,46695.814917,48619.3905
v29,F1-mid-ignore,FileList,B,100000,100000,100000,100000,terminal_publish_ms,46695.815500000004,48619.39075
v29,F1-mid-ignore,FileList,B,100000,100000,100000,100000,index_ready_ms,60348.794792,64489.191208
v29,F1-mid-ignore,FileList,B,100000,100000,100000,100000,results_ready_ms,60348.794792,64489.191208
v29,F1-mid-ignore,FileList,B,100000,100000,100000,100000,full_wait_ms,46404.824916000005,48334.429917
v29,F1-mid-ignore,FileList,B,100000,100000,100000,100000,max_frame_ms,10.478791,12.122000000000002
v29,F1-mid-ignore,FileList,B,100000,100000,100000,100000,max_ingest_gap_ms,2994.621916,3098.458209
v29,F1-mid-ignore,FileList,B,100000,100000,100000,100000,max_no_work_progress_ms,2831.692417,2938.828
v29,F1-mid-ignore,Walker,A,100000,100000,100000,100000,data_publish_end_ms,951.261542,979.448
v29,F1-mid-ignore,Walker,A,100000,100000,100000,100000,terminal_publish_ms,951.26175,979.448375
v29,F1-mid-ignore,Walker,A,100000,100000,100000,100000,index_ready_ms,969.731,996.9979169999999
v29,F1-mid-ignore,Walker,A,100000,100000,100000,100000,results_ready_ms,969.731,996.9979169999999
v29,F1-mid-ignore,Walker,A,100000,100000,100000,100000,full_wait_ms,932.5216670000001,959.3462109999999
v29,F1-mid-ignore,Walker,A,100000,100000,100000,100000,max_frame_ms,8.528917,9.579541
v29,F1-mid-ignore,Walker,A,100000,100000,100000,100000,max_ingest_gap_ms,29.718292,32.870958
v29,F1-mid-ignore,Walker,A,100000,100000,100000,100000,max_no_work_progress_ms,29.718292,32.870958
v29,F1-mid-ignore,Walker,B,100000,100000,100000,100000,data_publish_end_ms,85348.889584,89369.819292
v29,F1-mid-ignore,Walker,B,100000,100000,100000,100000,terminal_publish_ms,85348.890875,89369.819625
v29,F1-mid-ignore,Walker,B,100000,100000,100000,100000,index_ready_ms,91769.54587500001,95705.74337499999
v29,F1-mid-ignore,Walker,B,100000,100000,100000,100000,results_ready_ms,91769.54587500001,95705.74337499999
v29,F1-mid-ignore,Walker,B,100000,100000,100000,100000,full_wait_ms,85122.57442,89143.53241300001
v29,F1-mid-ignore,Walker,B,100000,100000,100000,100000,max_frame_ms,27.692167,29.777375
v29,F1-mid-ignore,Walker,B,100000,100000,100000,100000,max_ingest_gap_ms,2919.6387499999996,2954.6627089999997
v29,F1-mid-ignore,Walker,B,100000,100000,100000,100000,max_no_work_progress_ms,2845.6741669999997,2863.0540829999995
v29,H1-early,FileList,A,100000,100000,200000,200000,data_publish_end_ms,767.930958,795.397417
v29,H1-early,FileList,A,100000,100000,200000,200000,terminal_publish_ms,767.931292,795.3985
v29,H1-early,FileList,A,100000,100000,200000,200000,index_ready_ms,795.664833,824.1202920000001
v29,H1-early,FileList,A,100000,100000,200000,200000,results_ready_ms,795.664833,824.1202920000001
v29,H1-early,FileList,A,100000,100000,200000,200000,full_wait_ms,426.011623,445.94287399999996
v29,H1-early,FileList,A,100000,100000,200000,200000,max_frame_ms,1.1800000000000002,1.9554580000000001
v29,H1-early,FileList,A,100000,100000,200000,200000,max_ingest_gap_ms,23.991958,25.139083
v29,H1-early,FileList,A,100000,100000,200000,200000,max_no_work_progress_ms,291.231542,308.344125
v29,H1-early,FileList,B,100000,100000,200000,200000,data_publish_end_ms,772.741583,806.6827079999999
v29,H1-early,FileList,B,100000,100000,200000,200000,terminal_publish_ms,772.742208,806.68375
v29,H1-early,FileList,B,100000,100000,200000,200000,index_ready_ms,790.540417,830.360042
v29,H1-early,FileList,B,100000,100000,200000,200000,results_ready_ms,790.540417,830.360042
v29,H1-early,FileList,B,100000,100000,200000,200000,full_wait_ms,430.63037599999996,460.66133199999996
v29,H1-early,FileList,B,100000,100000,200000,200000,max_frame_ms,1.471458,6.391709
v29,H1-early,FileList,B,100000,100000,200000,200000,max_ingest_gap_ms,23.982084,25.013625
v29,H1-early,FileList,B,100000,100000,200000,200000,max_no_work_progress_ms,300.125875,302.9905
v29,H1-late,FileList,A,100000,100000,200000,200000,data_publish_end_ms,775.0200000000001,806.350834
v29,H1-late,FileList,A,100000,100000,200000,200000,terminal_publish_ms,775.020875,806.351917
v29,H1-late,FileList,A,100000,100000,200000,200000,index_ready_ms,807.819667,841.6812500000001
v29,H1-late,FileList,A,100000,100000,200000,200000,results_ready_ms,807.819667,841.6812500000001
v29,H1-late,FileList,A,100000,100000,200000,200000,full_wait_ms,410.047749,433.178831
v29,H1-late,FileList,A,100000,100000,200000,200000,max_frame_ms,1.0842079999999998,6.288
v29,H1-late,FileList,A,100000,100000,200000,200000,max_ingest_gap_ms,23.968125,24.960417
v29,H1-late,FileList,A,100000,100000,200000,200000,max_no_work_progress_ms,318.403584,321.747583
v29,H1-late,FileList,B,100000,100000,200000,200000,data_publish_end_ms,803.827666,810.172334
v29,H1-late,FileList,B,100000,100000,200000,200000,terminal_publish_ms,803.828875,810.173417
v29,H1-late,FileList,B,100000,100000,200000,200000,index_ready_ms,827.377666,829.834541
v29,H1-late,FileList,B,100000,100000,200000,200000,results_ready_ms,827.377666,829.834541
v29,H1-late,FileList,B,100000,100000,200000,200000,full_wait_ms,433.039542,443.249292
v29,H1-late,FileList,B,100000,100000,200000,200000,max_frame_ms,1.152083,1.570292
v29,H1-late,FileList,B,100000,100000,200000,200000,max_ingest_gap_ms,23.979209,24.064166
v29,H1-late,FileList,B,100000,100000,200000,200000,max_no_work_progress_ms,317.095375,324.294541
v29,O1-modified-shown,FileList,A,100000,100000,100000,100000,data_publish_end_ms,244.23083300000002,249.36783300000002
v29,O1-modified-shown,FileList,A,100000,100000,100000,100000,terminal_publish_ms,244.231125,249.368208
v29,O1-modified-shown,FileList,A,100000,100000,100000,100000,index_ready_ms,261.671,268.757125
v29,O1-modified-shown,FileList,A,100000,100000,100000,100000,results_ready_ms,261.671,268.757125
v29,O1-modified-shown,FileList,A,100000,100000,100000,100000,full_wait_ms,191.159833,194.75537400000002
v29,O1-modified-shown,FileList,A,100000,100000,100000,100000,max_frame_ms,0.806458,0.8835419999999999
v29,O1-modified-shown,FileList,A,100000,100000,100000,100000,max_ingest_gap_ms,24.862,25.088666999999997
v29,O1-modified-shown,FileList,A,100000,100000,100000,100000,max_no_work_progress_ms,24.622,24.860334
v29,O1-modified-shown,FileList,B,100000,100000,100000,100000,data_publish_end_ms,241.13008299999998,248.217458
v29,O1-modified-shown,FileList,B,100000,100000,100000,100000,terminal_publish_ms,241.130458,248.218
v29,O1-modified-shown,FileList,B,100000,100000,100000,100000,index_ready_ms,259.866625,264.810875
v29,O1-modified-shown,FileList,B,100000,100000,100000,100000,results_ready_ms,259.866625,264.810875
v29,O1-modified-shown,FileList,B,100000,100000,100000,100000,full_wait_ms,187.628916,193.83345799999998
v29,O1-modified-shown,FileList,B,100000,100000,100000,100000,max_frame_ms,1.3092080000000001,1.351334
v29,O1-modified-shown,FileList,B,100000,100000,100000,100000,max_ingest_gap_ms,24.903417,25.048083
v29,O1-modified-shown,FileList,B,100000,100000,100000,100000,max_no_work_progress_ms,24.762,25.023166
v29,O1-modified-shown,Walker,A,100000,100000,100000,100000,data_publish_end_ms,931.9801669999999,953.512417
v29,O1-modified-shown,Walker,A,100000,100000,100000,100000,terminal_publish_ms,931.9805,953.5127920000001
v29,O1-modified-shown,Walker,A,100000,100000,100000,100000,index_ready_ms,955.008792,976.63575
v29,O1-modified-shown,Walker,A,100000,100000,100000,100000,results_ready_ms,955.008792,976.63575
v29,O1-modified-shown,Walker,A,100000,100000,100000,100000,full_wait_ms,914.185251,934.364328
v29,O1-modified-shown,Walker,A,100000,100000,100000,100000,max_frame_ms,8.298541,10.005334
v29,O1-modified-shown,Walker,A,100000,100000,100000,100000,max_ingest_gap_ms,27.072375,32.4695
v29,O1-modified-shown,Walker,A,100000,100000,100000,100000,max_no_work_progress_ms,27.072375,32.4695
v29,O1-modified-shown,Walker,B,100000,100000,100000,100000,data_publish_end_ms,937.622208,965.0095
v29,O1-modified-shown,Walker,B,100000,100000,100000,100000,terminal_publish_ms,937.6225000000001,965.009667
v29,O1-modified-shown,Walker,B,100000,100000,100000,100000,index_ready_ms,961.308542,988.8601249999999
v29,O1-modified-shown,Walker,B,100000,100000,100000,100000,results_ready_ms,961.308542,988.8601249999999
v29,O1-modified-shown,Walker,B,100000,100000,100000,100000,full_wait_ms,919.020211,945.661043
v29,O1-modified-shown,Walker,B,100000,100000,100000,100000,max_frame_ms,8.281125,8.729291
v29,O1-modified-shown,Walker,B,100000,100000,100000,100000,max_ingest_gap_ms,27.644083,31.686290999999997
v29,O1-modified-shown,Walker,B,100000,100000,100000,100000,max_no_work_progress_ms,27.644083,31.686290999999997
v29,O1-name-shown,FileList,A,100000,100000,100000,100000,data_publish_end_ms,243.538333,250.56275
v29,O1-name-shown,FileList,A,100000,100000,100000,100000,terminal_publish_ms,243.538625,250.56312499999999
v29,O1-name-shown,FileList,A,100000,100000,100000,100000,index_ready_ms,258.255041,265.987458
v29,O1-name-shown,FileList,A,100000,100000,100000,100000,results_ready_ms,258.255041,265.987458
v29,O1-name-shown,FileList,A,100000,100000,100000,100000,full_wait_ms,187.710792,195.187665
v29,O1-name-shown,FileList,A,100000,100000,100000,100000,max_frame_ms,0.782541,0.869625
v29,O1-name-shown,FileList,A,100000,100000,100000,100000,max_ingest_gap_ms,24.00975,25.062082999999998
v29,O1-name-shown,FileList,A,100000,100000,100000,100000,max_no_work_progress_ms,24.00975,24.798458
v29,O1-name-shown,FileList,B,100000,100000,100000,100000,data_publish_end_ms,240.647625,250.574542
v29,O1-name-shown,FileList,B,100000,100000,100000,100000,terminal_publish_ms,240.647875,250.57483299999998
v29,O1-name-shown,FileList,B,100000,100000,100000,100000,index_ready_ms,261.474208,264.90999999999997
v29,O1-name-shown,FileList,B,100000,100000,100000,100000,results_ready_ms,261.474208,264.90999999999997
v29,O1-name-shown,FileList,B,100000,100000,100000,100000,full_wait_ms,186.110376,194.977999
v29,O1-name-shown,FileList,B,100000,100000,100000,100000,max_frame_ms,0.7637079999999999,0.80325
v29,O1-name-shown,FileList,B,100000,100000,100000,100000,max_ingest_gap_ms,24.09075,24.973334
v29,O1-name-shown,FileList,B,100000,100000,100000,100000,max_no_work_progress_ms,24.09075,24.720667000000002
v29,O1-name-shown,Walker,A,100000,100000,100000,100000,data_publish_end_ms,929.5271670000001,963.230833
v29,O1-name-shown,Walker,A,100000,100000,100000,100000,terminal_publish_ms,929.527542,963.231166
v29,O1-name-shown,Walker,A,100000,100000,100000,100000,index_ready_ms,952.845417,987.4248749999999
v29,O1-name-shown,Walker,A,100000,100000,100000,100000,results_ready_ms,952.845417,987.4248749999999
v29,O1-name-shown,Walker,A,100000,100000,100000,100000,full_wait_ms,911.230999,944.508542
v29,O1-name-shown,Walker,A,100000,100000,100000,100000,max_frame_ms,8.158083,9.132042
v29,O1-name-shown,Walker,A,100000,100000,100000,100000,max_ingest_gap_ms,27.387,31.697875
v29,O1-name-shown,Walker,A,100000,100000,100000,100000,max_no_work_progress_ms,27.387,31.697875
v29,O1-name-shown,Walker,B,100000,100000,100000,100000,data_publish_end_ms,949.796083,984.7011660000001
v29,O1-name-shown,Walker,B,100000,100000,100000,100000,terminal_publish_ms,949.796333,984.701583
v29,O1-name-shown,Walker,B,100000,100000,100000,100000,index_ready_ms,967.469708,1008.307458
v29,O1-name-shown,Walker,B,100000,100000,100000,100000,results_ready_ms,967.469708,1008.307458
v29,O1-name-shown,Walker,B,100000,100000,100000,100000,full_wait_ms,930.995208,966.138418
v29,O1-name-shown,Walker,B,100000,100000,100000,100000,max_frame_ms,7.848166,9.064083
v29,O1-name-shown,Walker,B,100000,100000,100000,100000,max_ingest_gap_ms,25.366666,31.930083999999997
v29,O1-name-shown,Walker,B,100000,100000,100000,100000,max_no_work_progress_ms,25.366666,31.930083999999997
v29,P1-preview,FileList,A,100000,100000,100000,100000,data_publish_end_ms,234.450208,238.2165
v29,P1-preview,FileList,A,100000,100000,100000,100000,terminal_publish_ms,234.45075,238.21683399999998
v29,P1-preview,FileList,A,100000,100000,100000,100000,index_ready_ms,1326.8180410000002,1343.318834
v29,P1-preview,FileList,A,100000,100000,100000,100000,results_ready_ms,1326.8180410000002,1343.318834
v29,P1-preview,FileList,A,100000,100000,100000,100000,full_wait_ms,180.089583,183.44608100000002
v29,P1-preview,FileList,A,100000,100000,100000,100000,max_frame_ms,0.875541,25.006583999999997
v29,P1-preview,FileList,A,100000,100000,100000,100000,max_ingest_gap_ms,1071.5125409999998,1079.633584
v29,P1-preview,FileList,A,100000,100000,100000,100000,max_no_work_progress_ms,1052.166792,1055.594125
v29,P1-preview,FileList,B,100000,100000,100000,100000,data_publish_end_ms,235.74783399999998,251.8995
v29,P1-preview,FileList,B,100000,100000,100000,100000,terminal_publish_ms,235.748167,251.899875
v29,P1-preview,FileList,B,100000,100000,100000,100000,index_ready_ms,1316.4143749999998,1361.3173330000002
v29,P1-preview,FileList,B,100000,100000,100000,100000,results_ready_ms,1316.4143749999998,1361.3173330000002
v29,P1-preview,FileList,B,100000,100000,100000,100000,full_wait_ms,180.84070599999998,196.26875099999998
v29,P1-preview,FileList,B,100000,100000,100000,100000,max_frame_ms,0.918459,1.256666
v29,P1-preview,FileList,B,100000,100000,100000,100000,max_ingest_gap_ms,1066.457208,1091.079583
v29,P1-preview,FileList,B,100000,100000,100000,100000,max_no_work_progress_ms,1046.453166,1071.9711670000002
v29,P1-preview,Walker,A,100000,100000,100000,100000,data_publish_end_ms,1002.212791,1082.121666
v29,P1-preview,Walker,A,100000,100000,100000,100000,terminal_publish_ms,1002.2136660000001,1082.122875
v29,P1-preview,Walker,A,100000,100000,100000,100000,index_ready_ms,2089.6710829999997,2194.554916
v29,P1-preview,Walker,A,100000,100000,100000,100000,results_ready_ms,2089.6710829999997,2194.554916
v29,P1-preview,Walker,A,100000,100000,100000,100000,full_wait_ms,948.125959,1029.521462
v29,P1-preview,Walker,A,100000,100000,100000,100000,max_frame_ms,0.881208,14.080416
v29,P1-preview,Walker,A,100000,100000,100000,100000,max_ingest_gap_ms,1081.276417,1113.096916
v29,P1-preview,Walker,A,100000,100000,100000,100000,max_no_work_progress_ms,1058.710292,1089.359208
v29,P1-preview,Walker,B,100000,100000,100000,100000,data_publish_end_ms,989.204,1013.61525
v29,P1-preview,Walker,B,100000,100000,100000,100000,terminal_publish_ms,989.204875,1013.616166
v29,P1-preview,Walker,B,100000,100000,100000,100000,index_ready_ms,2069.697666,2092.223041
v29,P1-preview,Walker,B,100000,100000,100000,100000,results_ready_ms,2069.697666,2092.223041
v29,P1-preview,Walker,B,100000,100000,100000,100000,full_wait_ms,936.208334,960.633335
v29,P1-preview,Walker,B,100000,100000,100000,100000,max_frame_ms,1.078917,14.4535
v29,P1-preview,Walker,B,100000,100000,100000,100000,max_ingest_gap_ms,1087.0035,1110.0912919999998
v29,P1-preview,Walker,B,100000,100000,100000,100000,max_no_work_progress_ms,1063.1232909999999,1102.988208
v29,R1-natural,FileList,A,100000,100000,100000,100000,data_publish_end_ms,232.916541,244.589375
v29,R1-natural,FileList,A,100000,100000,100000,100000,terminal_publish_ms,232.916875,244.589709
v29,R1-natural,FileList,A,100000,100000,100000,100000,index_ready_ms,268.373833,283.56966700000004
v29,R1-natural,FileList,A,100000,100000,100000,100000,results_ready_ms,268.373833,283.56966700000004
v29,R1-natural,FileList,A,100000,100000,100000,100000,full_wait_ms,175.338706,185.757792
v29,R1-natural,FileList,A,100000,100000,100000,100000,max_frame_ms,0.6498339999999999,1.464167
v29,R1-natural,FileList,A,100000,100000,100000,100000,max_ingest_gap_ms,23.9265,24.797375
v29,R1-natural,FileList,A,100000,100000,100000,100000,max_no_work_progress_ms,23.9265,24.499334
v29,R1-natural,FileList,B,100000,100000,100000,100000,data_publish_end_ms,236.490959,248.769458
v29,R1-natural,FileList,B,100000,100000,100000,100000,terminal_publish_ms,236.49124999999998,248.76975000000002
v29,R1-natural,FileList,B,100000,100000,100000,100000,index_ready_ms,276.416458,283.815875
v29,R1-natural,FileList,B,100000,100000,100000,100000,results_ready_ms,276.416458,283.815875
v29,R1-natural,FileList,B,100000,100000,100000,100000,full_wait_ms,183.47954,194.255247
v29,R1-natural,FileList,B,100000,100000,100000,100000,max_frame_ms,0.6726669999999999,1.004834
v29,R1-natural,FileList,B,100000,100000,100000,100000,max_ingest_gap_ms,24.011083999999997,24.577417
v29,R1-natural,FileList,B,100000,100000,100000,100000,max_no_work_progress_ms,24.011083999999997,24.284334
v29,R1-natural,Walker,A,100000,100000,100000,100000,data_publish_end_ms,975.7151250000001,1012.805709
v29,R1-natural,Walker,A,100000,100000,100000,100000,terminal_publish_ms,975.716125,1012.8067919999999
v29,R1-natural,Walker,A,100000,100000,100000,100000,index_ready_ms,1017.2291250000001,1056.584875
v29,R1-natural,Walker,A,100000,100000,100000,100000,results_ready_ms,1017.2291250000001,1056.584875
v29,R1-natural,Walker,A,100000,100000,100000,100000,full_wait_ms,930.873586,967.0939539999999
v29,R1-natural,Walker,A,100000,100000,100000,100000,max_frame_ms,28.22675,29.134458
v29,R1-natural,Walker,A,100000,100000,100000,100000,max_ingest_gap_ms,43.457625,49.988541
v29,R1-natural,Walker,A,100000,100000,100000,100000,max_no_work_progress_ms,43.457625,49.988541
v29,R1-natural,Walker,B,100000,100000,100000,100000,data_publish_end_ms,995.1380829999999,1040.995334
v29,R1-natural,Walker,B,100000,100000,100000,100000,terminal_publish_ms,995.139625,1040.996709
v29,R1-natural,Walker,B,100000,100000,100000,100000,index_ready_ms,1039.955583,1083.620417
v29,R1-natural,Walker,B,100000,100000,100000,100000,results_ready_ms,1039.955583,1083.620417
v29,R1-natural,Walker,B,100000,100000,100000,100000,full_wait_ms,949.383668,992.0495430000001
v29,R1-natural,Walker,B,100000,100000,100000,100000,max_frame_ms,27.729667,29.250958
v29,R1-natural,Walker,B,100000,100000,100000,100000,max_ingest_gap_ms,48.096834,49.662708
v29,R1-natural,Walker,B,100000,100000,100000,100000,max_no_work_progress_ms,48.096834,49.662708
v29,S1-ignore,FileList,A,100000,100000,100000,100000,data_publish_end_ms,42276.511167000004,46128.276708000005
v29,S1-ignore,FileList,A,100000,100000,100000,100000,terminal_publish_ms,42276.512292,46128.279708
v29,S1-ignore,FileList,A,100000,100000,100000,100000,index_ready_ms,59279.255708000004,63100.10725
v29,S1-ignore,FileList,A,100000,100000,100000,100000,results_ready_ms,59279.255708000004,63100.10725
v29,S1-ignore,FileList,A,100000,100000,100000,100000,full_wait_ms,42063.697415,45902.353249
v29,S1-ignore,FileList,A,100000,100000,100000,100000,max_frame_ms,11.131416999999999,12.287084
v29,S1-ignore,FileList,A,100000,100000,100000,100000,max_ingest_gap_ms,2945.689833,3054.260917
v29,S1-ignore,FileList,A,100000,100000,100000,100000,max_no_work_progress_ms,2854.519958,2977.969833
v29,S1-ignore,FileList,B,100000,100000,100000,100000,data_publish_end_ms,1479.0330840000001,1528.306958
v29,S1-ignore,FileList,B,100000,100000,100000,100000,terminal_publish_ms,1479.033584,1528.307458
v29,S1-ignore,FileList,B,100000,100000,100000,100000,index_ready_ms,1891.5953330000002,1990.3348749999998
v29,S1-ignore,FileList,B,100000,100000,100000,100000,results_ready_ms,1969.97725,2070.547708
v29,S1-ignore,FileList,B,100000,100000,100000,100000,full_wait_ms,1362.00129,1393.792499
v29,S1-ignore,FileList,B,100000,100000,100000,100000,max_frame_ms,6.05975,6.237542
v29,S1-ignore,FileList,B,100000,100000,100000,100000,max_ingest_gap_ms,488.54116600000003,506.08175
v29,S1-ignore,FileList,B,100000,100000,100000,100000,max_no_work_progress_ms,302.60787500000004,313.736583
v29,S1-ignore,Walker,A,100000,100000,100000,100000,data_publish_end_ms,86703.79,91694.319292
v29,S1-ignore,Walker,A,100000,100000,100000,100000,terminal_publish_ms,86703.791167,91694.32
v29,S1-ignore,Walker,A,100000,100000,100000,100000,index_ready_ms,93126.52975,96901.943625
v29,S1-ignore,Walker,A,100000,100000,100000,100000,results_ready_ms,93126.52975,96901.943625
v29,S1-ignore,Walker,A,100000,100000,100000,100000,full_wait_ms,86602.927164,91581.451583
v29,S1-ignore,Walker,A,100000,100000,100000,100000,max_frame_ms,29.423792000000002,32.185582999999994
v29,S1-ignore,Walker,A,100000,100000,100000,100000,max_ingest_gap_ms,2944.2968330000003,3032.9015
v29,S1-ignore,Walker,A,100000,100000,100000,100000,max_no_work_progress_ms,2859.774917,2961.987041
v29,S1-ignore,Walker,B,100000,100000,100000,100000,data_publish_end_ms,3046.4971250000003,3221.788584
v29,S1-ignore,Walker,B,100000,100000,100000,100000,terminal_publish_ms,3046.4974159999997,3221.788834
v29,S1-ignore,Walker,B,100000,100000,100000,100000,index_ready_ms,3069.378334,3264.2835419999997
v29,S1-ignore,Walker,B,100000,100000,100000,100000,results_ready_ms,3121.664083,3264.2835419999997
v29,S1-ignore,Walker,B,100000,100000,100000,100000,full_wait_ms,2998.143705,3184.119793
v29,S1-ignore,Walker,B,100000,100000,100000,100000,max_frame_ms,9.308292,11.121374999999999
v29,S1-ignore,Walker,B,100000,100000,100000,100000,max_ingest_gap_ms,436.055542,576.4105000000001
v29,S1-ignore,Walker,B,100000,100000,100000,100000,max_no_work_progress_ms,326.024125,335.352834
v29,S2-files,Walker,A,100000,80000,80000,80000,data_publish_end_ms,62744.669375,63344.568250000004
v29,S2-files,Walker,A,100000,80000,80000,80000,terminal_publish_ms,62744.670416,63344.569375
v29,S2-files,Walker,A,100000,80000,80000,80000,index_ready_ms,66279.633583,66784.52875000001
v29,S2-files,Walker,A,100000,80000,80000,80000,results_ready_ms,66279.633583,66784.52875000001
v29,S2-files,Walker,A,100000,80000,80000,80000,full_wait_ms,62630.313332,63231.276289999994
v29,S2-files,Walker,A,100000,80000,80000,80000,max_frame_ms,25.423334,28.192667
v29,S2-files,Walker,A,100000,80000,80000,80000,max_ingest_gap_ms,3500.829375,3598.774792
v29,S2-files,Walker,A,100000,80000,80000,80000,max_no_work_progress_ms,3385.172292,3484.0857920000003
v29,S2-files,Walker,B,100000,80000,80000,80000,data_publish_end_ms,46532.542208,47177.115416
v29,S2-files,Walker,B,100000,80000,80000,80000,terminal_publish_ms,46532.542916,47177.116540999996
v29,S2-files,Walker,B,100000,80000,80000,80000,index_ready_ms,50067.616708,50668.672416
v29,S2-files,Walker,B,100000,80000,80000,80000,results_ready_ms,50067.616708,50668.672416
v29,S2-files,Walker,B,100000,80000,80000,80000,full_wait_ms,46447.647417,47098.742831
v29,S2-files,Walker,B,100000,80000,80000,80000,max_frame_ms,25.564375000000002,27.087083
v29,S2-files,Walker,B,100000,80000,80000,80000,max_ingest_gap_ms,3467.218167,3559.511291
v29,S2-files,Walker,B,100000,80000,80000,80000,max_no_work_progress_ms,3355.626042,3446.6567499999996
v29,T1-A-B-C-A,FileList,A,100000,100000,100000,100000,data_publish_end_ms,243.140125,248.829292
v29,T1-A-B-C-A,FileList,A,100000,100000,100000,100000,terminal_publish_ms,243.140584,248.82958399999998
v29,T1-A-B-C-A,FileList,A,100000,100000,100000,100000,index_ready_ms,285.159583,291.212292
v29,T1-A-B-C-A,FileList,A,100000,100000,100000,100000,results_ready_ms,285.159583,291.212292
v29,T1-A-B-C-A,FileList,A,100000,100000,100000,100000,full_wait_ms,185.66158099999998,193.20404
v29,T1-A-B-C-A,FileList,A,100000,100000,100000,100000,max_frame_ms,0.43733299999999997,0.497667
v29,T1-A-B-C-A,FileList,A,100000,100000,100000,100000,max_ingest_gap_ms,23.942083,24.335959
v29,T1-A-B-C-A,FileList,A,100000,100000,100000,100000,max_no_work_progress_ms,23.942083,24.142792
v29,T1-A-B-C-A,FileList,B,100000,100000,100000,100000,data_publish_end_ms,448.098333,458.38604100000003
v29,T1-A-B-C-A,FileList,B,100000,100000,100000,100000,terminal_publish_ms,448.098583,458.386333
v29,T1-A-B-C-A,FileList,B,100000,100000,100000,100000,index_ready_ms,1457.051375,1467.663542
v29,T1-A-B-C-A,FileList,B,100000,100000,100000,100000,results_ready_ms,1457.051375,1467.663542
v29,T1-A-B-C-A,FileList,B,100000,100000,100000,100000,full_wait_ms,182.35120799999999,188.418043
v29,T1-A-B-C-A,FileList,B,100000,100000,100000,100000,max_frame_ms,1.090833,1.127208
v29,T1-A-B-C-A,FileList,B,100000,100000,100000,100000,max_ingest_gap_ms,61.403875,63.46570799999999
v29,T1-A-B-C-A,FileList,B,100000,100000,100000,100000,max_no_work_progress_ms,970.561875,1001.364541
v29,T1-A-B-C-A,Walker,A,100000,100000,100000,100000,data_publish_end_ms,985.459458,1018.354791
v29,T1-A-B-C-A,Walker,A,100000,100000,100000,100000,terminal_publish_ms,985.4604999999999,1018.3560410000001
v29,T1-A-B-C-A,Walker,A,100000,100000,100000,100000,index_ready_ms,1029.6733330000002,1062.199958
v29,T1-A-B-C-A,Walker,A,100000,100000,100000,100000,results_ready_ms,1029.6733330000002,1062.199958
v29,T1-A-B-C-A,Walker,A,100000,100000,100000,100000,full_wait_ms,941.298249,970.691832
v29,T1-A-B-C-A,Walker,A,100000,100000,100000,100000,max_frame_ms,27.423792,27.920792
v29,T1-A-B-C-A,Walker,A,100000,100000,100000,100000,max_ingest_gap_ms,42.884125000000004,47.52625
v29,T1-A-B-C-A,Walker,A,100000,100000,100000,100000,max_no_work_progress_ms,42.884125000000004,47.52625
v29,T1-A-B-C-A,Walker,B,100000,100000,100000,100000,data_publish_end_ms,1354.387459,1425.159292
v29,T1-A-B-C-A,Walker,B,100000,100000,100000,100000,terminal_publish_ms,1354.388459,1425.159875
v29,T1-A-B-C-A,Walker,B,100000,100000,100000,100000,index_ready_ms,2322.021709,2370.366542
v29,T1-A-B-C-A,Walker,B,100000,100000,100000,100000,results_ready_ms,2322.021709,2370.366542
v29,T1-A-B-C-A,Walker,B,100000,100000,100000,100000,full_wait_ms,917.9472939999999,945.08404
v29,T1-A-B-C-A,Walker,B,100000,100000,100000,100000,max_frame_ms,26.141333999999997,27.229625
v29,T1-A-B-C-A,Walker,B,100000,100000,100000,100000,max_ingest_gap_ms,61.915791999999996,69.503375
v29,T1-A-B-C-A,Walker,B,100000,100000,100000,100000,max_no_work_progress_ms,910.4533329999999,943.156625
v29,T1-S1-dense,FileList,A,100000,100000,100000,100000,data_publish_end_ms,251.12258300000002,262.12654200000003
v29,T1-S1-dense,FileList,A,100000,100000,100000,100000,terminal_publish_ms,251.12287500000002,262.126875
v29,T1-S1-dense,FileList,A,100000,100000,100000,100000,index_ready_ms,1310.876625,1339.2572910000001
v29,T1-S1-dense,FileList,A,100000,100000,100000,100000,results_ready_ms,1310.876625,1339.2572910000001
v29,T1-S1-dense,FileList,A,100000,100000,100000,100000,full_wait_ms,194.307167,205.55154100000001
v29,T1-S1-dense,FileList,A,100000,100000,100000,100000,max_frame_ms,0.8101659999999999,0.8720000000000001
v29,T1-S1-dense,FileList,A,100000,100000,100000,100000,max_ingest_gap_ms,1055.650875,1071.851583
v29,T1-S1-dense,FileList,A,100000,100000,100000,100000,max_no_work_progress_ms,1036.5264590000002,1049.1575
v29,T1-S1-dense,FileList,B,100000,100000,100000,100000,data_publish_end_ms,239.88049999999998,248.95795900000002
v29,T1-S1-dense,FileList,B,100000,100000,100000,100000,terminal_publish_ms,239.881,248.95825
v29,T1-S1-dense,FileList,B,100000,100000,100000,100000,index_ready_ms,1319.6643749999998,1341.656667
v29,T1-S1-dense,FileList,B,100000,100000,100000,100000,results_ready_ms,1319.6643749999998,1341.656667
v29,T1-S1-dense,FileList,B,100000,100000,100000,100000,full_wait_ms,183.536043,194.62675199999998
v29,T1-S1-dense,FileList,B,100000,100000,100000,100000,max_frame_ms,0.8801669999999999,1.223209
v29,T1-S1-dense,FileList,B,100000,100000,100000,100000,max_ingest_gap_ms,1079.3040839999999,1098.0980840000002
v29,T1-S1-dense,FileList,B,100000,100000,100000,100000,max_no_work_progress_ms,1055.365,1074.0255
v29,T1-S1-dense,Walker,A,100000,100000,100000,100000,data_publish_end_ms,964.764666,998.173125
v29,T1-S1-dense,Walker,A,100000,100000,100000,100000,terminal_publish_ms,964.765625,998.174083
v29,T1-S1-dense,Walker,A,100000,100000,100000,100000,index_ready_ms,2050.634333,2088.920208
v29,T1-S1-dense,Walker,A,100000,100000,100000,100000,results_ready_ms,2050.634333,2088.920208
v29,T1-S1-dense,Walker,A,100000,100000,100000,100000,full_wait_ms,915.621797,951.735587
v29,T1-S1-dense,Walker,A,100000,100000,100000,100000,max_frame_ms,0.865916,2.50075
v29,T1-S1-dense,Walker,A,100000,100000,100000,100000,max_ingest_gap_ms,1089.650625,1108.062334
v29,T1-S1-dense,Walker,A,100000,100000,100000,100000,max_no_work_progress_ms,1067.070458,1089.638792
v29,T1-S1-dense,Walker,B,100000,100000,100000,100000,data_publish_end_ms,966.7392500000001,1036.948917
v29,T1-S1-dense,Walker,B,100000,100000,100000,100000,terminal_publish_ms,966.74025,1036.949875
v29,T1-S1-dense,Walker,B,100000,100000,100000,100000,index_ready_ms,2084.8099580000003,2167.333958
v29,T1-S1-dense,Walker,B,100000,100000,100000,100000,results_ready_ms,2084.8099580000003,2167.333958
v29,T1-S1-dense,Walker,B,100000,100000,100000,100000,full_wait_ms,918.9272109999999,983.783498
v29,T1-S1-dense,Walker,B,100000,100000,100000,100000,max_frame_ms,0.888583,0.9683750000000001
v29,T1-S1-dense,Walker,B,100000,100000,100000,100000,max_ingest_gap_ms,1088.863125,1122.192958
v29,T1-S1-dense,Walker,B,100000,100000,100000,100000,max_no_work_progress_ms,1065.308083,1098.322166
v29,T1-S1-selective,FileList,A,100000,100000,100000,100000,data_publish_end_ms,242.579833,253.637083
v29,T1-S1-selective,FileList,A,100000,100000,100000,100000,terminal_publish_ms,242.58029200000001,253.63741699999997
v29,T1-S1-selective,FileList,A,100000,100000,100000,100000,index_ready_ms,1302.08425,1342.17725
v29,T1-S1-selective,FileList,A,100000,100000,100000,100000,results_ready_ms,1302.08425,1342.17725
v29,T1-S1-selective,FileList,A,100000,100000,100000,100000,full_wait_ms,188.669957,198.22829000000002
v29,T1-S1-selective,FileList,A,100000,100000,100000,100000,max_frame_ms,0.820958,0.841125
v29,T1-S1-selective,FileList,A,100000,100000,100000,100000,max_ingest_gap_ms,1072.909458,1102.8005
v29,T1-S1-selective,FileList,A,100000,100000,100000,100000,max_no_work_progress_ms,1050.582958,1082.0779169999998
v29,T1-S1-selective,FileList,B,100000,100000,100000,100000,data_publish_end_ms,234.745083,242.958417
v29,T1-S1-selective,FileList,B,100000,100000,100000,100000,terminal_publish_ms,234.745542,242.95875
v29,T1-S1-selective,FileList,B,100000,100000,100000,100000,index_ready_ms,1298.24575,1338.751875
v29,T1-S1-selective,FileList,B,100000,100000,100000,100000,results_ready_ms,1298.24575,1338.751875
v29,T1-S1-selective,FileList,B,100000,100000,100000,100000,full_wait_ms,178.078541,186.12079400000002
v29,T1-S1-selective,FileList,B,100000,100000,100000,100000,max_frame_ms,0.856667,0.89875
v29,T1-S1-selective,FileList,B,100000,100000,100000,100000,max_ingest_gap_ms,1073.005417,1098.345833
v29,T1-S1-selective,FileList,B,100000,100000,100000,100000,max_no_work_progress_ms,1052.981709,1080.2627499999999
v29,T1-S1-selective,Walker,A,100000,100000,100000,100000,data_publish_end_ms,989.276041,1036.1215
v29,T1-S1-selective,Walker,A,100000,100000,100000,100000,terminal_publish_ms,989.276916,1036.122583
v29,T1-S1-selective,Walker,A,100000,100000,100000,100000,index_ready_ms,2075.511208,2127.443375
v29,T1-S1-selective,Walker,A,100000,100000,100000,100000,results_ready_ms,2075.511208,2127.443375
v29,T1-S1-selective,Walker,A,100000,100000,100000,100000,full_wait_ms,936.186164,983.4616309999999
v29,T1-S1-selective,Walker,A,100000,100000,100000,100000,max_frame_ms,0.842125,14.917290999999999
v29,T1-S1-selective,Walker,A,100000,100000,100000,100000,max_ingest_gap_ms,1087.512459,1128.75575
v29,T1-S1-selective,Walker,A,100000,100000,100000,100000,max_no_work_progress_ms,1063.785917,1111.3995830000001
v29,T1-S1-selective,Walker,B,100000,100000,100000,100000,data_publish_end_ms,990.5945,1059.130041
v29,T1-S1-selective,Walker,B,100000,100000,100000,100000,terminal_publish_ms,990.5952500000001,1059.1311249999999
v29,T1-S1-selective,Walker,B,100000,100000,100000,100000,index_ready_ms,2089.048042,2136.314625
v29,T1-S1-selective,Walker,B,100000,100000,100000,100000,results_ready_ms,2089.048042,2136.314625
v29,T1-S1-selective,Walker,B,100000,100000,100000,100000,full_wait_ms,940.51237,1001.545585
v29,T1-S1-selective,Walker,B,100000,100000,100000,100000,max_frame_ms,1.2965419999999999,1.401208
v29,T1-S1-selective,Walker,B,100000,100000,100000,100000,max_ingest_gap_ms,1096.035875,1108.200792
v29,T1-S1-selective,Walker,B,100000,100000,100000,100000,max_no_work_progress_ms,1073.766,1085.5459999999998
v29,T1-S2,FileList,A,100000,100000,100000,100000,data_publish_end_ms,238.069541,249.45008299999998
v29,T1-S2,FileList,A,100000,100000,100000,100000,terminal_publish_ms,238.06983300000002,249.450375
v29,T1-S2,FileList,A,100000,100000,100000,100000,index_ready_ms,1316.320875,1341.518083
v29,T1-S2,FileList,A,100000,100000,100000,100000,results_ready_ms,1316.320875,1341.518083
v29,T1-S2,FileList,A,100000,100000,100000,100000,full_wait_ms,181.55966700000002,194.68195799999998
v29,T1-S2,FileList,A,100000,100000,100000,100000,max_frame_ms,0.832375,0.842166
v29,T1-S2,FileList,A,100000,100000,100000,100000,max_ingest_gap_ms,1081.496125,1125.1276249999999
v29,T1-S2,FileList,A,100000,100000,100000,100000,max_no_work_progress_ms,1061.148208,1103.090083
v29,T1-S2,FileList,B,100000,100000,100000,100000,data_publish_end_ms,227.059667,235.33837499999998
v29,T1-S2,FileList,B,100000,100000,100000,100000,terminal_publish_ms,227.059917,235.338625
v29,T1-S2,FileList,B,100000,100000,100000,100000,index_ready_ms,1296.554375,1336.642167
v29,T1-S2,FileList,B,100000,100000,100000,100000,results_ready_ms,1296.554375,1336.642167
v29,T1-S2,FileList,B,100000,100000,100000,100000,full_wait_ms,176.406499,183.00175
v29,T1-S2,FileList,B,100000,100000,100000,100000,max_frame_ms,0.832542,0.969417
v29,T1-S2,FileList,B,100000,100000,100000,100000,max_ingest_gap_ms,1074.43525,1112.4934580000001
v29,T1-S2,FileList,B,100000,100000,100000,100000,max_no_work_progress_ms,1055.6922499999998,1092.9229579999999
v29,T1-S2,Walker,A,100000,100000,100000,100000,data_publish_end_ms,979.069875,1018.546625
v29,T1-S2,Walker,A,100000,100000,100000,100000,terminal_publish_ms,979.071083,1018.548083
v29,T1-S2,Walker,A,100000,100000,100000,100000,index_ready_ms,2053.6700419999997,2094.0732080000002
v29,T1-S2,Walker,A,100000,100000,100000,100000,results_ready_ms,2053.6700419999997,2094.0732080000002
v29,T1-S2,Walker,A,100000,100000,100000,100000,full_wait_ms,930.975497,968.008122
v29,T1-S2,Walker,A,100000,100000,100000,100000,max_frame_ms,0.8983749999999999,10.581125
v29,T1-S2,Walker,A,100000,100000,100000,100000,max_ingest_gap_ms,1073.017541,1105.1567909999999
v29,T1-S2,Walker,A,100000,100000,100000,100000,max_no_work_progress_ms,1049.239583,1088.094708
v29,T1-S2,Walker,B,100000,100000,100000,100000,data_publish_end_ms,982.617667,1016.912625
v29,T1-S2,Walker,B,100000,100000,100000,100000,terminal_publish_ms,982.618625,1016.9134170000001
v29,T1-S2,Walker,B,100000,100000,100000,100000,index_ready_ms,2086.486708,2093.674042
v29,T1-S2,Walker,B,100000,100000,100000,100000,results_ready_ms,2086.486708,2093.674042
v29,T1-S2,Walker,B,100000,100000,100000,100000,full_wait_ms,933.9839979999999,958.7495849999999
v29,T1-S2,Walker,B,100000,100000,100000,100000,max_frame_ms,3.135166,3.244292
v29,T1-S2,Walker,B,100000,100000,100000,100000,max_ingest_gap_ms,1089.160292,1115.80525
v29,T1-S2,Walker,B,100000,100000,100000,100000,max_no_work_progress_ms,1076.57225,1092.069666
v29,T1-active-warm,FileList,A,100000,100000,100000,100000,data_publish_end_ms,243.91475000000003,262.802459
v29,T1-active-warm,FileList,A,100000,100000,100000,100000,terminal_publish_ms,243.915208,262.802792
v29,T1-active-warm,FileList,A,100000,100000,100000,100000,index_ready_ms,261.73479100000003,284.127125
v29,T1-active-warm,FileList,A,100000,100000,100000,100000,results_ready_ms,261.73479100000003,284.127125
v29,T1-active-warm,FileList,A,100000,100000,100000,100000,full_wait_ms,189.662916,207.532999
v29,T1-active-warm,FileList,A,100000,100000,100000,100000,max_frame_ms,0.7713340000000001,0.801958
v29,T1-active-warm,FileList,A,100000,100000,100000,100000,max_ingest_gap_ms,24.013417,24.037542
v29,T1-active-warm,FileList,A,100000,100000,100000,100000,max_no_work_progress_ms,24.013417,24.037542
v29,T1-active-warm,FileList,B,100000,100000,100000,100000,data_publish_end_ms,217.13945800000002,240.208458
v29,T1-active-warm,FileList,B,100000,100000,100000,100000,terminal_publish_ms,217.139791,240.20887499999998
v29,T1-active-warm,FileList,B,100000,100000,100000,100000,index_ready_ms,1282.6849579999998,1353.1998330000001
v29,T1-active-warm,FileList,B,100000,100000,100000,100000,results_ready_ms,1282.6849579999998,1353.1998330000001
v29,T1-active-warm,FileList,B,100000,100000,100000,100000,full_wait_ms,139.699164,159.975
v29,T1-active-warm,FileList,B,100000,100000,100000,100000,max_frame_ms,0.9829579999999999,1.129208
v29,T1-active-warm,FileList,B,100000,100000,100000,100000,max_ingest_gap_ms,23.692125,24.684082999999998
v29,T1-active-warm,FileList,B,100000,100000,100000,100000,max_no_work_progress_ms,1049.498208,1097.424417
v29,T1-active-warm,Walker,A,100000,100000,100000,100000,data_publish_end_ms,1001.096875,1032.2799579999999
v29,T1-active-warm,Walker,A,100000,100000,100000,100000,terminal_publish_ms,1001.098125,1032.280917
v29,T1-active-warm,Walker,A,100000,100000,100000,100000,index_ready_ms,1023.393542,1056.5687500000001
v29,T1-active-warm,Walker,A,100000,100000,100000,100000,results_ready_ms,1023.393542,1056.5687500000001
v29,T1-active-warm,Walker,A,100000,100000,100000,100000,full_wait_ms,954.365548,984.314248
v29,T1-active-warm,Walker,A,100000,100000,100000,100000,max_frame_ms,27.398374999999998,28.584208999999998
v29,T1-active-warm,Walker,A,100000,100000,100000,100000,max_ingest_gap_ms,47.004834,49.380125
v29,T1-active-warm,Walker,A,100000,100000,100000,100000,max_no_work_progress_ms,47.004834,49.380125
v29,T1-active-warm,Walker,B,100000,100000,100000,100000,data_publish_end_ms,932.142834,987.156459
v29,T1-active-warm,Walker,B,100000,100000,100000,100000,terminal_publish_ms,932.1435,987.159459
v29,T1-active-warm,Walker,B,100000,100000,100000,100000,index_ready_ms,2050.303875,2091.790667
v29,T1-active-warm,Walker,B,100000,100000,100000,100000,results_ready_ms,2050.303875,2091.790667
v29,T1-active-warm,Walker,B,100000,100000,100000,100000,full_wait_ms,889.179002,935.465415
v29,T1-active-warm,Walker,B,100000,100000,100000,100000,max_frame_ms,25.755958,27.716125
v29,T1-active-warm,Walker,B,100000,100000,100000,100000,max_ingest_gap_ms,41.046459,47.576583
v29,T1-active-warm,Walker,B,100000,100000,100000,100000,max_no_work_progress_ms,1091.552125,1102.650625
v29,T1-natural-reclaim,FileList,A,100000,100000,100000,100000,data_publish_end_ms,242.19075,259.65204200000005
v29,T1-natural-reclaim,FileList,A,100000,100000,100000,100000,terminal_publish_ms,242.191125,259.652417
v29,T1-natural-reclaim,FileList,A,100000,100000,100000,100000,index_ready_ms,280.345584,297.359875
v29,T1-natural-reclaim,FileList,A,100000,100000,100000,100000,results_ready_ms,280.345584,297.359875
v29,T1-natural-reclaim,FileList,A,100000,100000,100000,100000,full_wait_ms,182.890583,200.08246
v29,T1-natural-reclaim,FileList,A,100000,100000,100000,100000,max_frame_ms,0.642834,0.99
v29,T1-natural-reclaim,FileList,A,100000,100000,100000,100000,max_ingest_gap_ms,23.919249999999998,24.051040999999998
v29,T1-natural-reclaim,FileList,A,100000,100000,100000,100000,max_no_work_progress_ms,23.919249999999998,24.051040999999998
v29,T1-natural-reclaim,FileList,B,100000,100000,100000,100000,data_publish_end_ms,228.319917,235.262875
v29,T1-natural-reclaim,FileList,B,100000,100000,100000,100000,terminal_publish_ms,228.320167,235.263042
v29,T1-natural-reclaim,FileList,B,100000,100000,100000,100000,index_ready_ms,1342.336709,1363.462792
v29,T1-natural-reclaim,FileList,B,100000,100000,100000,100000,results_ready_ms,1342.336709,1363.462792
v29,T1-natural-reclaim,FileList,B,100000,100000,100000,100000,full_wait_ms,153.484792,160.24129200000002
v29,T1-natural-reclaim,FileList,B,100000,100000,100000,100000,max_frame_ms,1.111291,1.141459
v29,T1-natural-reclaim,FileList,B,100000,100000,100000,100000,max_ingest_gap_ms,23.919708,23.984959
v29,T1-natural-reclaim,FileList,B,100000,100000,100000,100000,max_no_work_progress_ms,1071.4793339999999,1086.604584
v29,T1-natural-reclaim,Walker,A,100000,100000,100000,100000,data_publish_end_ms,980.242042,996.1901250000001
v29,T1-natural-reclaim,Walker,A,100000,100000,100000,100000,terminal_publish_ms,980.2428749999999,996.191458
v29,T1-natural-reclaim,Walker,A,100000,100000,100000,100000,index_ready_ms,1024.74525,1040.307208
v29,T1-natural-reclaim,Walker,A,100000,100000,100000,100000,results_ready_ms,1024.74525,1040.307208
v29,T1-natural-reclaim,Walker,A,100000,100000,100000,100000,full_wait_ms,935.275289,954.273289
v29,T1-natural-reclaim,Walker,A,100000,100000,100000,100000,max_frame_ms,27.860959,28.908458000000003
v29,T1-natural-reclaim,Walker,A,100000,100000,100000,100000,max_ingest_gap_ms,43.092375000000004,48.885417000000004
v29,T1-natural-reclaim,Walker,A,100000,100000,100000,100000,max_no_work_progress_ms,43.092375000000004,48.885417000000004
v29,T1-natural-reclaim,Walker,B,100000,100000,100000,100000,data_publish_end_ms,950.930042,976.117291
v29,T1-natural-reclaim,Walker,B,100000,100000,100000,100000,terminal_publish_ms,950.9305420000001,976.118375
v29,T1-natural-reclaim,Walker,B,100000,100000,100000,100000,index_ready_ms,2056.520166,2096.912541
v29,T1-natural-reclaim,Walker,B,100000,100000,100000,100000,results_ready_ms,2056.520166,2096.912541
v29,T1-natural-reclaim,Walker,B,100000,100000,100000,100000,full_wait_ms,903.43729,926.124329
v29,T1-natural-reclaim,Walker,B,100000,100000,100000,100000,max_frame_ms,25.522750000000002,27.846333
v29,T1-natural-reclaim,Walker,B,100000,100000,100000,100000,max_ingest_gap_ms,43.125583,48.881375
v29,T1-natural-reclaim,Walker,B,100000,100000,100000,100000,max_no_work_progress_ms,1071.013208,1084.7379159999998
v29,T1-promotion,Walker,A,100000,100000,100000,100000,data_publish_end_ms,985.893667,1010.429209
v29,T1-promotion,Walker,A,100000,100000,100000,100000,terminal_publish_ms,985.894542,1010.4302919999999
v29,T1-promotion,Walker,A,100000,100000,100000,100000,index_ready_ms,1010.7017920000001,1033.091542
v29,T1-promotion,Walker,A,100000,100000,100000,100000,results_ready_ms,1010.7017920000001,1033.091542
v29,T1-promotion,Walker,A,100000,100000,100000,100000,full_wait_ms,940.871286,964.405709
v29,T1-promotion,Walker,A,100000,100000,100000,100000,max_frame_ms,27.314,27.901415999999998
v29,T1-promotion,Walker,A,100000,100000,100000,100000,max_ingest_gap_ms,43.875166,48.472125
v29,T1-promotion,Walker,A,100000,100000,100000,100000,max_no_work_progress_ms,43.875166,48.472125
v29,T1-promotion,Walker,B,100000,100000,100000,100000,data_publish_end_ms,932.958833,980.686292
v29,T1-promotion,Walker,B,100000,100000,100000,100000,terminal_publish_ms,932.959458,980.6872500000001
v29,T1-promotion,Walker,B,100000,100000,100000,100000,index_ready_ms,2025.2830830000003,2139.354333
v29,T1-promotion,Walker,B,100000,100000,100000,100000,results_ready_ms,2025.2830830000003,2139.354333
v29,T1-promotion,Walker,B,100000,100000,100000,100000,full_wait_ms,887.629834,931.0199150000001
v29,T1-promotion,Walker,B,100000,100000,100000,100000,max_frame_ms,24.632167,29.83375
v29,T1-promotion,Walker,B,100000,100000,100000,100000,max_ingest_gap_ms,899.476625,943.546
v29,T1-promotion,Walker,B,100000,100000,100000,100000,max_no_work_progress_ms,878.836083,943.546
v29,W1-deep,Walker,A,100000,100000,100000,100000,data_publish_end_ms,986.6809589999999,1029.2921669999998
v29,W1-deep,Walker,A,100000,100000,100000,100000,terminal_publish_ms,986.681709,1029.293584
v29,W1-deep,Walker,A,100000,100000,100000,100000,index_ready_ms,1006.3987500000001,1054.191542
v29,W1-deep,Walker,A,100000,100000,100000,100000,results_ready_ms,1006.3987500000001,1054.191542
v29,W1-deep,Walker,A,100000,100000,100000,100000,full_wait_ms,942.416495,985.6664149999999
v29,W1-deep,Walker,A,100000,100000,100000,100000,max_frame_ms,38.659625000000005,40.354084
v29,W1-deep,Walker,A,100000,100000,100000,100000,max_ingest_gap_ms,53.94275,58.165291
v29,W1-deep,Walker,A,100000,100000,100000,100000,max_no_work_progress_ms,53.94275,58.165291
v29,W1-deep,Walker,B,100000,100000,100000,100000,data_publish_end_ms,966.809333,1007.948959
v29,W1-deep,Walker,B,100000,100000,100000,100000,terminal_publish_ms,966.810583,1007.9501250000001
v29,W1-deep,Walker,B,100000,100000,100000,100000,index_ready_ms,992.788541,1033.311959
v29,W1-deep,Walker,B,100000,100000,100000,100000,results_ready_ms,992.788541,1033.311959
v29,W1-deep,Walker,B,100000,100000,100000,100000,full_wait_ms,923.6392079999999,963.3813289999999
v29,W1-deep,Walker,B,100000,100000,100000,100000,max_frame_ms,37.398541,39.966666999999994
v29,W1-deep,Walker,B,100000,100000,100000,100000,max_ingest_gap_ms,53.382332999999996,59.065334
v29,W1-deep,Walker,B,100000,100000,100000,100000,max_no_work_progress_ms,53.382332999999996,59.065334
v29,W1-follow-links,Walker,A,100000,199998,199998,199998,data_publish_end_ms,2110.655459,2156.834375
v29,W1-follow-links,Walker,A,100000,199998,199998,199998,terminal_publish_ms,2110.656542,2156.835583
v29,W1-follow-links,Walker,A,100000,199998,199998,199998,index_ready_ms,2148.596834,2200.8203329999997
v29,W1-follow-links,Walker,A,100000,199998,199998,199998,results_ready_ms,2148.596834,2200.8203329999997
v29,W1-follow-links,Walker,A,100000,199998,199998,199998,full_wait_ms,2041.084,2080.8289160000004
v29,W1-follow-links,Walker,A,100000,199998,199998,199998,max_frame_ms,52.638917,53.799541999999995
v29,W1-follow-links,Walker,A,100000,199998,199998,199998,max_ingest_gap_ms,72.51266600000001,74.646208
v29,W1-follow-links,Walker,A,100000,199998,199998,199998,max_no_work_progress_ms,72.51266600000001,74.646208
v29,W1-follow-links,Walker,B,100000,199998,199998,199998,data_publish_end_ms,2090.7805000000003,2117.141292
v29,W1-follow-links,Walker,B,100000,199998,199998,199998,terminal_publish_ms,2090.7816669999997,2117.142459
v29,W1-follow-links,Walker,B,100000,199998,199998,199998,index_ready_ms,2135.695792,2162.336166
v29,W1-follow-links,Walker,B,100000,199998,199998,199998,results_ready_ms,2135.695792,2162.336166
v29,W1-follow-links,Walker,B,100000,199998,199998,199998,full_wait_ms,2021.1694160000002,2045.0285419999998
v29,W1-follow-links,Walker,B,100000,199998,199998,199998,max_frame_ms,52.736042,53.574292
v29,W1-follow-links,Walker,B,100000,199998,199998,199998,max_ingest_gap_ms,73.319334,74.39750000000001
v29,W1-follow-links,Walker,B,100000,199998,199998,199998,max_no_work_progress_ms,73.319334,74.39750000000001
v29,W1-wide,Walker,A,100000,100000,100000,100000,data_publish_end_ms,986.1804159999999,1010.3815410000001
v29,W1-wide,Walker,A,100000,100000,100000,100000,terminal_publish_ms,986.181875,1010.382666
v29,W1-wide,Walker,A,100000,100000,100000,100000,index_ready_ms,1007.397125,1035.2058749999999
v29,W1-wide,Walker,A,100000,100000,100000,100000,results_ready_ms,1007.397125,1035.2058749999999
v29,W1-wide,Walker,A,100000,100000,100000,100000,full_wait_ms,961.833085,986.0364969999999
v29,W1-wide,Walker,A,100000,100000,100000,100000,max_frame_ms,31.678083000000004,33.539792
v29,W1-wide,Walker,A,100000,100000,100000,100000,max_ingest_gap_ms,51.296833,52.636042
v29,W1-wide,Walker,A,100000,100000,100000,100000,max_no_work_progress_ms,51.296833,52.636042
v29,W1-wide,Walker,B,100000,100000,100000,100000,data_publish_end_ms,997.430792,1021.2082499999999
v29,W1-wide,Walker,B,100000,100000,100000,100000,terminal_publish_ms,997.431834,1021.2092909999999
v29,W1-wide,Walker,B,100000,100000,100000,100000,index_ready_ms,1020.2344999999999,1046.416666
v29,W1-wide,Walker,B,100000,100000,100000,100000,results_ready_ms,1020.2344999999999,1046.416666
v29,W1-wide,Walker,B,100000,100000,100000,100000,full_wait_ms,973.8713799999999,995.357707
v29,W1-wide,Walker,B,100000,100000,100000,100000,max_frame_ms,32.178916,33.269332999999996
v29,W1-wide,Walker,B,100000,100000,100000,100000,max_ingest_gap_ms,50.097415999999996,53.109791
v29,W1-wide,Walker,B,100000,100000,100000,100000,max_no_work_progress_ms,50.097415999999996,53.109791
v30,F1-filelist-parser-files,FileList,A,100000,80000,80000,80000,data_publish_end_ms,236.328959,237.484833
v30,F1-filelist-parser-files,FileList,A,100000,80000,80000,80000,terminal_publish_ms,236.35600000000002,237.519375
v30,F1-filelist-parser-files,FileList,A,100000,80000,80000,80000,full_wait_ms,3.0314579999999998,4.544208
v30,F1-filelist-parser-files,FileList,A,100000,80000,80000,80000,max_ingest_gap_ms,24.052584,24.13
v30,F1-filelist-parser-files,FileList,A,100000,80000,80000,80000,max_no_work_progress_ms,24.052584,24.13
v30,F1-filelist-parser-files,FileList,A,100000,80000,80000,80000,worker_drained_ms,248.56025,263.50537499999996
v30,F1-filelist-parser-files,FileList,B,100000,80000,80000,80000,data_publish_end_ms,235.905833,240.473916
v30,F1-filelist-parser-files,FileList,B,100000,80000,80000,80000,terminal_publish_ms,235.930292,240.546916
v30,F1-filelist-parser-files,FileList,B,100000,80000,80000,80000,full_wait_ms,3.028792,7.567667999999999
v30,F1-filelist-parser-files,FileList,B,100000,80000,80000,80000,max_ingest_gap_ms,24.0475,24.092875
v30,F1-filelist-parser-files,FileList,B,100000,80000,80000,80000,max_no_work_progress_ms,24.0475,24.092875
v30,F1-filelist-parser-files,FileList,B,100000,80000,80000,80000,worker_drained_ms,251.542333,264.465583
v30,F1-filelist-parser-folders,FileList,A,100000,20000,20000,20000,data_publish_end_ms,207.983791,208.87704200000002
v30,F1-filelist-parser-folders,FileList,A,100000,20000,20000,20000,terminal_publish_ms,208.011458,208.907917
v30,F1-filelist-parser-folders,FileList,A,100000,20000,20000,20000,full_wait_ms,0.0,0.0
v30,F1-filelist-parser-folders,FileList,A,100000,20000,20000,20000,max_ingest_gap_ms,24.019084,24.0255
v30,F1-filelist-parser-folders,FileList,A,100000,20000,20000,20000,max_no_work_progress_ms,24.019084,24.0255
v30,F1-filelist-parser-folders,FileList,A,100000,20000,20000,20000,worker_drained_ms,224.679084,226.437208
v30,F1-filelist-parser-folders,FileList,B,100000,20000,20000,20000,data_publish_end_ms,208.170125,215.895667
v30,F1-filelist-parser-folders,FileList,B,100000,20000,20000,20000,terminal_publish_ms,208.197541,215.924542
v30,F1-filelist-parser-folders,FileList,B,100000,20000,20000,20000,full_wait_ms,0.0,0.0
v30,F1-filelist-parser-folders,FileList,B,100000,20000,20000,20000,max_ingest_gap_ms,24.014333,24.018958
v30,F1-filelist-parser-folders,FileList,B,100000,20000,20000,20000,max_no_work_progress_ms,24.014333,24.018958
v30,F1-filelist-parser-folders,FileList,B,100000,20000,20000,20000,worker_drained_ms,221.973792,226.15658399999998
v30,F1-files,Walker,A,100000,80000,80000,80000,data_publish_end_ms,783.463833,797.7914579999999
v30,F1-files,Walker,A,100000,80000,80000,80000,terminal_publish_ms,783.465916,797.794
v30,F1-files,Walker,A,100000,80000,80000,80000,index_ready_ms,801.072083,820.640083
v30,F1-files,Walker,A,100000,80000,80000,80000,results_ready_ms,801.072083,820.640083
v30,F1-files,Walker,A,100000,80000,80000,80000,full_wait_ms,764.231919,777.570961
v30,F1-files,Walker,A,100000,80000,80000,80000,max_frame_ms,7.365458,8.804833
v30,F1-files,Walker,A,100000,80000,80000,80000,max_ingest_gap_ms,26.757083,30.843875
v30,F1-files,Walker,A,100000,80000,80000,80000,max_no_work_progress_ms,26.757083,30.843875
v30,F1-files,Walker,B,100000,80000,80000,80000,data_publish_end_ms,775.802291,785.266167
v30,F1-files,Walker,B,100000,80000,80000,80000,terminal_publish_ms,775.804833,785.268208
v30,F1-files,Walker,B,100000,80000,80000,80000,index_ready_ms,791.673583,808.1722500000001
v30,F1-files,Walker,B,100000,80000,80000,80000,results_ready_ms,791.673583,808.1722500000001
v30,F1-files,Walker,B,100000,80000,80000,80000,full_wait_ms,757.47275,764.568709
v30,F1-files,Walker,B,100000,80000,80000,80000,max_frame_ms,6.9923329999999995,7.71375
v30,F1-files,Walker,B,100000,80000,80000,80000,max_ingest_gap_ms,28.218792,30.460583
v30,F1-files,Walker,B,100000,80000,80000,80000,max_no_work_progress_ms,28.218792,30.460583
v30,F1-folders,Walker,A,100000,20000,20000,20000,data_publish_end_ms,209.831834,212.17095799999998
v30,F1-folders,Walker,A,100000,20000,20000,20000,terminal_publish_ms,209.83220899999998,212.171458
v30,F1-folders,Walker,A,100000,20000,20000,20000,index_ready_ms,223.871542,233.457959
v30,F1-folders,Walker,A,100000,20000,20000,20000,results_ready_ms,223.871542,233.457959
v30,F1-folders,Walker,A,100000,20000,20000,20000,full_wait_ms,52.095041,69.389374
v30,F1-folders,Walker,A,100000,20000,20000,20000,max_frame_ms,2.197333,2.719375
v30,F1-folders,Walker,A,100000,20000,20000,20000,max_ingest_gap_ms,25.286708,25.796917
v30,F1-folders,Walker,A,100000,20000,20000,20000,max_no_work_progress_ms,25.250417000000002,25.525667
v30,F1-folders,Walker,B,100000,20000,20000,20000,data_publish_end_ms,209.037375,210.48041700000002
v30,F1-folders,Walker,B,100000,20000,20000,20000,terminal_publish_ms,209.038,210.481
v30,F1-folders,Walker,B,100000,20000,20000,20000,index_ready_ms,220.807375,223.31875000000002
v30,F1-folders,Walker,B,100000,20000,20000,20000,results_ready_ms,220.807375,223.31875000000002
v30,F1-folders,Walker,B,100000,20000,20000,20000,full_wait_ms,43.443542,64.83541600000001
v30,F1-folders,Walker,B,100000,20000,20000,20000,max_frame_ms,2.272083,3.5037089999999997
v30,F1-folders,Walker,B,100000,20000,20000,20000,max_ingest_gap_ms,25.549041000000003,25.998
v30,F1-folders,Walker,B,100000,20000,20000,20000,max_no_work_progress_ms,25.303375,25.741
v30,F1-ignore-case,FileList,A,100000,100000,100000,100000,data_publish_end_ms,228.775417,233.829084
v30,F1-ignore-case,FileList,A,100000,100000,100000,100000,terminal_publish_ms,228.821,233.86575000000002
v30,F1-ignore-case,FileList,A,100000,100000,100000,100000,index_ready_ms,307.087875,342.463709
v30,F1-ignore-case,FileList,A,100000,100000,100000,100000,results_ready_ms,307.087875,342.463709
v30,F1-ignore-case,FileList,A,100000,100000,100000,100000,full_wait_ms,170.734666,176.04221
v30,F1-ignore-case,FileList,A,100000,100000,100000,100000,max_frame_ms,4.5865,4.66925
v30,F1-ignore-case,FileList,A,100000,100000,100000,100000,max_ingest_gap_ms,23.735916999999997,26.237709000000002
v30,F1-ignore-case,FileList,A,100000,100000,100000,100000,max_no_work_progress_ms,23.735916999999997,25.993125
v30,F1-ignore-case,FileList,B,100000,100000,100000,100000,data_publish_end_ms,274.477875,284.689875
v30,F1-ignore-case,FileList,B,100000,100000,100000,100000,terminal_publish_ms,274.521666,284.734084
v30,F1-ignore-case,FileList,B,100000,100000,100000,100000,index_ready_ms,434.55679200000003,497.36179200000004
v30,F1-ignore-case,FileList,B,100000,100000,100000,100000,results_ready_ms,434.55679200000003,497.36179200000004
v30,F1-ignore-case,FileList,B,100000,100000,100000,100000,full_wait_ms,214.203419,225.198375
v30,F1-ignore-case,FileList,B,100000,100000,100000,100000,max_frame_ms,4.573834,4.696459
v30,F1-ignore-case,FileList,B,100000,100000,100000,100000,max_ingest_gap_ms,54.871125,61.758708000000006
v30,F1-ignore-case,FileList,B,100000,100000,100000,100000,max_no_work_progress_ms,37.874083000000006,42.408500000000004
v30,F1-ignore-case,Walker,A,100000,100000,100000,100000,data_publish_end_ms,940.0030419999999,952.375584
v30,F1-ignore-case,Walker,A,100000,100000,100000,100000,terminal_publish_ms,940.003625,952.376417
v30,F1-ignore-case,Walker,A,100000,100000,100000,100000,index_ready_ms,958.2601659999999,974.910459
v30,F1-ignore-case,Walker,A,100000,100000,100000,100000,results_ready_ms,958.2601659999999,974.910459
v30,F1-ignore-case,Walker,A,100000,100000,100000,100000,full_wait_ms,920.687582,934.2921690000001
v30,F1-ignore-case,Walker,A,100000,100000,100000,100000,max_frame_ms,7.410667,8.005416
v30,F1-ignore-case,Walker,A,100000,100000,100000,100000,max_ingest_gap_ms,26.220833,28.838708
v30,F1-ignore-case,Walker,A,100000,100000,100000,100000,max_no_work_progress_ms,26.220833,28.838708
v30,F1-ignore-case,Walker,B,100000,100000,100000,100000,data_publish_end_ms,973.916458,975.893834
v30,F1-ignore-case,Walker,B,100000,100000,100000,100000,terminal_publish_ms,973.917125,975.894375
v30,F1-ignore-case,Walker,B,100000,100000,100000,100000,index_ready_ms,992.674458,1000.482209
v30,F1-ignore-case,Walker,B,100000,100000,100000,100000,results_ready_ms,992.674458,1000.482209
v30,F1-ignore-case,Walker,B,100000,100000,100000,100000,full_wait_ms,955.2132479999999,956.906831
v30,F1-ignore-case,Walker,B,100000,100000,100000,100000,max_frame_ms,7.570083,8.979459
v30,F1-ignore-case,Walker,B,100000,100000,100000,100000,max_ingest_gap_ms,58.494584,67.05095899999999
v30,F1-ignore-case,Walker,B,100000,100000,100000,100000,max_no_work_progress_ms,33.658833,40.590624999999996
v30,F1-ignore-list,FileList,A,100000,100000,100000,100000,data_publish_end_ms,232.250417,246.831792
v30,F1-ignore-list,FileList,A,100000,100000,100000,100000,terminal_publish_ms,232.29575,246.879834
v30,F1-ignore-list,FileList,A,100000,100000,100000,100000,index_ready_ms,252.461125,267.276042
v30,F1-ignore-list,FileList,A,100000,100000,100000,100000,results_ready_ms,252.461125,267.276042
v30,F1-ignore-list,FileList,A,100000,100000,100000,100000,full_wait_ms,177.98666699999998,190.668208
v30,F1-ignore-list,FileList,A,100000,100000,100000,100000,max_frame_ms,0.851917,1.024417
v30,F1-ignore-list,FileList,A,100000,100000,100000,100000,max_ingest_gap_ms,23.989,24.168667000000003
v30,F1-ignore-list,FileList,A,100000,100000,100000,100000,max_no_work_progress_ms,23.98025,24.038209000000002
v30,F1-ignore-list,FileList,B,100000,100000,100000,100000,data_publish_end_ms,236.519958,248.139833
v30,F1-ignore-list,FileList,B,100000,100000,100000,100000,terminal_publish_ms,236.555458,248.177625
v30,F1-ignore-list,FileList,B,100000,100000,100000,100000,index_ready_ms,335.92875,389.311333
v30,F1-ignore-list,FileList,B,100000,100000,100000,100000,results_ready_ms,335.92875,389.311333
v30,F1-ignore-list,FileList,B,100000,100000,100000,100000,full_wait_ms,178.505959,189.64978900000003
v30,F1-ignore-list,FileList,B,100000,100000,100000,100000,max_frame_ms,4.631667,4.679875
v30,F1-ignore-list,FileList,B,100000,100000,100000,100000,max_ingest_gap_ms,25.918333,28.809624999999997
v30,F1-ignore-list,FileList,B,100000,100000,100000,100000,max_no_work_progress_ms,25.663792,28.560792000000003
v30,F1-ignore-list,Walker,A,100000,100000,100000,100000,data_publish_end_ms,943.693208,972.3572499999999
v30,F1-ignore-list,Walker,A,100000,100000,100000,100000,terminal_publish_ms,943.6941250000001,972.358167
v30,F1-ignore-list,Walker,A,100000,100000,100000,100000,index_ready_ms,960.3763749999999,988.51175
v30,F1-ignore-list,Walker,A,100000,100000,100000,100000,results_ready_ms,960.3763749999999,988.51175
v30,F1-ignore-list,Walker,A,100000,100000,100000,100000,full_wait_ms,925.436916,952.771037
v30,F1-ignore-list,Walker,A,100000,100000,100000,100000,max_frame_ms,8.227625,9.167791
v30,F1-ignore-list,Walker,A,100000,100000,100000,100000,max_ingest_gap_ms,29.07075,31.394582999999997
v30,F1-ignore-list,Walker,A,100000,100000,100000,100000,max_no_work_progress_ms,29.07075,31.394582999999997
v30,F1-ignore-list,Walker,B,100000,100000,100000,100000,data_publish_end_ms,927.4039160000001,973.7860830000001
v30,F1-ignore-list,Walker,B,100000,100000,100000,100000,terminal_publish_ms,927.404666,973.786792
v30,F1-ignore-list,Walker,B,100000,100000,100000,100000,index_ready_ms,947.902167,994.213292
v30,F1-ignore-list,Walker,B,100000,100000,100000,100000,results_ready_ms,947.902167,994.213292
v30,F1-ignore-list,Walker,B,100000,100000,100000,100000,full_wait_ms,907.940698,954.080956
v30,F1-ignore-list,Walker,B,100000,100000,100000,100000,max_frame_ms,7.423584000000001,8.0535
v30,F1-ignore-list,Walker,B,100000,100000,100000,100000,max_ingest_gap_ms,25.191958,29.153334
v30,F1-ignore-list,Walker,B,100000,100000,100000,100000,max_no_work_progress_ms,24.946625,29.153334
v30,F1-mid-ignore,FileList,A,100000,100000,100000,100000,data_publish_end_ms,235.049583,252.49966600000002
v30,F1-mid-ignore,FileList,A,100000,100000,100000,100000,terminal_publish_ms,235.095042,252.54587499999997
v30,F1-mid-ignore,FileList,A,100000,100000,100000,100000,index_ready_ms,252.73854200000002,271.255375
v30,F1-mid-ignore,FileList,A,100000,100000,100000,100000,results_ready_ms,252.73854200000002,271.255375
v30,F1-mid-ignore,FileList,A,100000,100000,100000,100000,full_wait_ms,180.372958,196.168502
v30,F1-mid-ignore,FileList,A,100000,100000,100000,100000,max_frame_ms,0.8007500000000001,0.883667
v30,F1-mid-ignore,FileList,A,100000,100000,100000,100000,max_ingest_gap_ms,24.016042000000002,24.985
v30,F1-mid-ignore,FileList,A,100000,100000,100000,100000,max_no_work_progress_ms,24.016042000000002,24.747542
v30,F1-mid-ignore,FileList,B,100000,100000,100000,100000,data_publish_end_ms,281.016459,302.564083
v30,F1-mid-ignore,FileList,B,100000,100000,100000,100000,terminal_publish_ms,281.05437500000005,302.616875
v30,F1-mid-ignore,FileList,B,100000,100000,100000,100000,index_ready_ms,418.348333,514.4845409999999
v30,F1-mid-ignore,FileList,B,100000,100000,100000,100000,results_ready_ms,418.348333,514.4845409999999
v30,F1-mid-ignore,FileList,B,100000,100000,100000,100000,full_wait_ms,161.848624,175.65729199999998
v30,F1-mid-ignore,FileList,B,100000,100000,100000,100000,max_frame_ms,4.39125,4.470375000000001
v30,F1-mid-ignore,FileList,B,100000,100000,100000,100000,max_ingest_gap_ms,78.5915,86.93941600000001
v30,F1-mid-ignore,FileList,B,100000,100000,100000,100000,max_no_work_progress_ms,23.873749999999998,26.901999999999997
v30,F1-mid-ignore,Walker,A,100000,100000,100000,100000,data_publish_end_ms,941.649167,965.2537920000001
v30,F1-mid-ignore,Walker,A,100000,100000,100000,100000,terminal_publish_ms,941.650167,965.2545
v30,F1-mid-ignore,Walker,A,100000,100000,100000,100000,index_ready_ms,958.022542,982.189584
v30,F1-mid-ignore,Walker,A,100000,100000,100000,100000,results_ready_ms,958.022542,982.189584
v30,F1-mid-ignore,Walker,A,100000,100000,100000,100000,full_wait_ms,922.40342,946.35625
v30,F1-mid-ignore,Walker,A,100000,100000,100000,100000,max_frame_ms,7.820374999999999,8.579583
v30,F1-mid-ignore,Walker,A,100000,100000,100000,100000,max_ingest_gap_ms,26.232917,30.965291999999998
v30,F1-mid-ignore,Walker,A,100000,100000,100000,100000,max_no_work_progress_ms,26.232917,30.965291999999998
v30,F1-mid-ignore,Walker,B,100000,100000,100000,100000,data_publish_end_ms,1068.137792,1102.793792
v30,F1-mid-ignore,Walker,B,100000,100000,100000,100000,terminal_publish_ms,1068.138459,1102.794292
v30,F1-mid-ignore,Walker,B,100000,100000,100000,100000,index_ready_ms,1089.5772909999998,1126.52025
v30,F1-mid-ignore,Walker,B,100000,100000,100000,100000,results_ready_ms,1089.5772909999998,1126.52025
v30,F1-mid-ignore,Walker,B,100000,100000,100000,100000,full_wait_ms,926.716713,952.247791
v30,F1-mid-ignore,Walker,B,100000,100000,100000,100000,max_frame_ms,7.576834,8.507166999999999
v30,F1-mid-ignore,Walker,B,100000,100000,100000,100000,max_ingest_gap_ms,138.226417,158.46574999999999
v30,F1-mid-ignore,Walker,B,100000,100000,100000,100000,max_no_work_progress_ms,25.010292,27.693917
v30,H1-early,FileList,A,100000,100000,200000,200000,data_publish_end_ms,758.517958,770.006167
v30,H1-early,FileList,A,100000,100000,200000,200000,terminal_publish_ms,758.7154579999999,770.178458
v30,H1-early,FileList,A,100000,100000,200000,200000,index_ready_ms,783.2554160000001,837.1649580000001
v30,H1-early,FileList,A,100000,100000,200000,200000,results_ready_ms,783.2554160000001,837.1649580000001
v30,H1-early,FileList,A,100000,100000,200000,200000,full_wait_ms,412.937543,424.200916
v30,H1-early,FileList,A,100000,100000,200000,200000,max_frame_ms,1.1460000000000001,1.389
v30,H1-early,FileList,A,100000,100000,200000,200000,max_ingest_gap_ms,23.942625,24.029167
v30,H1-early,FileList,A,100000,100000,200000,200000,max_no_work_progress_ms,291.4175,304.319834
v30,H1-early,FileList,B,100000,100000,200000,200000,data_publish_end_ms,762.0735,779.3292080000001
v30,H1-early,FileList,B,100000,100000,200000,200000,terminal_publish_ms,762.265292,779.496666
v30,H1-early,FileList,B,100000,100000,200000,200000,index_ready_ms,790.9462090000001,819.833416
v30,H1-early,FileList,B,100000,100000,200000,200000,results_ready_ms,790.9462090000001,819.833416
v30,H1-early,FileList,B,100000,100000,200000,200000,full_wait_ms,414.253791,441.176789
v30,H1-early,FileList,B,100000,100000,200000,200000,max_frame_ms,1.097041,9.251875
v30,H1-early,FileList,B,100000,100000,200000,200000,max_ingest_gap_ms,23.989125,27.630166000000003
v30,H1-early,FileList,B,100000,100000,200000,200000,max_no_work_progress_ms,295.980625,301.893667
v30,H1-late,FileList,A,100000,100000,200000,200000,data_publish_end_ms,794.895792,811.188083
v30,H1-late,FileList,A,100000,100000,200000,200000,terminal_publish_ms,795.074084,811.370041
v30,H1-late,FileList,A,100000,100000,200000,200000,index_ready_ms,819.1792919999999,830.7855830000001
v30,H1-late,FileList,A,100000,100000,200000,200000,results_ready_ms,819.1792919999999,830.7855830000001
v30,H1-late,FileList,A,100000,100000,200000,200000,full_wait_ms,418.254415,437.69629399999997
v30,H1-late,FileList,A,100000,100000,200000,200000,max_frame_ms,1.2512079999999999,1.371667
v30,H1-late,FileList,A,100000,100000,200000,200000,max_ingest_gap_ms,23.874,24.055667
v30,H1-late,FileList,A,100000,100000,200000,200000,max_no_work_progress_ms,326.60991700000005,335.025042
v30,H1-late,FileList,B,100000,100000,200000,200000,data_publish_end_ms,780.079417,792.073792
v30,H1-late,FileList,B,100000,100000,200000,200000,terminal_publish_ms,780.26,792.250042
v30,H1-late,FileList,B,100000,100000,200000,200000,index_ready_ms,808.356666,846.294917
v30,H1-late,FileList,B,100000,100000,200000,200000,results_ready_ms,808.356666,846.294917
v30,H1-late,FileList,B,100000,100000,200000,200000,full_wait_ms,410.123164,420.66333099999997
v30,H1-late,FileList,B,100000,100000,200000,200000,max_frame_ms,1.2147080000000001,1.477333
v30,H1-late,FileList,B,100000,100000,200000,200000,max_ingest_gap_ms,23.936249999999998,24.059458
v30,H1-late,FileList,B,100000,100000,200000,200000,max_no_work_progress_ms,325.029458,341.023333
v30,O1-modified-all,FileList,A,100000,100000,100000,100000,data_publish_end_ms,237.585542,257.130875
v30,O1-modified-all,FileList,A,100000,100000,100000,100000,terminal_publish_ms,237.635042,257.169959
v30,O1-modified-all,FileList,A,100000,100000,100000,100000,index_ready_ms,250.96758400000002,277.410709
v30,O1-modified-all,FileList,A,100000,100000,100000,100000,results_ready_ms,250.96758400000002,277.410709
v30,O1-modified-all,FileList,A,100000,100000,100000,100000,full_wait_ms,182.79575,200.316042
v30,O1-modified-all,FileList,A,100000,100000,100000,100000,max_frame_ms,0.8063750000000001,0.8801669999999999
v30,O1-modified-all,FileList,A,100000,100000,100000,100000,max_ingest_gap_ms,24.012792,25.044792
v30,O1-modified-all,FileList,A,100000,100000,100000,100000,max_no_work_progress_ms,24.012792,24.808208
v30,O1-modified-all,FileList,B,100000,100000,100000,100000,data_publish_end_ms,252.47924999999998,266.049083
v30,O1-modified-all,FileList,B,100000,100000,100000,100000,terminal_publish_ms,252.52691700000003,266.088916
v30,O1-modified-all,FileList,B,100000,100000,100000,100000,index_ready_ms,298.95833300000004,309.16862499999996
v30,O1-modified-all,FileList,B,100000,100000,100000,100000,results_ready_ms,493.49070900000004,497.564791
v30,O1-modified-all,FileList,B,100000,100000,100000,100000,full_wait_ms,204.177416,214.87504099999998
v30,O1-modified-all,FileList,B,100000,100000,100000,100000,max_frame_ms,0.79875,0.837167
v30,O1-modified-all,FileList,B,100000,100000,100000,100000,max_ingest_gap_ms,38.129583000000004,44.102709
v30,O1-modified-all,FileList,B,100000,100000,100000,100000,max_no_work_progress_ms,208.661583,218.403083
v30,O1-modified-all,Walker,A,100000,100000,100000,100000,data_publish_end_ms,935.016125,947.525625
v30,O1-modified-all,Walker,A,100000,100000,100000,100000,terminal_publish_ms,935.016833,947.526208
v30,O1-modified-all,Walker,A,100000,100000,100000,100000,index_ready_ms,951.89625,964.228875
v30,O1-modified-all,Walker,A,100000,100000,100000,100000,results_ready_ms,951.89625,964.228875
v30,O1-modified-all,Walker,A,100000,100000,100000,100000,full_wait_ms,917.3084580000001,928.3290410000001
v30,O1-modified-all,Walker,A,100000,100000,100000,100000,max_frame_ms,7.930124999999999,9.6165
v30,O1-modified-all,Walker,A,100000,100000,100000,100000,max_ingest_gap_ms,31.090291,32.655792000000005
v30,O1-modified-all,Walker,A,100000,100000,100000,100000,max_no_work_progress_ms,31.090291,32.655792000000005
v30,O1-modified-all,Walker,B,100000,100000,100000,100000,data_publish_end_ms,941.127917,960.319083
v30,O1-modified-all,Walker,B,100000,100000,100000,100000,terminal_publish_ms,941.1290839999999,960.319958
v30,O1-modified-all,Walker,B,100000,100000,100000,100000,index_ready_ms,964.388,980.921375
v30,O1-modified-all,Walker,B,100000,100000,100000,100000,results_ready_ms,1200.667042,1226.383459
v30,O1-modified-all,Walker,B,100000,100000,100000,100000,full_wait_ms,923.755334,942.4016280000001
v30,O1-modified-all,Walker,B,100000,100000,100000,100000,max_frame_ms,8.037208,9.924125
v30,O1-modified-all,Walker,B,100000,100000,100000,100000,max_ingest_gap_ms,37.350125,58.01775
v30,O1-modified-all,Walker,B,100000,100000,100000,100000,max_no_work_progress_ms,242.4455,249.233292
v30,O1-modified-shown,FileList,A,100000,100000,100000,100000,data_publish_end_ms,240.272375,246.308667
v30,O1-modified-shown,FileList,A,100000,100000,100000,100000,terminal_publish_ms,240.320167,246.354209
v30,O1-modified-shown,FileList,A,100000,100000,100000,100000,index_ready_ms,255.02495800000003,266.674625
v30,O1-modified-shown,FileList,A,100000,100000,100000,100000,results_ready_ms,255.02495800000003,266.674625
v30,O1-modified-shown,FileList,A,100000,100000,100000,100000,full_wait_ms,184.474501,191.79495799999998
v30,O1-modified-shown,FileList,A,100000,100000,100000,100000,max_frame_ms,0.798125,0.903417
v30,O1-modified-shown,FileList,A,100000,100000,100000,100000,max_ingest_gap_ms,24.003957999999997,24.036749999999998
v30,O1-modified-shown,FileList,A,100000,100000,100000,100000,max_no_work_progress_ms,24.003957999999997,24.0295
v30,O1-modified-shown,FileList,B,100000,100000,100000,100000,data_publish_end_ms,237.72233400000002,261.256166
v30,O1-modified-shown,FileList,B,100000,100000,100000,100000,terminal_publish_ms,237.763459,261.311458
v30,O1-modified-shown,FileList,B,100000,100000,100000,100000,index_ready_ms,252.094292,276.675791
v30,O1-modified-shown,FileList,B,100000,100000,100000,100000,results_ready_ms,252.094292,276.675791
v30,O1-modified-shown,FileList,B,100000,100000,100000,100000,full_wait_ms,183.058624,205.966001
v30,O1-modified-shown,FileList,B,100000,100000,100000,100000,max_frame_ms,1.269,1.3716659999999998
v30,O1-modified-shown,FileList,B,100000,100000,100000,100000,max_ingest_gap_ms,23.949917000000003,24.732875
v30,O1-modified-shown,FileList,B,100000,100000,100000,100000,max_no_work_progress_ms,23.949917000000003,24.732875
v30,O1-modified-shown,Walker,A,100000,100000,100000,100000,data_publish_end_ms,924.5444590000001,947.083334
v30,O1-modified-shown,Walker,A,100000,100000,100000,100000,terminal_publish_ms,924.54525,947.084459
v30,O1-modified-shown,Walker,A,100000,100000,100000,100000,index_ready_ms,942.949083,963.6406669999999
v30,O1-modified-shown,Walker,A,100000,100000,100000,100000,results_ready_ms,942.949083,963.6406669999999
v30,O1-modified-shown,Walker,A,100000,100000,100000,100000,full_wait_ms,906.379788,928.335707
v30,O1-modified-shown,Walker,A,100000,100000,100000,100000,max_frame_ms,8.062208,9.220125
v30,O1-modified-shown,Walker,A,100000,100000,100000,100000,max_ingest_gap_ms,24.691582999999998,30.184917
v30,O1-modified-shown,Walker,A,100000,100000,100000,100000,max_no_work_progress_ms,24.691582999999998,30.184917
v30,O1-modified-shown,Walker,B,100000,100000,100000,100000,data_publish_end_ms,935.858333,959.6185419999999
v30,O1-modified-shown,Walker,B,100000,100000,100000,100000,terminal_publish_ms,935.859458,959.619542
v30,O1-modified-shown,Walker,B,100000,100000,100000,100000,index_ready_ms,958.3597080000001,979.263417
v30,O1-modified-shown,Walker,B,100000,100000,100000,100000,results_ready_ms,958.3597080000001,979.263417
v30,O1-modified-shown,Walker,B,100000,100000,100000,100000,full_wait_ms,917.4015049999999,940.5120390000001
v30,O1-modified-shown,Walker,B,100000,100000,100000,100000,max_frame_ms,8.3025,9.612292
v30,O1-modified-shown,Walker,B,100000,100000,100000,100000,max_ingest_gap_ms,25.981542,29.937833
v30,O1-modified-shown,Walker,B,100000,100000,100000,100000,max_no_work_progress_ms,25.981542,29.937833
v30,O1-name-all,FileList,A,100000,100000,100000,100000,data_publish_end_ms,237.741208,250.54100000000003
v30,O1-name-all,FileList,A,100000,100000,100000,100000,terminal_publish_ms,237.795583,250.59150000000002
v30,O1-name-all,FileList,A,100000,100000,100000,100000,index_ready_ms,254.10487500000002,266.106542
v30,O1-name-all,FileList,A,100000,100000,100000,100000,results_ready_ms,254.10487500000002,266.106542
v30,O1-name-all,FileList,A,100000,100000,100000,100000,full_wait_ms,185.506169,193.95120699999998
v30,O1-name-all,FileList,A,100000,100000,100000,100000,max_frame_ms,0.793167,0.8294170000000001
v30,O1-name-all,FileList,A,100000,100000,100000,100000,max_ingest_gap_ms,24.011999999999997,24.063875
v30,O1-name-all,FileList,A,100000,100000,100000,100000,max_no_work_progress_ms,24.011999999999997,24.063875
v30,O1-name-all,FileList,B,100000,100000,100000,100000,data_publish_end_ms,259.09770799999995,268.647583
v30,O1-name-all,FileList,B,100000,100000,100000,100000,terminal_publish_ms,259.14549999999997,268.695417
v30,O1-name-all,FileList,B,100000,100000,100000,100000,index_ready_ms,299.50366699999995,305.683917
v30,O1-name-all,FileList,B,100000,100000,100000,100000,results_ready_ms,301.9565,355.864667
v30,O1-name-all,FileList,B,100000,100000,100000,100000,full_wait_ms,201.538751,209.662126
v30,O1-name-all,FileList,B,100000,100000,100000,100000,max_frame_ms,0.794625,0.8508749999999999
v30,O1-name-all,FileList,B,100000,100000,100000,100000,max_ingest_gap_ms,34.772417,46.387667
v30,O1-name-all,FileList,B,100000,100000,100000,100000,max_no_work_progress_ms,24.300042,71.597
v30,O1-name-all,Walker,A,100000,100000,100000,100000,data_publish_end_ms,913.0449590000001,930.6967080000001
v30,O1-name-all,Walker,A,100000,100000,100000,100000,terminal_publish_ms,913.045709,930.697208
v30,O1-name-all,Walker,A,100000,100000,100000,100000,index_ready_ms,930.389084,949.9805
v30,O1-name-all,Walker,A,100000,100000,100000,100000,results_ready_ms,930.389084,949.9805
v30,O1-name-all,Walker,A,100000,100000,100000,100000,full_wait_ms,894.868834,910.734
v30,O1-name-all,Walker,A,100000,100000,100000,100000,max_frame_ms,7.982583,8.896958999999999
v30,O1-name-all,Walker,A,100000,100000,100000,100000,max_ingest_gap_ms,25.378667,30.886
v30,O1-name-all,Walker,A,100000,100000,100000,100000,max_no_work_progress_ms,25.378667,30.886
v30,O1-name-all,Walker,B,100000,100000,100000,100000,data_publish_end_ms,960.923125,964.03625
v30,O1-name-all,Walker,B,100000,100000,100000,100000,terminal_publish_ms,960.9236249999999,964.0370419999999
v30,O1-name-all,Walker,B,100000,100000,100000,100000,index_ready_ms,980.641375,986.59825
v30,O1-name-all,Walker,B,100000,100000,100000,100000,results_ready_ms,1043.434792,1051.272625
v30,O1-name-all,Walker,B,100000,100000,100000,100000,full_wait_ms,941.931998,945.367205
v30,O1-name-all,Walker,B,100000,100000,100000,100000,max_frame_ms,8.741957999999999,10.815
v30,O1-name-all,Walker,B,100000,100000,100000,100000,max_ingest_gap_ms,39.209291,43.804209
v30,O1-name-all,Walker,B,100000,100000,100000,100000,max_no_work_progress_ms,62.276084000000004,64.67437500000001
v30,O1-name-shown,FileList,A,100000,100000,100000,100000,data_publish_end_ms,242.025167,246.12741599999998
v30,O1-name-shown,FileList,A,100000,100000,100000,100000,terminal_publish_ms,242.078167,246.165458
v30,O1-name-shown,FileList,A,100000,100000,100000,100000,index_ready_ms,262.97362499999997,266.381708
v30,O1-name-shown,FileList,A,100000,100000,100000,100000,results_ready_ms,262.97362499999997,266.381708
v30,O1-name-shown,FileList,A,100000,100000,100000,100000,full_wait_ms,187.772876,192.478625
v30,O1-name-shown,FileList,A,100000,100000,100000,100000,max_frame_ms,0.8095,0.82625
v30,O1-name-shown,FileList,A,100000,100000,100000,100000,max_ingest_gap_ms,23.936125,24.109875
v30,O1-name-shown,FileList,A,100000,100000,100000,100000,max_no_work_progress_ms,23.936125,24.109875
v30,O1-name-shown,FileList,B,100000,100000,100000,100000,data_publish_end_ms,237.252875,254.960333
v30,O1-name-shown,FileList,B,100000,100000,100000,100000,terminal_publish_ms,237.297541,255.00424999999998
v30,O1-name-shown,FileList,B,100000,100000,100000,100000,index_ready_ms,251.602708,275.45525
v30,O1-name-shown,FileList,B,100000,100000,100000,100000,results_ready_ms,251.602708,275.45525
v30,O1-name-shown,FileList,B,100000,100000,100000,100000,full_wait_ms,182.432001,199.136127
v30,O1-name-shown,FileList,B,100000,100000,100000,100000,max_frame_ms,0.7825,0.847916
v30,O1-name-shown,FileList,B,100000,100000,100000,100000,max_ingest_gap_ms,24.101042,24.953875
v30,O1-name-shown,FileList,B,100000,100000,100000,100000,max_no_work_progress_ms,24.101042,24.712334
v30,O1-name-shown,Walker,A,100000,100000,100000,100000,data_publish_end_ms,928.656083,973.8213340000001
v30,O1-name-shown,Walker,A,100000,100000,100000,100000,terminal_publish_ms,928.6565,973.822167
v30,O1-name-shown,Walker,A,100000,100000,100000,100000,index_ready_ms,951.812583,991.78025
v30,O1-name-shown,Walker,A,100000,100000,100000,100000,results_ready_ms,951.812583,991.78025
v30,O1-name-shown,Walker,A,100000,100000,100000,100000,full_wait_ms,910.542376,955.610957
v30,O1-name-shown,Walker,A,100000,100000,100000,100000,max_frame_ms,8.176499999999999,9.9395
v30,O1-name-shown,Walker,A,100000,100000,100000,100000,max_ingest_gap_ms,27.204042,31.136375
v30,O1-name-shown,Walker,A,100000,100000,100000,100000,max_no_work_progress_ms,27.204042,31.136375
v30,O1-name-shown,Walker,B,100000,100000,100000,100000,data_publish_end_ms,955.959291,960.030583
v30,O1-name-shown,Walker,B,100000,100000,100000,100000,terminal_publish_ms,955.960083,960.031875
v30,O1-name-shown,Walker,B,100000,100000,100000,100000,index_ready_ms,975.839958,980.1030830000001
v30,O1-name-shown,Walker,B,100000,100000,100000,100000,results_ready_ms,975.839958,980.1030830000001
v30,O1-name-shown,Walker,B,100000,100000,100000,100000,full_wait_ms,936.572911,941.020917
v30,O1-name-shown,Walker,B,100000,100000,100000,100000,max_frame_ms,8.501166,9.305875
v30,O1-name-shown,Walker,B,100000,100000,100000,100000,max_ingest_gap_ms,31.182458999999998,32.514375
v30,O1-name-shown,Walker,B,100000,100000,100000,100000,max_no_work_progress_ms,31.182458999999998,32.514375
v30,P1-preview,FileList,A,100000,100000,100000,100000,data_publish_end_ms,227.76433400000002,244.629333
v30,P1-preview,FileList,A,100000,100000,100000,100000,terminal_publish_ms,227.803667,244.681958
v30,P1-preview,FileList,A,100000,100000,100000,100000,index_ready_ms,1321.4467080000002,1334.95725
v30,P1-preview,FileList,A,100000,100000,100000,100000,results_ready_ms,1321.4467080000002,1334.95725
v30,P1-preview,FileList,A,100000,100000,100000,100000,full_wait_ms,174.16495700000002,188.56983499999998
v30,P1-preview,FileList,A,100000,100000,100000,100000,max_frame_ms,0.823833,0.856458
v30,P1-preview,FileList,A,100000,100000,100000,100000,max_ingest_gap_ms,1089.68875,1109.784084
v30,P1-preview,FileList,A,100000,100000,100000,100000,max_no_work_progress_ms,1073.067583,1089.6795
v30,P1-preview,FileList,B,100000,100000,100000,100000,data_publish_end_ms,232.039166,243.44995799999998
v30,P1-preview,FileList,B,100000,100000,100000,100000,terminal_publish_ms,232.07412499999998,243.4785
v30,P1-preview,FileList,B,100000,100000,100000,100000,index_ready_ms,1293.577542,1330.150666
v30,P1-preview,FileList,B,100000,100000,100000,100000,results_ready_ms,1293.577542,1330.150666
v30,P1-preview,FileList,B,100000,100000,100000,100000,full_wait_ms,177.771625,189.303125
v30,P1-preview,FileList,B,100000,100000,100000,100000,max_frame_ms,0.913209,1.0037500000000001
v30,P1-preview,FileList,B,100000,100000,100000,100000,max_ingest_gap_ms,1069.1466249999999,1092.969333
v30,P1-preview,FileList,B,100000,100000,100000,100000,max_no_work_progress_ms,1046.226042,1074.66925
v30,P1-preview,Walker,A,100000,100000,100000,100000,data_publish_end_ms,982.831291,1021.148958
v30,P1-preview,Walker,A,100000,100000,100000,100000,terminal_publish_ms,982.837333,1021.1510829999999
v30,P1-preview,Walker,A,100000,100000,100000,100000,index_ready_ms,2062.607291,2089.6059999999998
v30,P1-preview,Walker,A,100000,100000,100000,100000,results_ready_ms,2062.607291,2089.6059999999998
v30,P1-preview,Walker,A,100000,100000,100000,100000,full_wait_ms,933.396795,972.763043
v30,P1-preview,Walker,A,100000,100000,100000,100000,max_frame_ms,0.865167,0.884334
v30,P1-preview,Walker,A,100000,100000,100000,100000,max_ingest_gap_ms,1078.496083,1107.2665829999999
v30,P1-preview,Walker,A,100000,100000,100000,100000,max_no_work_progress_ms,1054.7340000000002,1083.3401250000002
v30,P1-preview,Walker,B,100000,100000,100000,100000,data_publish_end_ms,983.372834,1001.478584
v30,P1-preview,Walker,B,100000,100000,100000,100000,terminal_publish_ms,983.37475,1001.480417
v30,P1-preview,Walker,B,100000,100000,100000,100000,index_ready_ms,2028.909,2090.931583
v30,P1-preview,Walker,B,100000,100000,100000,100000,results_ready_ms,2028.909,2090.931583
v30,P1-preview,Walker,B,100000,100000,100000,100000,full_wait_ms,932.533791,954.260038
v30,P1-preview,Walker,B,100000,100000,100000,100000,max_frame_ms,1.061292,13.299999999999999
v30,P1-preview,Walker,B,100000,100000,100000,100000,max_ingest_gap_ms,1076.564916,1093.9769159999998
v30,P1-preview,Walker,B,100000,100000,100000,100000,max_no_work_progress_ms,1052.797083,1076.1773750000002
v30,R1-natural,FileList,A,100000,100000,100000,100000,data_publish_end_ms,237.673625,248.839083
v30,R1-natural,FileList,A,100000,100000,100000,100000,terminal_publish_ms,237.720542,248.878667
v30,R1-natural,FileList,A,100000,100000,100000,100000,index_ready_ms,278.373833,292.454958
v30,R1-natural,FileList,A,100000,100000,100000,100000,results_ready_ms,278.373833,292.454958
v30,R1-natural,FileList,A,100000,100000,100000,100000,full_wait_ms,181.386582,190.522122
v30,R1-natural,FileList,A,100000,100000,100000,100000,max_frame_ms,1.050875,1.0859999999999999
v30,R1-natural,FileList,A,100000,100000,100000,100000,max_ingest_gap_ms,24.005042,24.199915999999998
v30,R1-natural,FileList,A,100000,100000,100000,100000,max_no_work_progress_ms,23.981125,24.026249999999997
v30,R1-natural,FileList,B,100000,100000,100000,100000,data_publish_end_ms,238.333458,252.753042
v30,R1-natural,FileList,B,100000,100000,100000,100000,terminal_publish_ms,238.381833,252.80975
v30,R1-natural,FileList,B,100000,100000,100000,100000,index_ready_ms,278.430875,291.065708
v30,R1-natural,FileList,B,100000,100000,100000,100000,results_ready_ms,278.430875,291.065708
v30,R1-natural,FileList,B,100000,100000,100000,100000,full_wait_ms,182.706707,194.802335
v30,R1-natural,FileList,B,100000,100000,100000,100000,max_frame_ms,1.052834,1.0866660000000001
v30,R1-natural,FileList,B,100000,100000,100000,100000,max_ingest_gap_ms,23.978708,24.241666
v30,R1-natural,FileList,B,100000,100000,100000,100000,max_no_work_progress_ms,23.954209000000002,23.994958
v30,R1-natural,Walker,A,100000,100000,100000,100000,data_publish_end_ms,957.303041,986.3943750000001
v30,R1-natural,Walker,A,100000,100000,100000,100000,terminal_publish_ms,957.304916,986.397125
v30,R1-natural,Walker,A,100000,100000,100000,100000,index_ready_ms,1000.7850840000001,1026.189375
v30,R1-natural,Walker,A,100000,100000,100000,100000,results_ready_ms,1000.7850840000001,1026.189375
v30,R1-natural,Walker,A,100000,100000,100000,100000,full_wait_ms,915.244002,940.7302920000001
v30,R1-natural,Walker,A,100000,100000,100000,100000,max_frame_ms,28.367459,30.044083
v30,R1-natural,Walker,A,100000,100000,100000,100000,max_ingest_gap_ms,46.729208,50.787541999999995
v30,R1-natural,Walker,A,100000,100000,100000,100000,max_no_work_progress_ms,46.729208,50.787541999999995
v30,R1-natural,Walker,B,100000,100000,100000,100000,data_publish_end_ms,962.868583,1001.185958
v30,R1-natural,Walker,B,100000,100000,100000,100000,terminal_publish_ms,962.871375,1001.188333
v30,R1-natural,Walker,B,100000,100000,100000,100000,index_ready_ms,1004.146542,1046.101208
v30,R1-natural,Walker,B,100000,100000,100000,100000,results_ready_ms,1004.146542,1046.101208
v30,R1-natural,Walker,B,100000,100000,100000,100000,full_wait_ms,924.717581,954.2971679999999
v30,R1-natural,Walker,B,100000,100000,100000,100000,max_frame_ms,27.210874999999998,30.999708000000002
v30,R1-natural,Walker,B,100000,100000,100000,100000,max_ingest_gap_ms,44.647583999999995,51.726124999999996
v30,R1-natural,Walker,B,100000,100000,100000,100000,max_no_work_progress_ms,44.647583999999995,51.726124999999996
v30,S1-ignore,FileList,A,100000,100000,100000,100000,data_publish_end_ms,231.685042,245.78025
v30,S1-ignore,FileList,A,100000,100000,100000,100000,terminal_publish_ms,231.729875,245.833542
v30,S1-ignore,FileList,A,100000,100000,100000,100000,index_ready_ms,292.31,314.842792
v30,S1-ignore,FileList,A,100000,100000,100000,100000,results_ready_ms,292.31,314.842792
v30,S1-ignore,FileList,A,100000,100000,100000,100000,full_wait_ms,176.735918,190.816085
v30,S1-ignore,FileList,A,100000,100000,100000,100000,max_frame_ms,4.21075,4.302125
v30,S1-ignore,FileList,A,100000,100000,100000,100000,max_ingest_gap_ms,24.212042,27.788166
v30,S1-ignore,FileList,A,100000,100000,100000,100000,max_no_work_progress_ms,23.955667,27.549083
v30,S1-ignore,FileList,B,100000,100000,100000,100000,data_publish_end_ms,251.985625,261.680292
v30,S1-ignore,FileList,B,100000,100000,100000,100000,terminal_publish_ms,252.022417,261.722709
v30,S1-ignore,FileList,B,100000,100000,100000,100000,index_ready_ms,340.173709,359.730458
v30,S1-ignore,FileList,B,100000,100000,100000,100000,results_ready_ms,342.163542,426.746291
v30,S1-ignore,FileList,B,100000,100000,100000,100000,full_wait_ms,197.76274899999999,205.637749
v30,S1-ignore,FileList,B,100000,100000,100000,100000,max_frame_ms,4.2575,4.4487499999999995
v30,S1-ignore,FileList,B,100000,100000,100000,100000,max_ingest_gap_ms,40.008250000000004,45.744915999999996
v30,S1-ignore,FileList,B,100000,100000,100000,100000,max_no_work_progress_ms,26.384708,67.015833
v30,S1-ignore,Walker,A,100000,100000,100000,100000,data_publish_end_ms,940.8505,956.5977919999999
v30,S1-ignore,Walker,A,100000,100000,100000,100000,terminal_publish_ms,940.851,956.59825
v30,S1-ignore,Walker,A,100000,100000,100000,100000,index_ready_ms,963.6034169999999,978.159208
v30,S1-ignore,Walker,A,100000,100000,100000,100000,results_ready_ms,963.6034169999999,978.159208
v30,S1-ignore,Walker,A,100000,100000,100000,100000,full_wait_ms,923.7955850000001,938.6671640000001
v30,S1-ignore,Walker,A,100000,100000,100000,100000,max_frame_ms,7.2335,8.36925
v30,S1-ignore,Walker,A,100000,100000,100000,100000,max_ingest_gap_ms,25.999084,28.517875
v30,S1-ignore,Walker,A,100000,100000,100000,100000,max_no_work_progress_ms,25.999084,28.517875
v30,S1-ignore,Walker,B,100000,100000,100000,100000,data_publish_end_ms,980.608167,990.47975
v30,S1-ignore,Walker,B,100000,100000,100000,100000,terminal_publish_ms,980.608833,990.480334
v30,S1-ignore,Walker,B,100000,100000,100000,100000,index_ready_ms,1004.070125,1013.771625
v30,S1-ignore,Walker,B,100000,100000,100000,100000,results_ready_ms,1060.854375,1073.144417
v30,S1-ignore,Walker,B,100000,100000,100000,100000,full_wait_ms,962.883209,972.274663
v30,S1-ignore,Walker,B,100000,100000,100000,100000,max_frame_ms,7.432292,9.065333
v30,S1-ignore,Walker,B,100000,100000,100000,100000,max_ingest_gap_ms,42.0955,44.152167
v30,S1-ignore,Walker,B,100000,100000,100000,100000,max_no_work_progress_ms,55.877291,59.372792000000004
v30,S2-files,Walker,A,100000,80000,80000,80000,data_publish_end_ms,766.4365829999999,778.563417
v30,S2-files,Walker,A,100000,80000,80000,80000,terminal_publish_ms,766.4375,778.5655830000001
v30,S2-files,Walker,A,100000,80000,80000,80000,index_ready_ms,789.7507919999999,798.704
v30,S2-files,Walker,A,100000,80000,80000,80000,results_ready_ms,789.7507919999999,798.704
v30,S2-files,Walker,A,100000,80000,80000,80000,full_wait_ms,747.121833,758.257874
v30,S2-files,Walker,A,100000,80000,80000,80000,max_frame_ms,7.278709,8.864500000000001
v30,S2-files,Walker,A,100000,80000,80000,80000,max_ingest_gap_ms,28.146334,30.3515
v30,S2-files,Walker,A,100000,80000,80000,80000,max_no_work_progress_ms,28.146334,30.3515
v30,S2-files,Walker,B,100000,80000,80000,80000,data_publish_end_ms,776.707291,820.6196249999999
v30,S2-files,Walker,B,100000,80000,80000,80000,terminal_publish_ms,776.7095,820.6215
v30,S2-files,Walker,B,100000,80000,80000,80000,index_ready_ms,799.536791,843.4134170000001
v30,S2-files,Walker,B,100000,80000,80000,80000,results_ready_ms,799.536791,843.4134170000001
v30,S2-files,Walker,B,100000,80000,80000,80000,full_wait_ms,757.855539,797.968499
v30,S2-files,Walker,B,100000,80000,80000,80000,max_frame_ms,7.049334,7.936083
v30,S2-files,Walker,B,100000,80000,80000,80000,max_ingest_gap_ms,41.834042000000004,46.407167
v30,S2-files,Walker,B,100000,80000,80000,80000,max_no_work_progress_ms,24.568292,31.017583000000002
v30,T1-A-B-C-A,FileList,A,100000,100000,100000,100000,data_publish_end_ms,236.246,246.75074999999998
v30,T1-A-B-C-A,FileList,A,100000,100000,100000,100000,terminal_publish_ms,236.286,246.79341699999998
v30,T1-A-B-C-A,FileList,A,100000,100000,100000,100000,index_ready_ms,276.464,281.84491699999995
v30,T1-A-B-C-A,FileList,A,100000,100000,100000,100000,results_ready_ms,276.464,281.84491699999995
v30,T1-A-B-C-A,FileList,A,100000,100000,100000,100000,full_wait_ms,182.665456,191.724335
v30,T1-A-B-C-A,FileList,A,100000,100000,100000,100000,max_frame_ms,1.015584,1.073875
v30,T1-A-B-C-A,FileList,A,100000,100000,100000,100000,max_ingest_gap_ms,23.961042,24.213375
v30,T1-A-B-C-A,FileList,A,100000,100000,100000,100000,max_no_work_progress_ms,23.9335,24.126875
v30,T1-A-B-C-A,FileList,B,100000,100000,100000,100000,data_publish_end_ms,457.948917,466.214458
v30,T1-A-B-C-A,FileList,B,100000,100000,100000,100000,terminal_publish_ms,457.985459,466.253
v30,T1-A-B-C-A,FileList,B,100000,100000,100000,100000,index_ready_ms,1468.388875,1503.828417
v30,T1-A-B-C-A,FileList,B,100000,100000,100000,100000,results_ready_ms,1468.388875,1503.828417
v30,T1-A-B-C-A,FileList,B,100000,100000,100000,100000,full_wait_ms,179.795959,185.070667
v30,T1-A-B-C-A,FileList,B,100000,100000,100000,100000,max_frame_ms,1.013834,16.240542
v30,T1-A-B-C-A,FileList,B,100000,100000,100000,100000,max_ingest_gap_ms,58.653667,65.767417
v30,T1-A-B-C-A,FileList,B,100000,100000,100000,100000,max_no_work_progress_ms,973.8908339999999,1002.1587089999999
v30,T1-A-B-C-A,Walker,A,100000,100000,100000,100000,data_publish_end_ms,988.091083,1009.3802919999999
v30,T1-A-B-C-A,Walker,A,100000,100000,100000,100000,terminal_publish_ms,988.092958,1009.38225
v30,T1-A-B-C-A,Walker,A,100000,100000,100000,100000,index_ready_ms,1029.914041,1050.726167
v30,T1-A-B-C-A,Walker,A,100000,100000,100000,100000,results_ready_ms,1029.914041,1050.726167
v30,T1-A-B-C-A,Walker,A,100000,100000,100000,100000,full_wait_ms,933.405873,961.908205
v30,T1-A-B-C-A,Walker,A,100000,100000,100000,100000,max_frame_ms,27.461916,29.939375000000002
v30,T1-A-B-C-A,Walker,A,100000,100000,100000,100000,max_ingest_gap_ms,47.915125,50.970041
v30,T1-A-B-C-A,Walker,A,100000,100000,100000,100000,max_no_work_progress_ms,47.915125,50.970041
v30,T1-A-B-C-A,Walker,B,100000,100000,100000,100000,data_publish_end_ms,1358.008166,1395.949584
v30,T1-A-B-C-A,Walker,B,100000,100000,100000,100000,terminal_publish_ms,1358.009791,1395.95125
v30,T1-A-B-C-A,Walker,B,100000,100000,100000,100000,index_ready_ms,2310.8257089999997,2388.346417
v30,T1-A-B-C-A,Walker,B,100000,100000,100000,100000,results_ready_ms,2310.8257089999997,2388.346417
v30,T1-A-B-C-A,Walker,B,100000,100000,100000,100000,full_wait_ms,891.44254,921.975999
v30,T1-A-B-C-A,Walker,B,100000,100000,100000,100000,max_frame_ms,25.018833,26.506166
v30,T1-A-B-C-A,Walker,B,100000,100000,100000,100000,max_ingest_gap_ms,47.164958999999996,60.196959
v30,T1-A-B-C-A,Walker,B,100000,100000,100000,100000,max_no_work_progress_ms,902.425083,946.4789999999999
v30,T1-S1-dense,FileList,A,100000,100000,100000,100000,data_publish_end_ms,234.21029099999998,251.362584
v30,T1-S1-dense,FileList,A,100000,100000,100000,100000,terminal_publish_ms,234.252791,251.41104199999998
v30,T1-S1-dense,FileList,A,100000,100000,100000,100000,index_ready_ms,1310.546083,1323.7525839999998
v30,T1-S1-dense,FileList,A,100000,100000,100000,100000,results_ready_ms,1310.546083,1323.7525839999998
v30,T1-S1-dense,FileList,A,100000,100000,100000,100000,full_wait_ms,179.966207,196.812627
v30,T1-S1-dense,FileList,A,100000,100000,100000,100000,max_frame_ms,0.81675,0.833084
v30,T1-S1-dense,FileList,A,100000,100000,100000,100000,max_ingest_gap_ms,1076.7765419999998,1092.5368330000001
v30,T1-S1-dense,FileList,A,100000,100000,100000,100000,max_no_work_progress_ms,1055.435708,1075.3234579999998
v30,T1-S1-dense,FileList,B,100000,100000,100000,100000,data_publish_end_ms,241.254833,246.72191600000002
v30,T1-S1-dense,FileList,B,100000,100000,100000,100000,terminal_publish_ms,241.302083,246.769916
v30,T1-S1-dense,FileList,B,100000,100000,100000,100000,index_ready_ms,1303.2722919999999,1346.242084
v30,T1-S1-dense,FileList,B,100000,100000,100000,100000,results_ready_ms,1303.2722919999999,1346.242084
v30,T1-S1-dense,FileList,B,100000,100000,100000,100000,full_wait_ms,183.731999,194.186832
v30,T1-S1-dense,FileList,B,100000,100000,100000,100000,max_frame_ms,0.8727919999999999,1.10125
v30,T1-S1-dense,FileList,B,100000,100000,100000,100000,max_ingest_gap_ms,1069.786667,1104.056459
v30,T1-S1-dense,FileList,B,100000,100000,100000,100000,max_no_work_progress_ms,1045.811917,1086.43175
v30,T1-S1-dense,Walker,A,100000,100000,100000,100000,data_publish_end_ms,995.735292,1009.1106249999999
v30,T1-S1-dense,Walker,A,100000,100000,100000,100000,terminal_publish_ms,995.737,1009.112792
v30,T1-S1-dense,Walker,A,100000,100000,100000,100000,index_ready_ms,2080.936917,2100.9509999999996
v30,T1-S1-dense,Walker,A,100000,100000,100000,100000,results_ready_ms,2080.936917,2100.9509999999996
v30,T1-S1-dense,Walker,A,100000,100000,100000,100000,full_wait_ms,956.134119,963.3112080000001
v30,T1-S1-dense,Walker,A,100000,100000,100000,100000,max_frame_ms,0.859,13.282542
v30,T1-S1-dense,Walker,A,100000,100000,100000,100000,max_ingest_gap_ms,1084.1154589999999,1102.640833
v30,T1-S1-dense,Walker,A,100000,100000,100000,100000,max_no_work_progress_ms,1060.3995,1085.141625
v30,T1-S1-dense,Walker,B,100000,100000,100000,100000,data_publish_end_ms,982.943667,1026.416542
v30,T1-S1-dense,Walker,B,100000,100000,100000,100000,terminal_publish_ms,982.946209,1026.4184169999999
v30,T1-S1-dense,Walker,B,100000,100000,100000,100000,index_ready_ms,2076.677916,2087.968917
v30,T1-S1-dense,Walker,B,100000,100000,100000,100000,results_ready_ms,2076.677916,2087.968917
v30,T1-S1-dense,Walker,B,100000,100000,100000,100000,full_wait_ms,930.591669,968.053209
v30,T1-S1-dense,Walker,B,100000,100000,100000,100000,max_frame_ms,0.9072079999999999,0.9683339999999999
v30,T1-S1-dense,Walker,B,100000,100000,100000,100000,max_ingest_gap_ms,1086.4615,1105.1040830000002
v30,T1-S1-dense,Walker,B,100000,100000,100000,100000,max_no_work_progress_ms,1066.84,1081.3545
v30,T1-S1-selective,FileList,A,100000,100000,100000,100000,data_publish_end_ms,236.33629200000001,256.745791
v30,T1-S1-selective,FileList,A,100000,100000,100000,100000,terminal_publish_ms,236.379042,256.810083
v30,T1-S1-selective,FileList,A,100000,100000,100000,100000,index_ready_ms,1329.894,1340.99475
v30,T1-S1-selective,FileList,A,100000,100000,100000,100000,results_ready_ms,1329.894,1340.99475
v30,T1-S1-selective,FileList,A,100000,100000,100000,100000,full_wait_ms,181.551667,200.557914
v30,T1-S1-selective,FileList,A,100000,100000,100000,100000,max_frame_ms,0.821875,0.893042
v30,T1-S1-selective,FileList,A,100000,100000,100000,100000,max_ingest_gap_ms,1082.538292,1114.016416
v30,T1-S1-selective,FileList,A,100000,100000,100000,100000,max_no_work_progress_ms,1065.836458,1095.235375
v30,T1-S1-selective,FileList,B,100000,100000,100000,100000,data_publish_end_ms,235.954833,256.122875
v30,T1-S1-selective,FileList,B,100000,100000,100000,100000,terminal_publish_ms,236.001916,256.166333
v30,T1-S1-selective,FileList,B,100000,100000,100000,100000,index_ready_ms,1315.7197090000002,1340.9667080000002
v30,T1-S1-selective,FileList,B,100000,100000,100000,100000,results_ready_ms,1315.7197090000002,1340.9667080000002
v30,T1-S1-selective,FileList,B,100000,100000,100000,100000,full_wait_ms,186.039918,202.885167
v30,T1-S1-selective,FileList,B,100000,100000,100000,100000,max_frame_ms,0.8845419999999999,0.9232090000000001
v30,T1-S1-selective,FileList,B,100000,100000,100000,100000,max_ingest_gap_ms,1081.606542,1092.3574170000002
v30,T1-S1-selective,FileList,B,100000,100000,100000,100000,max_no_work_progress_ms,1062.091625,1071.074375
v30,T1-S1-selective,Walker,A,100000,100000,100000,100000,data_publish_end_ms,964.11275,1002.559
v30,T1-S1-selective,Walker,A,100000,100000,100000,100000,terminal_publish_ms,964.115041,1002.56075
v30,T1-S1-selective,Walker,A,100000,100000,100000,100000,index_ready_ms,2034.004291,2098.0163749999997
v30,T1-S1-selective,Walker,A,100000,100000,100000,100000,results_ready_ms,2034.004291,2098.0163749999997
v30,T1-S1-selective,Walker,A,100000,100000,100000,100000,full_wait_ms,913.569626,949.395333
v30,T1-S1-selective,Walker,A,100000,100000,100000,100000,max_frame_ms,0.8630000000000001,1.319333
v30,T1-S1-selective,Walker,A,100000,100000,100000,100000,max_ingest_gap_ms,1066.4947920000002,1096.079917
v30,T1-S1-selective,Walker,A,100000,100000,100000,100000,max_no_work_progress_ms,1046.7195410000002,1072.258292
v30,T1-S1-selective,Walker,B,100000,100000,100000,100000,data_publish_end_ms,997.883416,1060.081042
v30,T1-S1-selective,Walker,B,100000,100000,100000,100000,terminal_publish_ms,997.885208,1060.082917
v30,T1-S1-selective,Walker,B,100000,100000,100000,100000,index_ready_ms,2089.5719160000003,2121.5853340000003
v30,T1-S1-selective,Walker,B,100000,100000,100000,100000,results_ready_ms,2089.5719160000003,2121.5853340000003
v30,T1-S1-selective,Walker,B,100000,100000,100000,100000,full_wait_ms,944.9991229999999,1006.970288
v30,T1-S1-selective,Walker,B,100000,100000,100000,100000,max_frame_ms,1.2885,1.359333
v30,T1-S1-selective,Walker,B,100000,100000,100000,100000,max_ingest_gap_ms,1067.630667,1103.9239169999998
v30,T1-S1-selective,Walker,B,100000,100000,100000,100000,max_no_work_progress_ms,1048.782917,1080.078584
v30,T1-S2,FileList,A,100000,100000,100000,100000,data_publish_end_ms,238.938458,249.242625
v30,T1-S2,FileList,A,100000,100000,100000,100000,terminal_publish_ms,238.98225,249.29025
v30,T1-S2,FileList,A,100000,100000,100000,100000,index_ready_ms,1316.239084,1345.1249579999999
v30,T1-S2,FileList,A,100000,100000,100000,100000,results_ready_ms,1316.239084,1345.1249579999999
v30,T1-S2,FileList,A,100000,100000,100000,100000,full_wait_ms,184.98596,192.599789
v30,T1-S2,FileList,A,100000,100000,100000,100000,max_frame_ms,0.819916,0.89375
v30,T1-S2,FileList,A,100000,100000,100000,100000,max_ingest_gap_ms,1075.455625,1104.9015419999998
v30,T1-S2,FileList,A,100000,100000,100000,100000,max_no_work_progress_ms,1056.11525,1080.792625
v30,T1-S2,FileList,B,100000,100000,100000,100000,data_publish_end_ms,237.033792,250.15695799999997
v30,T1-S2,FileList,B,100000,100000,100000,100000,terminal_publish_ms,237.077875,250.20258299999998
v30,T1-S2,FileList,B,100000,100000,100000,100000,index_ready_ms,1292.8138330000002,1338.861542
v30,T1-S2,FileList,B,100000,100000,100000,100000,results_ready_ms,1292.8138330000002,1338.861542
v30,T1-S2,FileList,B,100000,100000,100000,100000,full_wait_ms,180.771374,197.203751
v30,T1-S2,FileList,B,100000,100000,100000,100000,max_frame_ms,0.836833,0.8557079999999999
v30,T1-S2,FileList,B,100000,100000,100000,100000,max_ingest_gap_ms,1059.0012920000001,1098.241958
v30,T1-S2,FileList,B,100000,100000,100000,100000,max_no_work_progress_ms,1037.4062920000001,1081.4823330000002
v30,T1-S2,Walker,A,100000,100000,100000,100000,data_publish_end_ms,996.700292,1031.2337499999999
v30,T1-S2,Walker,A,100000,100000,100000,100000,terminal_publish_ms,996.7023750000001,1031.2358749999999
v30,T1-S2,Walker,A,100000,100000,100000,100000,index_ready_ms,2095.729417,2145.162375
v30,T1-S2,Walker,A,100000,100000,100000,100000,results_ready_ms,2095.729417,2145.162375
v30,T1-S2,Walker,A,100000,100000,100000,100000,full_wait_ms,944.309924,980.211912
v30,T1-S2,Walker,A,100000,100000,100000,100000,max_frame_ms,0.826542,0.920583
v30,T1-S2,Walker,A,100000,100000,100000,100000,max_ingest_gap_ms,1091.765458,1120.3540839999998
v30,T1-S2,Walker,A,100000,100000,100000,100000,max_no_work_progress_ms,1067.982708,1096.601084
v30,T1-S2,Walker,B,100000,100000,100000,100000,data_publish_end_ms,988.7862080000001,1006.3715
v30,T1-S2,Walker,B,100000,100000,100000,100000,terminal_publish_ms,988.788208,1006.3732080000001
v30,T1-S2,Walker,B,100000,100000,100000,100000,index_ready_ms,2073.2574170000003,2123.6399170000004
v30,T1-S2,Walker,B,100000,100000,100000,100000,results_ready_ms,2073.2574170000003,2123.6399170000004
v30,T1-S2,Walker,B,100000,100000,100000,100000,full_wait_ms,935.5431279999999,948.658459
v30,T1-S2,Walker,B,100000,100000,100000,100000,max_frame_ms,3.036833,3.1189999999999998
v30,T1-S2,Walker,B,100000,100000,100000,100000,max_ingest_gap_ms,1084.5637909999998,1117.3305
v30,T1-S2,Walker,B,100000,100000,100000,100000,max_no_work_progress_ms,1061.25375,1093.381167
v30,T1-active-warm,FileList,A,100000,100000,100000,100000,data_publish_end_ms,236.435375,250.05116700000002
v30,T1-active-warm,FileList,A,100000,100000,100000,100000,terminal_publish_ms,236.487833,250.103042
v30,T1-active-warm,FileList,A,100000,100000,100000,100000,index_ready_ms,250.934333,265.15549999999996
v30,T1-active-warm,FileList,A,100000,100000,100000,100000,results_ready_ms,250.934333,265.15549999999996
v30,T1-active-warm,FileList,A,100000,100000,100000,100000,full_wait_ms,181.689292,193.639624
v30,T1-active-warm,FileList,A,100000,100000,100000,100000,max_frame_ms,0.821958,0.897416
v30,T1-active-warm,FileList,A,100000,100000,100000,100000,max_ingest_gap_ms,23.981375,24.984291
v30,T1-active-warm,FileList,A,100000,100000,100000,100000,max_no_work_progress_ms,23.981375,24.736166
v30,T1-active-warm,FileList,B,100000,100000,100000,100000,data_publish_end_ms,228.322,238.31091700000002
v30,T1-active-warm,FileList,B,100000,100000,100000,100000,terminal_publish_ms,228.36991700000002,238.359083
v30,T1-active-warm,FileList,B,100000,100000,100000,100000,index_ready_ms,1339.021083,1361.738208
v30,T1-active-warm,FileList,B,100000,100000,100000,100000,results_ready_ms,1339.021083,1361.738208
v30,T1-active-warm,FileList,B,100000,100000,100000,100000,full_wait_ms,156.488833,164.09116600000002
v30,T1-active-warm,FileList,B,100000,100000,100000,100000,max_frame_ms,1.004292,1.037584
v30,T1-active-warm,FileList,B,100000,100000,100000,100000,max_ingest_gap_ms,23.914250000000003,25.011583
v30,T1-active-warm,FileList,B,100000,100000,100000,100000,max_no_work_progress_ms,1067.87575,1095.618333
v30,T1-active-warm,Walker,A,100000,100000,100000,100000,data_publish_end_ms,962.05825,999.845542
v30,T1-active-warm,Walker,A,100000,100000,100000,100000,terminal_publish_ms,962.060459,999.8479580000001
v30,T1-active-warm,Walker,A,100000,100000,100000,100000,index_ready_ms,987.27225,1024.7385
v30,T1-active-warm,Walker,A,100000,100000,100000,100000,results_ready_ms,987.27225,1024.7385
v30,T1-active-warm,Walker,A,100000,100000,100000,100000,full_wait_ms,917.389545,952.1799199999999
v30,T1-active-warm,Walker,A,100000,100000,100000,100000,max_frame_ms,27.553458,28.874917
v30,T1-active-warm,Walker,A,100000,100000,100000,100000,max_ingest_gap_ms,44.031875,49.801792
v30,T1-active-warm,Walker,A,100000,100000,100000,100000,max_no_work_progress_ms,44.031875,49.801792
v30,T1-active-warm,Walker,B,100000,100000,100000,100000,data_publish_end_ms,952.4064159999999,971.210542
v30,T1-active-warm,Walker,B,100000,100000,100000,100000,terminal_publish_ms,952.408291,971.212459
v30,T1-active-warm,Walker,B,100000,100000,100000,100000,index_ready_ms,2049.5568749999998,2072.438584
v30,T1-active-warm,Walker,B,100000,100000,100000,100000,results_ready_ms,2049.5568749999998,2072.438584
v30,T1-active-warm,Walker,B,100000,100000,100000,100000,full_wait_ms,904.425083,919.320835
v30,T1-active-warm,Walker,B,100000,100000,100000,100000,max_frame_ms,26.400292,27.746707999999998
v30,T1-active-warm,Walker,B,100000,100000,100000,100000,max_ingest_gap_ms,43.447667,48.559833
v30,T1-active-warm,Walker,B,100000,100000,100000,100000,max_no_work_progress_ms,1077.568959,1093.595084
v30,T1-natural-reclaim,FileList,A,100000,100000,100000,100000,data_publish_end_ms,237.22620799999999,243.281875
v30,T1-natural-reclaim,FileList,A,100000,100000,100000,100000,terminal_publish_ms,237.299667,243.33599999999998
v30,T1-natural-reclaim,FileList,A,100000,100000,100000,100000,index_ready_ms,270.002125,279.62391599999995
v30,T1-natural-reclaim,FileList,A,100000,100000,100000,100000,results_ready_ms,270.002125,279.62391599999995
v30,T1-natural-reclaim,FileList,A,100000,100000,100000,100000,full_wait_ms,181.133125,187.56020900000001
v30,T1-natural-reclaim,FileList,A,100000,100000,100000,100000,max_frame_ms,1.053917,1.199791
v30,T1-natural-reclaim,FileList,A,100000,100000,100000,100000,max_ingest_gap_ms,23.9825,24.034334
v30,T1-natural-reclaim,FileList,A,100000,100000,100000,100000,max_no_work_progress_ms,23.9825,24.034334
v30,T1-natural-reclaim,FileList,B,100000,100000,100000,100000,data_publish_end_ms,225.125792,237.354917
v30,T1-natural-reclaim,FileList,B,100000,100000,100000,100000,terminal_publish_ms,225.17975,237.40533399999998
v30,T1-natural-reclaim,FileList,B,100000,100000,100000,100000,index_ready_ms,1344.190791,1374.529
v30,T1-natural-reclaim,FileList,B,100000,100000,100000,100000,results_ready_ms,1344.190791,1374.529
v30,T1-natural-reclaim,FileList,B,100000,100000,100000,100000,full_wait_ms,150.77354000000003,160.571583
v30,T1-natural-reclaim,FileList,B,100000,100000,100000,100000,max_frame_ms,1.0985420000000001,1.130792
v30,T1-natural-reclaim,FileList,B,100000,100000,100000,100000,max_ingest_gap_ms,23.906875,23.989583
v30,T1-natural-reclaim,FileList,B,100000,100000,100000,100000,max_no_work_progress_ms,1049.194041,1084.284042
v30,T1-natural-reclaim,Walker,A,100000,100000,100000,100000,data_publish_end_ms,984.8965410000001,1020.959792
v30,T1-natural-reclaim,Walker,A,100000,100000,100000,100000,terminal_publish_ms,984.898458,1020.961459
v30,T1-natural-reclaim,Walker,A,100000,100000,100000,100000,index_ready_ms,1023.3790410000001,1063.053333
v30,T1-natural-reclaim,Walker,A,100000,100000,100000,100000,results_ready_ms,1023.3790410000001,1063.053333
v30,T1-natural-reclaim,Walker,A,100000,100000,100000,100000,full_wait_ms,934.2849560000001,975.00429
v30,T1-natural-reclaim,Walker,A,100000,100000,100000,100000,max_frame_ms,27.915792,29.078708000000002
v30,T1-natural-reclaim,Walker,A,100000,100000,100000,100000,max_ingest_gap_ms,48.704833,49.748167
v30,T1-natural-reclaim,Walker,A,100000,100000,100000,100000,max_no_work_progress_ms,48.704833,49.748167
v30,T1-natural-reclaim,Walker,B,100000,100000,100000,100000,data_publish_end_ms,961.700292,973.71775
v30,T1-natural-reclaim,Walker,B,100000,100000,100000,100000,terminal_publish_ms,961.701542,973.719667
v30,T1-natural-reclaim,Walker,B,100000,100000,100000,100000,index_ready_ms,2091.9550830000003,2108.3448329999997
v30,T1-natural-reclaim,Walker,B,100000,100000,100000,100000,results_ready_ms,2091.9550830000003,2108.3448329999997
v30,T1-natural-reclaim,Walker,B,100000,100000,100000,100000,full_wait_ms,912.706619,923.6329989999999
v30,T1-natural-reclaim,Walker,B,100000,100000,100000,100000,max_frame_ms,26.184292000000003,26.669708
v30,T1-natural-reclaim,Walker,B,100000,100000,100000,100000,max_ingest_gap_ms,44.516209,48.190084
v30,T1-natural-reclaim,Walker,B,100000,100000,100000,100000,max_no_work_progress_ms,1091.162459,1104.829625
v30,T1-promotion,Walker,A,100000,100000,100000,100000,data_publish_end_ms,969.970541,1014.507708
v30,T1-promotion,Walker,A,100000,100000,100000,100000,terminal_publish_ms,969.973083,1014.5097499999999
v30,T1-promotion,Walker,A,100000,100000,100000,100000,index_ready_ms,989.6643750000001,1039.0317499999999
v30,T1-promotion,Walker,A,100000,100000,100000,100000,results_ready_ms,989.6643750000001,1039.0317499999999
v30,T1-promotion,Walker,A,100000,100000,100000,100000,full_wait_ms,924.262459,966.170792
v30,T1-promotion,Walker,A,100000,100000,100000,100000,max_frame_ms,26.956333,27.963084
v30,T1-promotion,Walker,A,100000,100000,100000,100000,max_ingest_gap_ms,46.548541,48.675875
v30,T1-promotion,Walker,A,100000,100000,100000,100000,max_no_work_progress_ms,46.548541,48.675875
v30,T1-promotion,Walker,B,100000,100000,100000,100000,data_publish_end_ms,937.819542,956.14875
v30,T1-promotion,Walker,B,100000,100000,100000,100000,terminal_publish_ms,937.821209,956.150583
v30,T1-promotion,Walker,B,100000,100000,100000,100000,index_ready_ms,2045.48475,2073.031709
v30,T1-promotion,Walker,B,100000,100000,100000,100000,results_ready_ms,2045.48475,2073.031709
v30,T1-promotion,Walker,B,100000,100000,100000,100000,full_wait_ms,891.993123,907.520169
v30,T1-promotion,Walker,B,100000,100000,100000,100000,max_frame_ms,26.331583,27.435583
v30,T1-promotion,Walker,B,100000,100000,100000,100000,max_ingest_gap_ms,905.254375,939.008458
v30,T1-promotion,Walker,B,100000,100000,100000,100000,max_no_work_progress_ms,905.254375,939.008458
v30,W1-deep,Walker,A,100000,100000,100000,100000,data_publish_end_ms,974.0176670000001,1019.499583
v30,W1-deep,Walker,A,100000,100000,100000,100000,terminal_publish_ms,974.019792,1019.501833
v30,W1-deep,Walker,A,100000,100000,100000,100000,index_ready_ms,999.222792,1044.2274579999998
v30,W1-deep,Walker,A,100000,100000,100000,100000,results_ready_ms,999.222792,1044.2274579999998
v30,W1-deep,Walker,A,100000,100000,100000,100000,full_wait_ms,931.5119149999999,976.146916
v30,W1-deep,Walker,A,100000,100000,100000,100000,max_frame_ms,37.32925,39.499291
v30,W1-deep,Walker,A,100000,100000,100000,100000,max_ingest_gap_ms,54.480584,58.4095
v30,W1-deep,Walker,A,100000,100000,100000,100000,max_no_work_progress_ms,54.480584,58.4095
v30,W1-deep,Walker,B,100000,100000,100000,100000,data_publish_end_ms,981.0192920000001,994.8634159999999
v30,W1-deep,Walker,B,100000,100000,100000,100000,terminal_publish_ms,981.02125,994.8651659999999
v30,W1-deep,Walker,B,100000,100000,100000,100000,index_ready_ms,1006.0668340000001,1018.5765
v30,W1-deep,Walker,B,100000,100000,100000,100000,results_ready_ms,1006.0668340000001,1018.5765
v30,W1-deep,Walker,B,100000,100000,100000,100000,full_wait_ms,938.5309189999999,952.758542
v30,W1-deep,Walker,B,100000,100000,100000,100000,max_frame_ms,37.920958,40.415041
v30,W1-deep,Walker,B,100000,100000,100000,100000,max_ingest_gap_ms,53.609958999999996,59.286249999999995
v30,W1-deep,Walker,B,100000,100000,100000,100000,max_no_work_progress_ms,53.609958999999996,59.286249999999995
v30,W1-follow-links,Walker,A,100000,199998,199998,199998,data_publish_end_ms,2106.026125,2147.581
v30,W1-follow-links,Walker,A,100000,199998,199998,199998,terminal_publish_ms,2106.028083,2147.583458
v30,W1-follow-links,Walker,A,100000,199998,199998,199998,index_ready_ms,2151.529458,2193.465083
v30,W1-follow-links,Walker,A,100000,199998,199998,199998,results_ready_ms,2151.529458,2193.465083
v30,W1-follow-links,Walker,A,100000,199998,199998,199998,full_wait_ms,2033.690043,2074.3995320000004
v30,W1-follow-links,Walker,A,100000,199998,199998,199998,max_frame_ms,52.059791000000004,54.358416
v30,W1-follow-links,Walker,A,100000,199998,199998,199998,max_ingest_gap_ms,70.317166,74.003125
v30,W1-follow-links,Walker,A,100000,199998,199998,199998,max_no_work_progress_ms,70.317166,74.003125
v30,W1-follow-links,Walker,B,100000,199998,199998,199998,data_publish_end_ms,2085.9816659999997,2114.120625
v30,W1-follow-links,Walker,B,100000,199998,199998,199998,terminal_publish_ms,2085.984083,2114.12275
v30,W1-follow-links,Walker,B,100000,199998,199998,199998,index_ready_ms,2131.011416,2159.762166
v30,W1-follow-links,Walker,B,100000,199998,199998,199998,results_ready_ms,2131.011416,2159.762166
v30,W1-follow-links,Walker,B,100000,199998,199998,199998,full_wait_ms,2017.878418,2039.788751
v30,W1-follow-links,Walker,B,100000,199998,199998,199998,max_frame_ms,53.287167000000004,53.997749999999996
v30,W1-follow-links,Walker,B,100000,199998,199998,199998,max_ingest_gap_ms,73.18062499999999,74.541375
v30,W1-follow-links,Walker,B,100000,199998,199998,199998,max_no_work_progress_ms,73.18062499999999,74.541375
v30,W1-wide,Walker,A,100000,100000,100000,100000,data_publish_end_ms,1005.705833,1053.4859999999999
v30,W1-wide,Walker,A,100000,100000,100000,100000,terminal_publish_ms,1005.707875,1053.488375
v30,W1-wide,Walker,A,100000,100000,100000,100000,index_ready_ms,1030.7382499999999,1078.118375
v30,W1-wide,Walker,A,100000,100000,100000,100000,results_ready_ms,1030.7382499999999,1078.118375
v30,W1-wide,Walker,A,100000,100000,100000,100000,full_wait_ms,980.5665019999999,1030.070958
v30,W1-wide,Walker,A,100000,100000,100000,100000,max_frame_ms,32.169125,46.717042
v30,W1-wide,Walker,A,100000,100000,100000,100000,max_ingest_gap_ms,52.798083000000005,65.710375
v30,W1-wide,Walker,A,100000,100000,100000,100000,max_no_work_progress_ms,52.798083000000005,65.710375
v30,W1-wide,Walker,B,100000,100000,100000,100000,data_publish_end_ms,985.279417,1022.1152920000001
v30,W1-wide,Walker,B,100000,100000,100000,100000,terminal_publish_ms,985.2816250000001,1022.117792
v30,W1-wide,Walker,B,100000,100000,100000,100000,index_ready_ms,1011.083083,1046.227292
v30,W1-wide,Walker,B,100000,100000,100000,100000,results_ready_ms,1011.083083,1046.227292
v30,W1-wide,Walker,B,100000,100000,100000,100000,full_wait_ms,960.920711,997.844871
v30,W1-wide,Walker,B,100000,100000,100000,100000,max_frame_ms,33.226541999999995,33.892417
v30,W1-wide,Walker,B,100000,100000,100000,100000,max_ingest_gap_ms,51.947542,54.018542000000004
v30,W1-wide,Walker,B,100000,100000,100000,100000,max_no_work_progress_ms,51.947542,54.018542000000004
