2026-10-04T17:44:14.6571761Z Current runner version: '2.337.0'
2026-10-04T17:44:14.6624156Z ##[group]Runner Image Provisioner
2026-10-04T17:44:14.6624992Z Hosted Compute Agent
2026-10-04T17:44:14.6625535Z Version: 20260901.588
2026-10-04T17:44:14.6626140Z Commit: f88ec8081b781fac6c440065ac7ff9e710ce3d0b
2026-10-04T17:44:14.6626844Z Build Date: 2026-09-01T19:56:44Z
2026-10-04T17:44:14.6627457Z Worker ID: {5596c275-0294-47d5-8de4-b09a6863021c}
2026-10-04T17:44:14.6628152Z Azure Region: northcentralus
2026-10-04T17:44:14.6628761Z ##[endgroup]
2026-10-04T17:44:14.6630112Z ##[group]Operating System
2026-10-04T17:44:14.6630745Z Microsoft Windows Server 2025
2026-10-04T17:44:14.6631297Z 10.0.26100
2026-10-04T17:44:14.6631800Z Datacenter
2026-10-04T17:44:14.6632278Z ##[endgroup]
2026-10-04T17:44:14.6632773Z ##[group]Runner Image
2026-10-04T17:44:14.6633368Z Image: windows-2025-vs2026
2026-10-04T17:44:14.6633918Z Version: 20260925.250.1
2026-10-04T17:44:14.6635462Z Included Software: https://github.com/actions/runner-images/blob/win25-vs2026/20260925.250/images/windows/Windows2025-VS2026-Readme.md
2026-10-04T17:44:14.6637109Z Image Release: https://github.com/actions/runner-images/releases/tag/win25-vs2026%2F20260925.250
2026-10-04T17:44:14.6638049Z ##[endgroup]
2026-10-04T17:44:14.6639630Z ##[group]GITHUB_TOKEN Permissions
2026-10-04T17:44:14.6641462Z Contents: read
2026-10-04T17:44:14.6642126Z Metadata: read
2026-10-04T17:44:14.6642643Z ##[endgroup]
2026-10-04T17:44:14.6644775Z Secret source: Actions
2026-10-04T17:44:14.6645674Z Cache mode: write
2026-10-04T17:44:14.6646348Z Prepare workflow directory
2026-10-04T17:44:14.7108980Z Prepare all required actions
2026-10-04T17:44:14.7180389Z Getting action download info
2026-10-04T17:44:14.9150720Z Download action repository 'actions/checkout@3d3c42e5aac5ba805825da76410c181273ba90b1' (SHA:3d3c42e5aac5ba805825da76410c181273ba90b1)
2026-10-04T17:44:15.0487630Z Download action repository 'dtolnay/rust-toolchain@4cda84d5c5c54efe2404f9d843567869ab1699d4' (SHA:4cda84d5c5c54efe2404f9d843567869ab1699d4)
2026-10-04T17:44:15.1740796Z Download action repository 'actions/cache@55cc8345863c7cc4c66a329aec7e433d2d1c52a9' (SHA:55cc8345863c7cc4c66a329aec7e433d2d1c52a9)
2026-10-04T17:44:15.4828208Z Complete job name: Rust Test and Build (windows-native)
2026-10-04T17:44:15.6562576Z ##[group]Run actions/checkout@3d3c42e5aac5ba805825da76410c181273ba90b1
2026-10-04T17:44:15.6563831Z with:
2026-10-04T17:44:15.6564297Z   repository: ShinjiKawamura255/flist-walker
2026-10-04T17:44:15.6568456Z   token: ***
2026-10-04T17:44:15.6568867Z   ssh-strict: true
2026-10-04T17:44:15.6569279Z   ssh-user: git
2026-10-04T17:44:15.6569693Z   persist-credentials: true
2026-10-04T17:44:15.6570144Z   clean: true
2026-10-04T17:44:15.6570571Z   sparse-checkout-cone-mode: true
2026-10-04T17:44:15.6571066Z   fetch-depth: 1
2026-10-04T17:44:15.6571473Z   fetch-tags: false
2026-10-04T17:44:15.6571886Z   show-progress: true
2026-10-04T17:44:15.6572306Z   lfs: false
2026-10-04T17:44:15.6572692Z   submodules: false
2026-10-04T17:44:15.6573141Z   set-safe-directory: true
2026-10-04T17:44:15.6573619Z   allow-unsafe-pr-checkout: false
2026-10-04T17:44:15.6574320Z env:
2026-10-04T17:44:15.6574699Z   CARGO_INCREMENTAL: 0
2026-10-04T17:44:15.6575140Z   RUST_VERSION: 1.97.1
2026-10-04T17:44:15.6575599Z   CARGO_AUDIT_VERSION: 0.22.2
2026-10-04T17:44:15.6576076Z   CARGO_LLVM_COV_VERSION: 0.8.7
2026-10-04T17:44:15.6576532Z ##[endgroup]
2026-10-04T17:44:15.8137065Z Syncing repository: ShinjiKawamura255/flist-walker
2026-10-04T17:44:15.8138913Z ##[group]Getting Git version info
2026-10-04T17:44:15.8139597Z Working directory is 'D:\a\flist-walker\flist-walker'
2026-10-04T17:44:15.9875635Z [command]"C:\Program Files\Git\bin\git.exe" version
2026-10-04T17:44:16.3560728Z git version 2.55.0.windows.5
2026-10-04T17:44:16.3608074Z ##[endgroup]
2026-10-04T17:44:16.3624743Z Temporarily overriding HOME='D:\a\_temp\7c2641e7-b5cb-4627-b2da-2a11abef1def' before making global git config changes
2026-10-04T17:44:16.3626603Z Adding repository directory to the temporary git global config as a safe directory
2026-10-04T17:44:16.3635553Z [command]"C:\Program Files\Git\bin\git.exe" config --global --add safe.directory D:\a\flist-walker\flist-walker
2026-10-04T17:44:16.4311979Z Deleting the contents of 'D:\a\flist-walker\flist-walker'
2026-10-04T17:44:16.4317665Z ##[group]Determining repository object format
2026-10-04T17:44:16.4319979Z ##[endgroup]
2026-10-04T17:44:16.4321353Z ##[group]Initializing the repository
2026-10-04T17:44:16.4329372Z [command]"C:\Program Files\Git\bin\git.exe" init D:\a\flist-walker\flist-walker
2026-10-04T17:44:16.5324422Z Initialized empty Git repository in D:/a/flist-walker/flist-walker/.git/
2026-10-04T17:44:16.5370292Z [command]"C:\Program Files\Git\bin\git.exe" remote add origin https://github.com/ShinjiKawamura255/flist-walker
2026-10-04T17:44:16.5985147Z ##[endgroup]
2026-10-04T17:44:16.5985778Z ##[group]Disabling automatic garbage collection
2026-10-04T17:44:16.5994119Z [command]"C:\Program Files\Git\bin\git.exe" config --local gc.auto 0
2026-10-04T17:44:16.6288816Z ##[endgroup]
2026-10-04T17:44:16.6289413Z ##[group]Setting up auth
2026-10-04T17:44:16.6289814Z Removing SSH command configuration
2026-10-04T17:44:16.6298842Z [command]"C:\Program Files\Git\bin\git.exe" config --local --name-only --get-regexp core\.sshCommand
2026-10-04T17:44:16.6596389Z [command]"C:\Program Files\Git\bin\git.exe" submodule foreach --recursive "sh -c \"git config --local --name-only --get-regexp 'core\.sshCommand' && git config --local --unset-all 'core.sshCommand' || :\""
2026-10-04T17:44:18.1532517Z Removing HTTP extra header
2026-10-04T17:44:18.1545990Z [command]"C:\Program Files\Git\bin\git.exe" config --local --name-only --get-regexp http\.https\:\/\/github\.com\/\.extraheader
2026-10-04T17:44:18.1847799Z [command]"C:\Program Files\Git\bin\git.exe" submodule foreach --recursive "sh -c \"git config --local --name-only --get-regexp 'http\.https\:\/\/github\.com\/\.extraheader' && git config --local --unset-all 'http.https://github.com/.extraheader' || :\""
2026-10-04T17:44:18.7329413Z Removing includeIf entries pointing to credentials config files
2026-10-04T17:44:18.7344251Z [command]"C:\Program Files\Git\bin\git.exe" config --local --name-only --get-regexp ^includeIf\.gitdir:
2026-10-04T17:44:18.7644603Z [command]"C:\Program Files\Git\bin\git.exe" submodule foreach --recursive "git config --local --show-origin --name-only --get-regexp remote.origin.url"
2026-10-04T17:44:19.3034279Z [command]"C:\Program Files\Git\bin\git.exe" config --file D:\a\_temp\git-credentials-c0010e79-97ab-43c6-87ea-1a484e7f887f.config http.https://github.com/.extraheader "AUTHORIZATION: basic ***"
2026-10-04T17:44:19.3355271Z [command]"C:\Program Files\Git\bin\git.exe" config --local includeIf.gitdir:D:/a/flist-walker/flist-walker/.git.path D:\a\_temp\git-credentials-c0010e79-97ab-43c6-87ea-1a484e7f887f.config
2026-10-04T17:44:19.3656759Z [command]"C:\Program Files\Git\bin\git.exe" config --local includeIf.gitdir:D:/a/flist-walker/flist-walker/.git/worktrees/*.path D:\a\_temp\git-credentials-c0010e79-97ab-43c6-87ea-1a484e7f887f.config
2026-10-04T17:44:19.4023094Z [command]"C:\Program Files\Git\bin\git.exe" config --local includeIf.gitdir:/github/workspace/.git.path /github/runner_temp/git-credentials-c0010e79-97ab-43c6-87ea-1a484e7f887f.config
2026-10-04T17:44:19.4334938Z [command]"C:\Program Files\Git\bin\git.exe" config --local includeIf.gitdir:/github/workspace/.git/worktrees/*.path /github/runner_temp/git-credentials-c0010e79-97ab-43c6-87ea-1a484e7f887f.config
2026-10-04T17:44:19.4648964Z ##[endgroup]
2026-10-04T17:44:19.4649370Z ##[group]Fetching the repository
2026-10-04T17:44:19.4661397Z [command]"C:\Program Files\Git\bin\git.exe" -c protocol.version=2 fetch --no-tags --prune --no-recurse-submodules --depth=1 origin +9af7b4f8a2101047fb8ba979e9fa99ddf3fd49d1:refs/remotes/pull/169/merge
2026-10-04T17:44:21.3452189Z From https://github.com/ShinjiKawamura255/flist-walker
2026-10-04T17:44:21.3453178Z  * [new ref]         9af7b4f8a2101047fb8ba979e9fa99ddf3fd49d1 -> pull/169/merge
2026-10-04T17:44:21.3493962Z ##[endgroup]
2026-10-04T17:44:21.3494924Z ##[group]Determining the checkout info
2026-10-04T17:44:21.3495565Z ##[endgroup]
2026-10-04T17:44:21.3504165Z [command]"C:\Program Files\Git\bin\git.exe" sparse-checkout disable
2026-10-04T17:44:21.3983962Z [command]"C:\Program Files\Git\bin\git.exe" config --local --unset-all extensions.worktreeConfig
2026-10-04T17:44:21.4288928Z ##[group]Checking out the ref
2026-10-04T17:44:21.4297662Z [command]"C:\Program Files\Git\bin\git.exe" checkout --progress --force refs/remotes/pull/169/merge
2026-10-04T17:44:22.0026115Z Note: switching to 'refs/remotes/pull/169/merge'.
2026-10-04T17:44:22.0027104Z 
2026-10-04T17:44:22.0027654Z You are in 'detached HEAD' state. You can look around, make experimental
2026-10-04T17:44:22.0028577Z changes and commit them, and you can discard any commits you make in this
2026-10-04T17:44:22.0029383Z state without impacting any branches by switching back to a branch.
2026-10-04T17:44:22.0029946Z 
2026-10-04T17:44:22.0030261Z If you want to create a new branch to retain commits you create, you may
2026-10-04T17:44:22.0092663Z do so (now or later) by using -c with the switch command. Example:
2026-10-04T17:44:22.0093226Z 
2026-10-04T17:44:22.0093462Z   git switch -c <new-branch-name>
2026-10-04T17:44:22.0093744Z 
2026-10-04T17:44:22.0093879Z Or undo this operation with:
2026-10-04T17:44:22.0094112Z 
2026-10-04T17:44:22.0094260Z   git switch -
2026-10-04T17:44:22.0094446Z 
2026-10-04T17:44:22.0094847Z Turn off this advice by setting config variable advice.detachedHead to false
2026-10-04T17:44:22.0096681Z 
2026-10-04T17:44:22.0097349Z HEAD is now at 9af7b4f Merge 6e95f527a2fb56b097292d80d8c8e08016ec0dee into 956976e2d5d0e717b2b4200e2342120621692a4a
2026-10-04T17:44:22.0173633Z ##[endgroup]
2026-10-04T17:44:22.0594748Z [command]"C:\Program Files\Git\bin\git.exe" log -1 --format=%H
2026-10-04T17:44:22.0872363Z 9af7b4f8a2101047fb8ba979e9fa99ddf3fd49d1
2026-10-04T17:44:22.1299260Z ##[group]Run echo "runner_image_os=${ImageOS:-unknown}" >> "$GITHUB_STEP_SUMMARY"
2026-10-04T17:44:22.1299956Z [36;1mecho "runner_image_os=${ImageOS:-unknown}" >> "$GITHUB_STEP_SUMMARY"[0m
2026-10-04T17:44:22.1300529Z [36;1mecho "runner_image_version=${ImageVersion:-unknown}" >> "$GITHUB_STEP_SUMMARY"[0m
2026-10-04T17:44:22.1325553Z shell: C:\Program Files\Git\bin\bash.EXE --noprofile --norc -e -o pipefail {0}
2026-10-04T17:44:22.1325964Z env:
2026-10-04T17:44:22.1326139Z   CARGO_INCREMENTAL: 0
2026-10-04T17:44:22.1326347Z   RUST_VERSION: 1.97.1
2026-10-04T17:44:22.1326547Z   CARGO_AUDIT_VERSION: 0.22.2
2026-10-04T17:44:22.1326767Z   CARGO_LLVM_COV_VERSION: 0.8.7
2026-10-04T17:44:22.1326980Z ##[endgroup]
2026-10-04T17:44:22.3525000Z ##[group]Run dtolnay/rust-toolchain@4cda84d5c5c54efe2404f9d843567869ab1699d4
2026-10-04T17:44:22.3525669Z with:
2026-10-04T17:44:22.3525866Z   toolchain: 1.97.1
2026-10-04T17:44:22.3526053Z env:
2026-10-04T17:44:22.3526250Z   CARGO_INCREMENTAL: 0
2026-10-04T17:44:22.3526448Z   RUST_VERSION: 1.97.1
2026-10-04T17:44:22.3526641Z   CARGO_AUDIT_VERSION: 0.22.2
2026-10-04T17:44:22.3526863Z   CARGO_LLVM_COV_VERSION: 0.8.7
2026-10-04T17:44:22.3527076Z ##[endgroup]
2026-10-04T17:44:22.3617624Z ##[start-action display=Run : parse toolchain version;id=__dtolnay_rust-toolchain.parse]
2026-10-04T17:44:22.3770107Z ##[group]Run : parse toolchain version
2026-10-04T17:44:22.3770470Z [36;1m: parse toolchain version[0m
2026-10-04T17:44:22.3770732Z [36;1mif [[ -z $toolchain ]]; then[0m
2026-10-04T17:44:22.3771222Z [36;1m  # GitHub does not enforce `required: true` inputs itself. https://github.com/actions/runner/issues/1070[0m
2026-10-04T17:44:22.3771809Z [36;1m  echo "'toolchain' is a required input" >&2[0m
2026-10-04T17:44:22.3772085Z [36;1m  exit 1[0m
2026-10-04T17:44:22.3772395Z [36;1melif [[ $toolchain =~ ^stable' '[0-9]+' '(year|month|week|day)s?' 'ago$ ]]; then[0m
2026-10-04T17:44:22.3772795Z [36;1m  if [[ Windows == macOS ]]; then[0m
2026-10-04T17:44:22.3773510Z [36;1m    echo "toolchain=1.$((($(date -v-$(sed 's/stable \([0-9]*\) \(.\).*/\1\2/' <<< $toolchain) +%s)/60/60/24-16569)/7/6))" >> $GITHUB_OUTPUT[0m
2026-10-04T17:44:22.3774003Z [36;1m  else[0m
2026-10-04T17:44:22.3774397Z [36;1m    echo "toolchain=1.$((($(date --date "${toolchain#stable }" +%s)/60/60/24-16569)/7/6))" >> $GITHUB_OUTPUT[0m
2026-10-04T17:44:22.3774836Z [36;1m  fi[0m
2026-10-04T17:44:22.3775110Z [36;1melif [[ $toolchain =~ ^stable' 'minus' '[0-9]+' 'releases?$ ]]; then[0m
2026-10-04T17:44:22.3775629Z [36;1m  echo "toolchain=1.$((($(date +%s)/60/60/24-16569)/7/6-${toolchain//[^0-9]/}))" >> $GITHUB_OUTPUT[0m
2026-10-04T17:44:22.3776084Z [36;1melif [[ $toolchain =~ ^1\.[0-9]+$ ]]; then[0m
2026-10-04T17:44:22.3776584Z [36;1m  echo "toolchain=1.$((i=${toolchain#1.}, c=($(date +%s)/60/60/24-16569)/7/6, i+9*i*(10*i<=c)+90*i*(100*i<=c)))" >> $GITHUB_OUTPUT[0m
2026-10-04T17:44:22.3777056Z [36;1melse[0m
2026-10-04T17:44:22.3777299Z [36;1m  echo "toolchain=$toolchain" >> $GITHUB_OUTPUT[0m
2026-10-04T17:44:22.3777578Z [36;1mfi[0m
2026-10-04T17:44:22.3793561Z shell: C:\Program Files\Git\bin\bash.EXE --noprofile --norc -e -o pipefail {0}
2026-10-04T17:44:22.3793948Z env:
2026-10-04T17:44:22.3794118Z   CARGO_INCREMENTAL: 0
2026-10-04T17:44:22.3794316Z   RUST_VERSION: 1.97.1
2026-10-04T17:44:22.3794568Z   CARGO_AUDIT_VERSION: 0.22.2
2026-10-04T17:44:22.3794807Z   CARGO_LLVM_COV_VERSION: 0.8.7
2026-10-04T17:44:22.3795022Z   toolchain: 1.97.1
2026-10-04T17:44:22.3795203Z ##[endgroup]
2026-10-04T17:44:22.4215282Z ##[end-action id=__dtolnay_rust-toolchain.parse;outcome=success;conclusion=success;duration_ms=59]
2026-10-04T17:44:22.4240645Z ##[start-action display=Run : construct rustup command line;id=__dtolnay_rust-toolchain.flags]
2026-10-04T17:44:22.4378775Z ##[group]Run : construct rustup command line
2026-10-04T17:44:22.4379090Z [36;1m: construct rustup command line[0m
2026-10-04T17:44:22.4379523Z [36;1mecho "targets=$(for t in ${targets//,/ }; do echo -n ' --target' $t; done)" >> $GITHUB_OUTPUT[0m
2026-10-04T17:44:22.4380161Z [36;1mecho "components=$(for c in ${components//,/ }; do echo -n ' --component' $c; done)" >> $GITHUB_OUTPUT[0m
2026-10-04T17:44:22.4380630Z [36;1mecho "downgrade=" >> $GITHUB_OUTPUT[0m
2026-10-04T17:44:22.4395978Z shell: C:\Program Files\Git\bin\bash.EXE --noprofile --norc -e -o pipefail {0}
2026-10-04T17:44:22.4396375Z env:
2026-10-04T17:44:22.4396553Z   CARGO_INCREMENTAL: 0
2026-10-04T17:44:22.4396749Z   RUST_VERSION: 1.97.1
2026-10-04T17:44:22.4396968Z   CARGO_AUDIT_VERSION: 0.22.2
2026-10-04T17:44:22.4397421Z   CARGO_LLVM_COV_VERSION: 0.8.7
2026-10-04T17:44:22.4397666Z   targets: 
2026-10-04T17:44:22.4397827Z   components: 
2026-10-04T17:44:22.4399884Z ##[endgroup]
2026-10-04T17:44:22.5070661Z ##[end-action id=__dtolnay_rust-toolchain.flags;outcome=success;conclusion=success;duration_ms=82]
2026-10-04T17:44:22.5075752Z ##[start-action display=Run : set $CARGO_HOME;id=__dtolnay_rust-toolchain.__run]
2026-10-04T17:44:22.5221992Z ##[group]Run : set $CARGO_HOME
2026-10-04T17:44:22.5222262Z [36;1m: set $CARGO_HOME[0m
2026-10-04T17:44:22.5222585Z [36;1mecho CARGO_HOME=${CARGO_HOME:-"$USERPROFILE\.cargo"} >> $GITHUB_ENV[0m
2026-10-04T17:44:22.5238991Z shell: C:\Program Files\Git\bin\bash.EXE --noprofile --norc -e -o pipefail {0}
2026-10-04T17:44:22.5239380Z env:
2026-10-04T17:44:22.5239549Z   CARGO_INCREMENTAL: 0
2026-10-04T17:44:22.5239750Z   RUST_VERSION: 1.97.1
2026-10-04T17:44:22.5239979Z   CARGO_AUDIT_VERSION: 0.22.2
2026-10-04T17:44:22.5240204Z   CARGO_LLVM_COV_VERSION: 0.8.7
2026-10-04T17:44:22.5240415Z ##[endgroup]
2026-10-04T17:44:22.5654373Z ##[end-action id=__dtolnay_rust-toolchain.__run;outcome=success;conclusion=success;duration_ms=57]
2026-10-04T17:44:22.5657036Z ##[start-action display=Run : install rustup if needed;id=__dtolnay_rust-toolchain.__run_2]
2026-10-04T17:44:22.5668382Z ##[end-action id=__dtolnay_rust-toolchain.__run_2;outcome=skipped;conclusion=skipped;duration_ms=0]
2026-10-04T17:44:22.5672707Z ##[start-action display=Run : install rustup if needed on windows;id=__dtolnay_rust-toolchain.__run_3]
2026-10-04T17:44:22.5813312Z ##[group]Run : install rustup if needed on windows
2026-10-04T17:44:22.5813666Z [36;1m: install rustup if needed on windows[0m
2026-10-04T17:44:22.5813996Z [36;1mif ! command -v rustup &>/dev/null; then[0m
2026-10-04T17:44:22.5814756Z [36;1m  curl --proto '=https' --tlsv1.2 --retry 10 --retry-connrefused --location --silent --show-error --fail https://win.rustup.rs/x86_64 --output 'D:\a\_temp\rustup-init.exe'[0m
2026-10-04T17:44:22.5815621Z [36;1m  'D:\a\_temp\rustup-init.exe' --default-toolchain none --no-modify-path -y[0m
2026-10-04T17:44:22.5816047Z [36;1m  echo "$CARGO_HOME\bin" >> $GITHUB_PATH[0m
2026-10-04T17:44:22.5816312Z [36;1mfi[0m
2026-10-04T17:44:22.5832392Z shell: C:\Program Files\Git\bin\bash.EXE --noprofile --norc -e -o pipefail {0}
2026-10-04T17:44:22.5832784Z env:
2026-10-04T17:44:22.5832971Z   CARGO_INCREMENTAL: 0
2026-10-04T17:44:22.5833169Z   RUST_VERSION: 1.97.1
2026-10-04T17:44:22.5833358Z   CARGO_AUDIT_VERSION: 0.22.2
2026-10-04T17:44:22.5833577Z   CARGO_LLVM_COV_VERSION: 0.8.7
2026-10-04T17:44:22.5833815Z   CARGO_HOME: C:\Users\runneradmin\.cargo
2026-10-04T17:44:22.5834056Z ##[endgroup]
2026-10-04T17:44:22.6353632Z ##[end-action id=__dtolnay_rust-toolchain.__run_3;outcome=success;conclusion=success;duration_ms=67]
2026-10-04T17:44:22.6358433Z ##[start-action display=rustup toolchain install 1.97.1;id=__dtolnay_rust-toolchain.__run_4]
2026-10-04T17:44:22.6498360Z ##[group]Run rustup toolchain install 1.97.1 --profile minimal --no-self-update
2026-10-04T17:44:22.6498924Z [36;1mrustup toolchain install 1.97.1 --profile minimal --no-self-update[0m
2026-10-04T17:44:22.6514924Z shell: C:\Program Files\Git\bin\bash.EXE --noprofile --norc -e -o pipefail {0}
2026-10-04T17:44:22.6515314Z env:
2026-10-04T17:44:22.6515487Z   CARGO_INCREMENTAL: 0
2026-10-04T17:44:22.6515688Z   RUST_VERSION: 1.97.1
2026-10-04T17:44:22.6515900Z   CARGO_AUDIT_VERSION: 0.22.2
2026-10-04T17:44:22.6516121Z   CARGO_LLVM_COV_VERSION: 0.8.7
2026-10-04T17:44:22.6516369Z   CARGO_HOME: C:\Users\runneradmin\.cargo
2026-10-04T17:44:22.6516635Z   RUSTUP_PERMIT_COPY_RENAME: 1
2026-10-04T17:44:22.6516853Z ##[endgroup]
2026-10-04T17:44:23.4026247Z info: syncing channel updates for 1.97.1-x86_64-pc-windows-msvc
2026-10-04T17:44:24.1432271Z info: latest update on 2026-07-16 for version 1.97.1 (8bab26f4f 2026-07-14)
2026-10-04T17:44:24.1544565Z info: downloading 3 components
2026-10-04T17:44:33.5110424Z 
2026-10-04T17:44:33.5422534Z   1.97.1-x86_64-pc-windows-msvc installed - rustc 1.97.1 (8bab26f4f 2026-07-14)
2026-10-04T17:44:33.5422920Z 
2026-10-04T17:44:33.5522582Z ##[end-action id=__dtolnay_rust-toolchain.__run_4;outcome=success;conclusion=success;duration_ms=10916]
2026-10-04T17:44:33.5530277Z ##[start-action display=Run rustup default 1.97.1;id=__dtolnay_rust-toolchain.__run_5]
2026-10-04T17:44:33.5675571Z ##[group]Run rustup default 1.97.1
2026-10-04T17:44:33.5675836Z [36;1mrustup default 1.97.1[0m
2026-10-04T17:44:33.5691532Z shell: C:\Program Files\Git\bin\bash.EXE --noprofile --norc -e -o pipefail {0}
2026-10-04T17:44:33.5691913Z env:
2026-10-04T17:44:33.5692082Z   CARGO_INCREMENTAL: 0
2026-10-04T17:44:33.5692277Z   RUST_VERSION: 1.97.1
2026-10-04T17:44:33.5692468Z   CARGO_AUDIT_VERSION: 0.22.2
2026-10-04T17:44:33.5692684Z   CARGO_LLVM_COV_VERSION: 0.8.7
2026-10-04T17:44:33.5692917Z   CARGO_HOME: C:\Users\runneradmin\.cargo
2026-10-04T17:44:33.5693159Z ##[endgroup]
2026-10-04T17:44:33.6369521Z info: using existing install for 1.97.1-x86_64-pc-windows-msvc
2026-10-04T17:44:33.6541616Z info: default toolchain set to 1.97.1-x86_64-pc-windows-msvc
2026-10-04T17:44:33.6589057Z 
2026-10-04T17:44:33.6788826Z   1.97.1-x86_64-pc-windows-msvc unchanged - rustc 1.97.1 (8bab26f4f 2026-07-14)
2026-10-04T17:44:33.6789400Z 
2026-10-04T17:44:33.6872898Z ##[end-action id=__dtolnay_rust-toolchain.__run_5;outcome=success;conclusion=success;duration_ms=134]
2026-10-04T17:44:33.6878545Z ##[start-action display=Run : create cachekey;id=__dtolnay_rust-toolchain.rustc-version]
2026-10-04T17:44:33.7015506Z ##[group]Run : create cachekey
2026-10-04T17:44:33.7015770Z [36;1m: create cachekey[0m
2026-10-04T17:44:33.7016260Z [36;1mDATE=$(rustc +1.97.1 --version --verbose | sed -ne 's/^commit-date: \(20[0-9][0-9]\)-\([01][0-9]\)-\([0-3][0-9]\)$/\1\2\3/p')[0m
2026-10-04T17:44:33.7016911Z [36;1mHASH=$(rustc +1.97.1 --version --verbose | sed -ne 's/^commit-hash: //p')[0m
2026-10-04T17:44:33.7017382Z [36;1mecho "cachekey=$(echo $DATE$HASH | head -c12)" >> $GITHUB_OUTPUT[0m
2026-10-04T17:44:33.7033228Z shell: C:\Program Files\Git\bin\bash.EXE --noprofile --norc -e -o pipefail {0}
2026-10-04T17:44:33.7033611Z env:
2026-10-04T17:44:33.7033782Z   CARGO_INCREMENTAL: 0
2026-10-04T17:44:33.7034034Z   RUST_VERSION: 1.97.1
2026-10-04T17:44:33.7034231Z   CARGO_AUDIT_VERSION: 0.22.2
2026-10-04T17:44:33.7034447Z   CARGO_LLVM_COV_VERSION: 0.8.7
2026-10-04T17:44:33.7034693Z   CARGO_HOME: C:\Users\runneradmin\.cargo
2026-10-04T17:44:33.7034937Z ##[endgroup]
2026-10-04T17:44:34.5275939Z ##[end-action id=__dtolnay_rust-toolchain.rustc-version;outcome=success;conclusion=success;duration_ms=839]
2026-10-04T17:44:34.5279026Z ##[start-action display=Run : disable incremental compilation;id=__dtolnay_rust-toolchain.__run_6]
2026-10-04T17:44:34.5426176Z ##[group]Run : disable incremental compilation
2026-10-04T17:44:34.5426744Z [36;1m: disable incremental compilation[0m
2026-10-04T17:44:34.5427264Z [36;1mif [ -z "${CARGO_INCREMENTAL+set}" ]; then[0m
2026-10-04T17:44:34.5427903Z [36;1m  echo CARGO_INCREMENTAL=0 >> $GITHUB_ENV[0m
2026-10-04T17:44:34.5428403Z [36;1mfi[0m
2026-10-04T17:44:34.5454065Z shell: C:\Program Files\Git\bin\bash.EXE --noprofile --norc -e -o pipefail {0}
2026-10-04T17:44:34.5454740Z env:
2026-10-04T17:44:34.5455039Z   CARGO_INCREMENTAL: 0
2026-10-04T17:44:34.5455392Z   RUST_VERSION: 1.97.1
2026-10-04T17:44:34.5455758Z   CARGO_AUDIT_VERSION: 0.22.2
2026-10-04T17:44:34.5456146Z   CARGO_LLVM_COV_VERSION: 0.8.7
2026-10-04T17:44:34.5456567Z   CARGO_HOME: C:\Users\runneradmin\.cargo
2026-10-04T17:44:34.5457006Z ##[endgroup]
2026-10-04T17:44:34.5857375Z ##[end-action id=__dtolnay_rust-toolchain.__run_6;outcome=success;conclusion=success;duration_ms=57]
2026-10-04T17:44:34.5861090Z ##[start-action display=Run : enable colors in Cargo output;id=__dtolnay_rust-toolchain.__run_7]
2026-10-04T17:44:34.6027328Z ##[group]Run : enable colors in Cargo output
2026-10-04T17:44:34.6027858Z [36;1m: enable colors in Cargo output[0m
2026-10-04T17:44:34.6028336Z [36;1mif [ -z "${CARGO_TERM_COLOR+set}" ]; then[0m
2026-10-04T17:44:34.6029061Z [36;1m  echo CARGO_TERM_COLOR=always >> $GITHUB_ENV[0m
2026-10-04T17:44:34.6029524Z [36;1mfi[0m
2026-10-04T17:44:34.6048836Z shell: C:\Program Files\Git\bin\bash.EXE --noprofile --norc -e -o pipefail {0}
2026-10-04T17:44:34.6049467Z env:
2026-10-04T17:44:34.6049743Z   CARGO_INCREMENTAL: 0
2026-10-04T17:44:34.6050059Z   RUST_VERSION: 1.97.1
2026-10-04T17:44:34.6050373Z   CARGO_AUDIT_VERSION: 0.22.2
2026-10-04T17:44:34.6050731Z   CARGO_LLVM_COV_VERSION: 0.8.7
2026-10-04T17:44:34.6051119Z   CARGO_HOME: C:\Users\runneradmin\.cargo
2026-10-04T17:44:34.6051526Z ##[endgroup]
2026-10-04T17:44:34.6484298Z ##[end-action id=__dtolnay_rust-toolchain.__run_7;outcome=success;conclusion=success;duration_ms=62]
2026-10-04T17:44:34.6493473Z ##[start-action display=Run : enable Cargo sparse registry;id=__dtolnay_rust-toolchain.__run_8]
2026-10-04T17:44:34.6706485Z ##[group]Run : enable Cargo sparse registry
2026-10-04T17:44:34.6706815Z [36;1m: enable Cargo sparse registry[0m
2026-10-04T17:44:34.6707166Z [36;1m# implemented in 1.66, stabilized in 1.68, made default in 1.70[0m
2026-10-04T17:44:34.6707807Z [36;1mif [ -z "${CARGO_REGISTRIES_CRATES_IO_PROTOCOL+set}" -o -f "D:\a\_temp"/.implicit_cargo_registries_crates_io_protocol ]; then[0m
2026-10-04T17:44:34.6708627Z [36;1m  if rustc +1.97.1 --version --verbose | grep -q '^release: 1\.6[89]\.'; then[0m
2026-10-04T17:44:34.6709112Z [36;1m    touch "D:\a\_temp"/.implicit_cargo_registries_crates_io_protocol || true[0m
2026-10-04T17:44:34.6709576Z [36;1m    echo CARGO_REGISTRIES_CRATES_IO_PROTOCOL=sparse >> $GITHUB_ENV[0m
2026-10-04T17:44:34.6710038Z [36;1m  elif rustc +1.97.1 --version --verbose | grep -q '^release: 1\.6[67]\.'; then[0m
2026-10-04T17:44:34.6710765Z [36;1m    touch "D:\a\_temp"/.implicit_cargo_registries_crates_io_protocol || true[0m
2026-10-04T17:44:34.6711212Z [36;1m    echo CARGO_REGISTRIES_CRATES_IO_PROTOCOL=git >> $GITHUB_ENV[0m
2026-10-04T17:44:34.6711542Z [36;1m  fi[0m
2026-10-04T17:44:34.6711702Z [36;1mfi[0m
2026-10-04T17:44:34.6726646Z shell: C:\Program Files\Git\bin\bash.EXE --noprofile --norc -e -o pipefail {0}
2026-10-04T17:44:34.6727055Z env:
2026-10-04T17:44:34.6727219Z   CARGO_INCREMENTAL: 0
2026-10-04T17:44:34.6727414Z   RUST_VERSION: 1.97.1
2026-10-04T17:44:34.6727619Z   CARGO_AUDIT_VERSION: 0.22.2
2026-10-04T17:44:34.6727839Z   CARGO_LLVM_COV_VERSION: 0.8.7
2026-10-04T17:44:34.6728073Z   CARGO_HOME: C:\Users\runneradmin\.cargo
2026-10-04T17:44:34.6728326Z   CARGO_TERM_COLOR: always
2026-10-04T17:44:34.6728523Z ##[endgroup]
2026-10-04T17:44:34.9242684Z ##[end-action id=__dtolnay_rust-toolchain.__run_8;outcome=success;conclusion=success;duration_ms=274]
2026-10-04T17:44:34.9246753Z ##[start-action display=Run : work around spurious network errors in curl 8.0;id=__dtolnay_rust-toolchain.__run_9]
2026-10-04T17:44:34.9385804Z ##[group]Run : work around spurious network errors in curl 8.0
2026-10-04T17:44:34.9386218Z [36;1m: work around spurious network errors in curl 8.0[0m
2026-10-04T17:44:34.9386770Z [36;1m# https://rust-lang.zulipchat.com/#narrow/stream/246057-t-cargo/topic/timeout.20investigation[0m
2026-10-04T17:44:34.9387370Z [36;1mif rustc +1.97.1 --version --verbose | grep -q '^release: 1\.7[01]\.'; then[0m
2026-10-04T17:44:34.9387805Z [36;1m  echo CARGO_HTTP_MULTIPLEXING=false >> $GITHUB_ENV[0m
2026-10-04T17:44:34.9388105Z [36;1mfi[0m
2026-10-04T17:44:34.9402767Z shell: C:\Program Files\Git\bin\bash.EXE --noprofile --norc -e -o pipefail {0}
2026-10-04T17:44:34.9403156Z env:
2026-10-04T17:44:34.9403324Z   CARGO_INCREMENTAL: 0
2026-10-04T17:44:34.9403524Z   RUST_VERSION: 1.97.1
2026-10-04T17:44:34.9403722Z   CARGO_AUDIT_VERSION: 0.22.2
2026-10-04T17:44:34.9403947Z   CARGO_LLVM_COV_VERSION: 0.8.7
2026-10-04T17:44:34.9404184Z   CARGO_HOME: C:\Users\runneradmin\.cargo
2026-10-04T17:44:34.9404440Z   CARGO_TERM_COLOR: always
2026-10-04T17:44:34.9404656Z ##[endgroup]
2026-10-04T17:44:35.0664162Z ##[end-action id=__dtolnay_rust-toolchain.__run_9;outcome=success;conclusion=success;duration_ms=141]
2026-10-04T17:44:35.0667633Z ##[start-action display=Run rustc +1.97.1 --version --verbose;id=__dtolnay_rust-toolchain.__run_10]
2026-10-04T17:44:35.0800849Z ##[group]Run rustc +1.97.1 --version --verbose
2026-10-04T17:44:35.0801164Z [36;1mrustc +1.97.1 --version --verbose[0m
2026-10-04T17:44:35.0816202Z shell: C:\Program Files\Git\bin\bash.EXE --noprofile --norc -e -o pipefail {0}
2026-10-04T17:44:35.0816587Z env:
2026-10-04T17:44:35.0816759Z   CARGO_INCREMENTAL: 0
2026-10-04T17:44:35.0817014Z   RUST_VERSION: 1.97.1
2026-10-04T17:44:35.0817208Z   CARGO_AUDIT_VERSION: 0.22.2
2026-10-04T17:44:35.0817424Z   CARGO_LLVM_COV_VERSION: 0.8.7
2026-10-04T17:44:35.0817662Z   CARGO_HOME: C:\Users\runneradmin\.cargo
2026-10-04T17:44:35.0817914Z   CARGO_TERM_COLOR: always
2026-10-04T17:44:35.0818114Z ##[endgroup]
2026-10-04T17:44:35.1689442Z rustc 1.97.1 (8bab26f4f 2026-07-14)
2026-10-04T17:44:35.1690000Z binary: rustc
2026-10-04T17:44:35.1690486Z commit-hash: 8bab26f4f68e0e26f0bb7960be334d5b520ea452
2026-10-04T17:44:35.1690989Z commit-date: 2026-07-14
2026-10-04T17:44:35.1691345Z host: x86_64-pc-windows-msvc
2026-10-04T17:44:35.1691694Z release: 1.97.1
2026-10-04T17:44:35.1693010Z LLVM version: 22.1.6
2026-10-04T17:44:35.1805025Z ##[end-action id=__dtolnay_rust-toolchain.__run_10;outcome=success;conclusion=success;duration_ms=113]
2026-10-04T17:44:35.3159220Z ##[group]Run actions/cache@55cc8345863c7cc4c66a329aec7e433d2d1c52a9
2026-10-04T17:44:35.3159646Z with:
2026-10-04T17:44:35.3159962Z   path: ~/.cargo/registry/index
~/.cargo/registry/cache
~/.cargo/git/db

2026-10-04T17:44:35.3160656Z   key: cargo-Windows-X64-windows-native-rust-1.97.1-4f2ac95d42ca8d424843c7b503eab16658569cb5682890cf027d9f5cae6b29a4
2026-10-04T17:44:35.3161475Z   enableCrossOsArchive: false
2026-10-04T17:44:35.3161734Z   fail-on-cache-miss: false
2026-10-04T17:44:35.3161946Z   lookup-only: false
2026-10-04T17:44:35.3162137Z   save-always: false
2026-10-04T17:44:35.3162306Z env:
2026-10-04T17:44:35.3162468Z   CARGO_INCREMENTAL: 0
2026-10-04T17:44:35.3162654Z   RUST_VERSION: 1.97.1
2026-10-04T17:44:35.3162850Z   CARGO_AUDIT_VERSION: 0.22.2
2026-10-04T17:44:35.3163066Z   CARGO_LLVM_COV_VERSION: 0.8.7
2026-10-04T17:44:35.3163298Z   CARGO_HOME: C:\Users\runneradmin\.cargo
2026-10-04T17:44:35.3163568Z   CARGO_TERM_COLOR: always
2026-10-04T17:44:35.3163801Z ##[endgroup]
2026-10-04T17:44:35.7502957Z Cache hit for: cargo-Windows-X64-windows-native-rust-1.97.1-4f2ac95d42ca8d424843c7b503eab16658569cb5682890cf027d9f5cae6b29a4
2026-10-04T17:44:36.2868544Z Received 38681715 of 38681715 (100.0%), 88.0 MBs/sec
2026-10-04T17:44:36.2872707Z Cache Size: ~37 MB (38681715 B)
2026-10-04T17:44:36.2987958Z [command]"C:\Program Files\Git\usr\bin\tar.exe" -xf D:/a/_temp/6b2c92e1-a20c-46e1-b828-28e73f5815ac/cache.tzst -P -C D:/a/flist-walker/flist-walker --force-local --use-compress-program "zstd -d"
2026-10-04T17:44:38.0825167Z Cache restored successfully
2026-10-04T17:44:38.1017739Z Cache restored from key: cargo-Windows-X64-windows-native-rust-1.97.1-4f2ac95d42ca8d424843c7b503eab16658569cb5682890cf027d9f5cae6b29a4
2026-10-04T17:44:38.1306368Z ##[group]Run cargo test --locked
2026-10-04T17:44:38.1306712Z [36;1mcargo test --locked[0m
2026-10-04T17:44:38.1841706Z shell: C:\Program Files\PowerShell\7\pwsh.EXE -command ". '{0}'"
2026-10-04T17:44:38.1842508Z env:
2026-10-04T17:44:38.1842733Z   CARGO_INCREMENTAL: 0
2026-10-04T17:44:38.1842977Z   RUST_VERSION: 1.97.1
2026-10-04T17:44:38.1843223Z   CARGO_AUDIT_VERSION: 0.22.2
2026-10-04T17:44:38.1843488Z   CARGO_LLVM_COV_VERSION: 0.8.7
2026-10-04T17:44:38.1843774Z   CARGO_HOME: C:\Users\runneradmin\.cargo
2026-10-04T17:44:38.1844082Z   CARGO_TERM_COLOR: always
2026-10-04T17:44:38.1844333Z ##[endgroup]
2026-10-04T17:44:39.3693302Z info: syncing channel updates for 1.97.1-x86_64-pc-windows-msvc
2026-10-04T17:44:39.8868910Z info: latest update on 2026-07-16 for version 1.97.1 (8bab26f4f 2026-07-14)
2026-10-04T17:44:39.9132380Z info: downloading 2 components
2026-10-04T17:45:03.6079813Z [1m[92m   Compiling[0m proc-macro2 v1.0.106
2026-10-04T17:45:03.6080605Z [1m[92m   Compiling[0m unicode-ident v1.0.24
2026-10-04T17:45:03.6081166Z [1m[92m   Compiling[0m quote v1.0.44
2026-10-04T17:45:03.6081751Z [1m[92m   Compiling[0m cfg-if v1.0.4
2026-10-04T17:45:03.6759698Z [1m[92m   Compiling[0m log v0.4.33
2026-10-04T17:45:03.7414571Z [1m[92m   Compiling[0m smallvec v1.15.1
2026-10-04T17:45:03.9710685Z [1m[92m   Compiling[0m version_check v0.9.5
2026-10-04T17:45:03.9732169Z [1m[92m   Compiling[0m bitflags v2.13.0
2026-10-04T17:45:04.1886389Z [1m[92m   Compiling[0m once_cell v1.21.4
2026-10-04T17:45:04.2857524Z [1m[92m   Compiling[0m windows-link v0.2.1
2026-10-04T17:45:04.3376688Z [1m[92m   Compiling[0m arrayvec v0.7.6
2026-10-04T17:45:04.4159841Z [1m[92m   Compiling[0m autocfg v1.5.0
2026-10-04T17:45:04.5223871Z [1m[92m   Compiling[0m crc32fast v1.5.0
2026-10-04T17:45:04.8486844Z [1m[92m   Compiling[0m simd-adler32 v0.3.8
2026-10-04T17:45:05.0781065Z [1m[92m   Compiling[0m adler2 v2.0.1
2026-10-04T17:45:05.1693183Z [1m[92m   Compiling[0m stable_deref_trait v1.2.1
2026-10-04T17:45:05.2086848Z [1m[92m   Compiling[0m miniz_oxide v0.8.9
2026-10-04T17:45:05.8726413Z [1m[92m   Compiling[0m polycool v0.4.0
2026-10-04T17:45:06.1362124Z [1m[92m   Compiling[0m flate2 v1.1.9
2026-10-04T17:45:06.3385501Z [1m[92m   Compiling[0m kurbo v0.13.1
2026-10-04T17:45:06.7109245Z [1m[92m   Compiling[0m num-traits v0.2.19
2026-10-04T17:45:07.2232999Z [1m[92m   Compiling[0m syn v2.0.116
2026-10-04T17:45:07.2519955Z [1m[92m   Compiling[0m memchr v2.8.0
2026-10-04T17:45:08.5423080Z [1m[92m   Compiling[0m fdeflate v0.3.7
2026-10-04T17:45:08.6057133Z [1m[92m   Compiling[0m khronos_api v3.1.0
2026-10-04T17:45:08.9457923Z [1m[92m   Compiling[0m unicode-segmentation v1.13.2
2026-10-04T17:45:09.3486988Z [1m[92m   Compiling[0m windows_x86_64_msvc v0.52.6
2026-10-04T17:45:09.3925241Z [1m[92m   Compiling[0m writeable v0.6.2
2026-10-04T17:45:09.6309472Z [1m[92m   Compiling[0m cfg_aliases v0.2.1
2026-10-04T17:45:09.6418039Z [1m[92m   Compiling[0m litemap v0.8.1
2026-10-04T17:45:09.6970096Z [1m[92m   Compiling[0m icu_properties_data v2.1.2
2026-10-04T17:45:09.7927242Z [1m[92m   Compiling[0m icu_normalizer_data v2.1.1
2026-10-04T17:45:09.9074665Z [1m[92m   Compiling[0m xml-rs v0.8.28
2026-10-04T17:45:09.9543668Z [1m[92m   Compiling[0m thiserror v2.0.18
2026-10-04T17:45:10.1038875Z [1m[92m   Compiling[0m png v0.18.1
2026-10-04T17:45:10.5350051Z [1m[92m   Compiling[0m windows-sys v0.61.2
2026-10-04T17:45:11.4193574Z [1m[92m   Compiling[0m gl_generator v0.14.0
2026-10-04T17:45:12.2914187Z [1m[92m   Compiling[0m slotmap v1.1.1
2026-10-04T17:45:12.5305836Z [1m[92m   Compiling[0m synstructure v0.13.2
2026-10-04T17:45:12.6967195Z [1m[92m   Compiling[0m serde_core v1.0.229
2026-10-04T17:45:13.0947456Z [1m[92m   Compiling[0m byteorder-lite v0.1.0
2026-10-04T17:45:13.4847182Z [1m[92m   Compiling[0m typenum v1.19.0
2026-10-04T17:45:13.5216365Z [1m[92m   Compiling[0m float-cmp v0.9.0
2026-10-04T17:45:13.6738867Z [1m[92m   Compiling[0m parking_lot_core v0.9.12
2026-10-04T17:45:13.9613066Z [1m[92m   Compiling[0m strict-num v0.1.1
2026-10-04T17:45:14.1238160Z [1m[92m   Compiling[0m windows-targets v0.52.6
2026-10-04T17:45:14.2859744Z [1m[92m   Compiling[0m euclid v0.22.14
2026-10-04T17:45:14.3241853Z [1m[92m   Compiling[0m generic-array v0.14.7
2026-10-04T17:45:14.5624660Z [1m[92m   Compiling[0m find-msvc-tools v0.1.9
2026-10-04T17:45:15.0810476Z [1m[92m   Compiling[0m linebender_resource_handle v0.1.1
2026-10-04T17:45:15.1920374Z [1m[92m   Compiling[0m scopeguard v1.2.0
2026-10-04T17:45:15.2233486Z [1m[92m   Compiling[0m arrayref v0.3.9
2026-10-04T17:45:15.2758847Z [1m[92m   Compiling[0m tinyvec_macros v0.1.1
2026-10-04T17:45:15.2784690Z [1m[92m   Compiling[0m zerocopy v0.8.39
2026-10-04T17:45:15.3550781Z [1m[92m   Compiling[0m foldhash v0.2.0
2026-10-04T17:45:15.5698226Z [1m[92m   Compiling[0m shlex v1.3.0
2026-10-04T17:45:15.7739340Z [1m[92m   Compiling[0m zeroize v1.8.2
2026-10-04T17:45:15.8678942Z [1m[92m   Compiling[0m cc v1.2.56
2026-10-04T17:45:15.9040219Z [1m[92m   Compiling[0m hashbrown v0.17.1
2026-10-04T17:45:15.9898971Z [1m[92m   Compiling[0m tinyvec v1.10.0
2026-10-04T17:45:16.1276193Z [1m[92m   Compiling[0m bytemuck_derive v1.10.2
2026-10-04T17:45:16.5241591Z [1m[92m   Compiling[0m zerofrom-derive v0.1.6
2026-10-04T17:45:16.8681021Z [1m[92m   Compiling[0m yoke-derive v0.8.1
2026-10-04T17:45:18.1346741Z [1m[92m   Compiling[0m zerovec-derive v0.11.2
2026-10-04T17:45:18.2133665Z [1m[92m   Compiling[0m bytemuck v1.25.0
2026-10-04T17:45:18.5981778Z [1m[92m   Compiling[0m displaydoc v0.2.5
2026-10-04T17:45:18.6831965Z [1m[92m   Compiling[0m font-types v0.12.3
2026-10-04T17:45:18.7446959Z [1m[92m   Compiling[0m zerofrom v0.1.6
2026-10-04T17:45:18.8817173Z [1m[92m   Compiling[0m yoke v0.8.1
2026-10-04T17:45:19.1124856Z [1m[92m   Compiling[0m thiserror-impl v2.0.18
2026-10-04T17:45:19.3592554Z [1m[92m   Compiling[0m color v0.3.3
2026-10-04T17:45:19.5998590Z [1m[92m   Compiling[0m zerotrie v0.2.3
2026-10-04T17:45:19.9963955Z [1m[92m   Compiling[0m zerovec v0.11.5
2026-10-04T17:45:20.0697759Z [1m[92m   Compiling[0m font-types v0.11.3
2026-10-04T17:45:20.6249257Z [1m[92m   Compiling[0m read-fonts v0.39.2
2026-10-04T17:45:20.6864721Z [1m[92m   Compiling[0m peniko v0.6.1
2026-10-04T17:45:20.8602719Z [1m[92m   Compiling[0m tinystr v0.8.2
2026-10-04T17:45:21.1148976Z [1m[92m   Compiling[0m icu_locale_core v2.1.1
2026-10-04T17:45:21.2028309Z [1m[92m   Compiling[0m potential_utf v0.1.4
2026-10-04T17:45:21.3967413Z [1m[92m   Compiling[0m icu_collections v2.1.1
2026-10-04T17:45:21.4217561Z [1m[92m   Compiling[0m tiny-skia-path v0.12.0
2026-10-04T17:45:22.3241643Z [1m[92m   Compiling[0m icu_provider v2.1.1
2026-10-04T17:45:22.7777740Z [1m[92m   Compiling[0m icu_normalizer v2.1.1
2026-10-04T17:45:22.7960461Z [1m[92m   Compiling[0m icu_properties v2.1.2
2026-10-04T17:45:23.0186404Z [1m[92m   Compiling[0m lock_api v0.4.14
2026-10-04T17:45:23.3652520Z [1m[92m   Compiling[0m guillotiere v0.7.0
2026-10-04T17:45:23.9630143Z [1m[92m   Compiling[0m windows-sys v0.52.0
2026-10-04T17:45:26.6670122Z [1m[92m   Compiling[0m tracing-core v0.1.36
2026-10-04T17:45:27.8757397Z [1m[92m   Compiling[0m ahash v0.8.12
2026-10-04T17:45:28.1751549Z [1m[92m   Compiling[0m unicode-general-category v1.1.0
2026-10-04T17:45:28.3133849Z [1m[92m   Compiling[0m siphasher v1.0.2
2026-10-04T17:45:28.5800180Z [1m[92m   Compiling[0m memmap2 v0.9.11
2026-10-04T17:45:28.7400950Z [1m[92m   Compiling[0m windows_x86_64_msvc v0.53.1
2026-10-04T17:45:28.8449545Z [1m[92m   Compiling[0m fearless_simd v0.4.1
2026-10-04T17:45:28.9916000Z [1m[92m   Compiling[0m fontdb v0.24.0
2026-10-04T17:45:30.5124652Z [1m[92m   Compiling[0m svgtypes v0.16.1
2026-10-04T17:45:31.0231291Z [1m[92m   Compiling[0m read-fonts v0.41.0
2026-10-04T17:45:32.7517835Z [1m[92m   Compiling[0m parking_lot v0.12.5
2026-10-04T17:45:33.5870062Z [1m[92m   Compiling[0m idna_adapter v1.2.1
2026-10-04T17:45:33.7202110Z [1m[92m   Compiling[0m emath v0.35.0
2026-10-04T17:45:34.4085693Z [1m[92m   Compiling[0m ring v0.17.14
2026-10-04T17:45:34.8857765Z [1m[92m   Compiling[0m vello_common v0.0.9
2026-10-04T17:45:35.1591320Z [1m[92m   Compiling[0m tracing-attributes v0.1.31
2026-10-04T17:45:38.8664974Z [1m[92m   Compiling[0m roxmltree v0.21.1
2026-10-04T17:45:40.4861845Z [1m[92m   Compiling[0m simplecss v0.2.2
2026-10-04T17:45:41.0817366Z [1m[92m   Compiling[0m getrandom v0.2.17
2026-10-04T17:45:41.2314448Z [1m[92m   Compiling[0m xmlwriter v0.1.0
2026-10-04T17:45:41.4049592Z [1m[92m   Compiling[0m unicode-vo v0.1.0
2026-10-04T17:45:41.5189855Z [1m[92m   Compiling[0m crossbeam-utils v0.8.21
2026-10-04T17:45:41.5824381Z [1m[92m   Compiling[0m raw-window-handle v0.6.2
2026-10-04T17:45:41.9045220Z [1m[92m   Compiling[0m pico-args v0.5.0
2026-10-04T17:45:41.9458364Z [1m[92m   Compiling[0m imagesize v0.15.0
2026-10-04T17:45:42.2646105Z [1m[92m   Compiling[0m unicode-script v0.5.8
2026-10-04T17:45:42.7811551Z [1m[92m   Compiling[0m pin-project-lite v0.2.16
2026-10-04T17:45:42.8750906Z [1m[92m   Compiling[0m utf8_iter v1.0.4
2026-10-04T17:45:42.9292572Z [1m[92m   Compiling[0m winapi v0.3.9
2026-10-04T17:45:43.0331337Z [1m[92m   Compiling[0m serde v1.0.229
2026-10-04T17:45:43.1184151Z [1m[92m   Compiling[0m unicode-bidi v0.3.18
2026-10-04T17:45:43.4401694Z [1m[92m   Compiling[0m either v1.15.0
2026-10-04T17:45:43.5006148Z [1m[92m   Compiling[0m base64 v0.23.1
2026-10-04T17:45:43.7078573Z [1m[92m   Compiling[0m percent-encoding v2.3.2
2026-10-04T17:45:44.0351305Z [1m[92m   Compiling[0m data-url v0.3.2
2026-10-04T17:45:44.2809365Z [1m[92m   Compiling[0m form_urlencoded v1.2.2
2026-10-04T17:45:44.3814608Z [1m[92m   Compiling[0m idna v1.1.0
2026-10-04T17:45:44.6290309Z [1m[92m   Compiling[0m tracing v0.1.44
2026-10-04T17:45:44.8249967Z [1m[92m   Compiling[0m vello_cpu v0.0.9
2026-10-04T17:45:45.9090053Z [1m[92m   Compiling[0m ecolor v0.35.0
2026-10-04T17:45:47.0544449Z [1m[92m   Compiling[0m harfrust v0.7.0
2026-10-04T17:45:48.8521317Z [1m[92m   Compiling[0m skrifa v0.42.1
2026-10-04T17:45:52.8920757Z [1m[92m   Compiling[0m rustls-pki-types v1.14.0
2026-10-04T17:45:53.8236505Z [1m[92m   Compiling[0m glutin_egl_sys v0.7.1
2026-10-04T17:45:54.9975508Z [1m[92m   Compiling[0m glutin_wgl_sys v0.6.1
2026-10-04T17:45:56.1499314Z [1m[92m   Compiling[0m winit v0.30.13
2026-10-04T17:45:56.4701222Z [1m[92m   Compiling[0m zune-core v0.5.1
2026-10-04T17:45:56.6669290Z [1m[92m   Compiling[0m profiling v1.0.17
2026-10-04T17:45:56.7223361Z [1m[92m   Compiling[0m color_quant v1.1.0
2026-10-04T17:45:56.8501475Z [1m[92m   Compiling[0m epaint_default_fonts v0.35.0
2026-10-04T17:45:56.9672583Z [1m[92m   Compiling[0m semver v1.0.28
2026-10-04T17:45:57.0095070Z [1m[92m   Compiling[0m nohash-hasher v0.2.0
2026-10-04T17:45:57.1515228Z [1m[92m   Compiling[0m weezl v0.1.12
2026-10-04T17:45:57.5441656Z [1m[92m   Compiling[0m crossbeam-epoch v0.9.20
2026-10-04T17:45:57.8568352Z [1m[92m   Compiling[0m uuid v1.23.1
2026-10-04T17:45:58.0155179Z [1m[92m   Compiling[0m self_cell v1.2.2
2026-10-04T17:45:58.1210526Z [1m[92m   Compiling[0m pxfm v0.1.28
2026-10-04T17:45:58.3785475Z [1m[92m   Compiling[0m quick-error v2.0.1
2026-10-04T17:45:58.4660279Z [1m[92m   Compiling[0m image-webp v0.2.4
2026-10-04T17:45:59.6496848Z [1m[92m   Compiling[0m accesskit v0.24.1
2026-10-04T17:46:00.5245865Z [1m[92m   Compiling[0m epaint v0.35.0
2026-10-04T17:46:01.2858609Z [1m[92m   Compiling[0m gif v0.14.2
2026-10-04T17:46:02.8185711Z [1m[92m   Compiling[0m moxcms v0.8.1
2026-10-04T17:46:05.2594423Z [1m[92m   Compiling[0m rustc_version v0.4.1
2026-10-04T17:46:05.6574216Z [1m[92m   Compiling[0m zune-jpeg v0.5.15
2026-10-04T17:46:07.4580278Z [1m[92m   Compiling[0m windows-targets v0.53.5
2026-10-04T17:46:07.5547092Z [1m[92m   Compiling[0m url v2.5.8
2026-10-04T17:46:09.3005953Z [1m[92m   Compiling[0m itertools v0.14.0
2026-10-04T17:46:11.5353728Z [1m[92m   Compiling[0m skrifa v0.44.0
2026-10-04T17:46:13.6852059Z [1m[92m   Compiling[0m harfrust v0.12.0
2026-10-04T17:46:16.6926134Z [1m[92m   Compiling[0m block-buffer v0.10.4
2026-10-04T17:46:16.8565477Z [1m[92m   Compiling[0m crypto-common v0.1.7
2026-10-04T17:46:16.9853826Z [1m[92m   Compiling[0m tiny-skia v0.12.0
2026-10-04T17:46:21.5014080Z [1m[92m   Compiling[0m rgb v0.8.52
2026-10-04T17:46:21.9937254Z [1m[92m   Compiling[0m glutin v0.32.3
2026-10-04T17:46:22.6074523Z [1m[92m   Compiling[0m aho-corasick v1.1.4
2026-10-04T17:46:22.7021486Z [1m[92m   Compiling[0m memoffset v0.9.1
2026-10-04T17:46:22.9755832Z [1m[92m   Compiling[0m once_cell_polyfill v1.70.2
2026-10-04T17:46:23.0705872Z [1m[92m   Compiling[0m smol_str v0.2.2
2026-10-04T17:46:23.5771611Z [1m[92m   Compiling[0m dpi v0.1.2
2026-10-04T17:46:24.1806999Z [1m[92m   Compiling[0m libc v0.2.182
2026-10-04T17:46:24.1925684Z [1m[92m   Compiling[0m subtle v2.6.1
2026-10-04T17:46:24.5844432Z [1m[92m   Compiling[0m untrusted v0.9.0
2026-10-04T17:46:24.7587472Z [1m[92m   Compiling[0m bitflags v1.3.2
2026-10-04T17:46:24.8319061Z [1m[92m   Compiling[0m utf8parse v0.2.2
2026-10-04T17:46:24.8980508Z [1m[92m   Compiling[0m cursor-icon v1.2.0
2026-10-04T17:46:24.9312029Z [1m[92m   Compiling[0m regex-syntax v0.8.11
2026-10-04T17:46:25.0187692Z [1m[92m   Compiling[0m error-code v3.3.2
2026-10-04T17:46:25.1962045Z [1m[92m   Compiling[0m anstyle v1.0.13
2026-10-04T17:46:25.5053995Z [1m[92m   Compiling[0m anstyle-wincon v3.0.11
2026-10-04T17:46:25.8951186Z [1m[92m   Compiling[0m clipboard-win v5.4.1
2026-10-04T17:46:28.4453602Z [1m[92m   Compiling[0m regex-automata v0.4.16
2026-10-04T17:46:31.5244966Z [1m[92m   Compiling[0m anstyle-parse v0.2.7
2026-10-04T17:46:31.8149746Z [1m[92m   Compiling[0m png v0.17.16
2026-10-04T17:46:33.5782486Z [1m[92m   Compiling[0m usvg v0.48.1
2026-10-04T17:46:37.6621287Z [1m[92m   Compiling[0m digest v0.10.7
2026-10-04T17:46:37.9572187Z [1m[92m   Compiling[0m egui v0.35.0
2026-10-04T17:46:40.8983631Z [1m[92m   Compiling[0m toml v0.5.11
2026-10-04T17:46:43.3385547Z [1m[92m   Compiling[0m image v0.25.10
2026-10-04T17:46:45.6915848Z [1m[92m   Compiling[0m windows-sys v0.60.2
2026-10-04T17:46:47.0368515Z [1m[92m   Compiling[0m curve25519-dalek v4.1.3
2026-10-04T17:46:47.3987273Z [1m[92m   Compiling[0m anstyle-query v1.1.5
2026-10-04T17:46:47.6025450Z [1m[92m   Compiling[0m glutin-winit v0.5.0
2026-10-04T17:46:48.8778725Z [1m[92m   Compiling[0m convert_case v0.10.0
2026-10-04T17:46:49.5078241Z [1m[92m   Compiling[0m libloading v0.8.9
2026-10-04T17:46:49.8952025Z [1m[92m   Compiling[0m colorchoice v1.0.4
2026-10-04T17:46:50.0063199Z [1m[92m   Compiling[0m zmij v1.0.21
2026-10-04T17:46:50.4249587Z [1m[92m   Compiling[0m rustls v0.23.45
2026-10-04T17:46:50.7908879Z [1m[92m   Compiling[0m cpufeatures v0.2.17
2026-10-04T17:46:50.9231083Z [1m[92m   Compiling[0m is_terminal_polyfill v1.70.2
2026-10-04T17:46:51.0016204Z [1m[92m   Compiling[0m rayon-core v1.13.0
2026-10-04T17:46:51.0728532Z [1m[92m   Compiling[0m byteorder v1.5.0
2026-10-04T17:46:51.2617566Z [1m[92m   Compiling[0m litrs v1.0.0
2026-10-04T17:46:51.5475968Z [1m[92m   Compiling[0m ico v0.5.0
2026-10-04T17:46:52.1649873Z [1m[92m   Compiling[0m document-features v0.2.12
2026-10-04T17:46:52.5517222Z [1m[92m   Compiling[0m anstream v0.6.21
2026-10-04T17:46:53.1365841Z [1m[92m   Compiling[0m arboard v3.6.1
2026-10-04T17:46:54.5631713Z [1m[92m   Compiling[0m derive_more-impl v2.1.1
2026-10-04T17:46:55.9711192Z [1m[92m   Compiling[0m crossbeam-deque v0.8.6
2026-10-04T17:46:56.1824520Z [1m[92m   Compiling[0m winres v0.1.12
2026-10-04T17:46:56.2764296Z [1m[92m   Compiling[0m resvg v0.48.1
2026-10-04T17:46:56.8845328Z [1m[92m   Compiling[0m rustls-webpki v0.103.15
2026-10-04T17:47:00.1653449Z [1m[92m   Compiling[0m webbrowser v1.2.2
2026-10-04T17:47:00.7084658Z [1m[92m   Compiling[0m webpki-roots v1.0.7
2026-10-04T17:47:00.8676099Z [1m[92m   Compiling[0m curve25519-dalek-derive v0.1.1
2026-10-04T17:47:01.7173287Z [1m[92m   Compiling[0m syn v3.0.3
2026-10-04T17:47:02.5627544Z [1m[92m   Compiling[0m thread_local v1.1.9
2026-10-04T17:47:02.9488074Z [1m[92m   Compiling[0m web-time v1.1.0
2026-10-04T17:47:03.0164170Z [1m[92m   Compiling[0m anyhow v1.0.104
2026-10-04T17:47:03.4064349Z [1m[92m   Compiling[0m heck v0.5.0
2026-10-04T17:47:03.7102343Z [1m[92m   Compiling[0m lazy_static v1.5.0
2026-10-04T17:47:04.1852743Z [1m[92m   Compiling[0m serde_json v1.0.151
2026-10-04T17:47:04.4376854Z [1m[92m   Compiling[0m signature v2.2.0
2026-10-04T17:47:04.6060915Z [1m[92m   Compiling[0m clap_lex v1.0.0
2026-10-04T17:47:04.9955699Z [1m[92m   Compiling[0m strsim v0.11.1
2026-10-04T17:47:05.7041001Z [1m[92m   Compiling[0m glow v0.17.0
2026-10-04T17:47:05.8819514Z [1m[92m   Compiling[0m serde_derive v1.0.229
2026-10-04T17:47:09.1886745Z [1m[92m   Compiling[0m egui_glow v0.35.0
2026-10-04T17:47:09.5619115Z [1m[92m   Compiling[0m clap_builder v4.5.58
2026-10-04T17:47:09.6018789Z [1m[92m   Compiling[0m ed25519 v2.2.3
2026-10-04T17:47:09.9106330Z [1m[92m   Compiling[0m sharded-slab v0.1.7
2026-10-04T17:47:09.9807653Z [1m[92m   Compiling[0m clap_derive v4.5.55
2026-10-04T17:47:11.2116542Z [1m[92m   Compiling[0m egui-winit v0.35.0
2026-10-04T17:47:13.8737570Z [1m[92m   Compiling[0m webpki-roots v0.26.11
2026-10-04T17:47:13.9665856Z [1m[92m   Compiling[0m wfd v0.1.8
2026-10-04T17:47:14.4358615Z [1m[92m   Compiling[0m flist-walker v0.30.0 (D:\a\flist-walker\flist-walker\rust)
2026-10-04T17:47:17.9830379Z [1m[92m   Compiling[0m derive_more v2.1.1
2026-10-04T17:47:18.4306738Z [1m[92m   Compiling[0m sha2 v0.10.9
2026-10-04T17:47:18.5046346Z [1m[92m   Compiling[0m matchers v0.2.0
2026-10-04T17:47:18.6502906Z [1m[92m   Compiling[0m crossterm_winapi v0.9.1
2026-10-04T17:47:19.0917241Z [1m[92m   Compiling[0m rand_core v0.6.4
2026-10-04T17:47:19.1845968Z [1m[92m   Compiling[0m tracing-log v0.2.0
2026-10-04T17:47:19.3071856Z [1m[92m   Compiling[0m nu-ansi-term v0.50.3
2026-10-04T17:47:19.5438807Z [1m[92m   Compiling[0m base64 v0.22.1
2026-10-04T17:47:19.9166695Z [1m[92m   Compiling[0m formatx v0.2.4
2026-10-04T17:47:20.1137120Z [1m[92m   Compiling[0m itoa v1.0.17
2026-10-04T17:47:20.3592195Z [1m[92m   Compiling[0m static_assertions v1.1.0
2026-10-04T17:47:20.4218589Z [1m[92m   Compiling[0m eframe v0.35.0
2026-10-04T17:47:21.0650883Z [1m[92m   Compiling[0m ureq v2.12.1
2026-10-04T17:47:23.4962562Z [1m[92m   Compiling[0m native-dialog v0.9.7
2026-10-04T17:47:24.2563444Z [1m[92m   Compiling[0m tracing-subscriber v0.3.22
2026-10-04T17:47:24.7259420Z [1m[92m   Compiling[0m ed25519-dalek v2.2.0
2026-10-04T17:47:25.1804840Z [1m[92m   Compiling[0m crossterm v0.29.0
2026-10-04T17:47:25.8205718Z [1m[92m   Compiling[0m rayon v1.11.0
2026-10-04T17:47:29.2217447Z [1m[92m   Compiling[0m clap v4.5.58
2026-10-04T17:47:29.9491167Z [1m[92m   Compiling[0m fuzzy-matcher v0.3.7
2026-10-04T17:47:29.9814545Z [1m[92m   Compiling[0m regex v1.13.1
2026-10-04T17:47:30.3105671Z [1m[92m   Compiling[0m memory-stats v1.2.0
2026-10-04T17:47:30.4545223Z [1m[92m   Compiling[0m ctrlc v3.5.2
2026-10-04T17:47:30.6470748Z [1m[92m   Compiling[0m encoding_rs v0.8.35
2026-10-04T17:47:30.8147303Z [1m[92m   Compiling[0m unicode-width v0.1.14
2026-10-04T17:48:33.6757740Z [1m[92m    Finished[0m `test` profile [unoptimized + debuginfo] target(s) in 3m 52s
2026-10-04T17:48:33.7110563Z [1m[92m     Running[0m unittests src\lib.rs (target\debug\deps\flist_walker-581a3dd5da6bfa65.exe)
2026-10-04T17:48:33.7297533Z 
2026-10-04T17:48:33.7297914Z running 1608 tests
2026-10-04T17:48:33.7320902Z test actions::tests::executable_file_is_execute_on_unix ... ok
2026-10-04T17:48:33.7322862Z test actions::tests::execute_failure_returns_error_without_open_fallback_on_non_windows ... ok
2026-10-04T17:48:33.7324851Z test actions::tests::directory_is_open_action ... ok
2026-10-04T17:48:33.7326735Z test actions::tests::non_exec_file_is_open_on_unix ... ok
2026-10-04T17:48:33.7329667Z test actions::tests::normalize_action_path_for_display_strips_extended_prefix ... ok
2026-10-04T17:48:33.7330654Z test actions::tests::normalize_windows_shell_path_strips_extended_prefix_and_keeps_special_chars ... ok
2026-10-04T17:48:33.7333079Z test actions::tests::open_action_uses_open_handler_and_skips_execute_handler ... ok
2026-10-04T17:48:33.7334760Z test actions::tests::execute_action_uses_execute_handler_and_skips_open_handler ... ok
2026-10-04T17:48:33.7337057Z test actions::tests::open_text_file_falls_back_to_text_editor ... ok
2026-10-04T17:48:33.7338030Z test actions::tests::open_text_file_uses_default_app_first ... ok
2026-10-04T17:48:33.7354907Z test actions::tests::tc_164_public_request_cancels_before_the_first_backend_call ... ok
2026-10-04T17:48:33.7361792Z test actions::tests::tc_164_public_report_keeps_safe_and_backend_diagnostics_separate ... ok
2026-10-04T17:48:33.7382484Z test actions::tests::tc_164_public_request_cancels_between_targets_before_next_backend_call ... ok
2026-10-04T17:48:33.7385752Z test actions::tests::tc_164_public_request_rejects_observed_root_or_request_supersession ... ok
2026-10-04T17:48:33.7388793Z test actions::tests::tc_164_public_request_rejects_mixed_targets_before_any_backend_call ... ok
2026-10-04T17:48:33.7400842Z test actions::tests::windows_executable_extension_is_execute ... ok
2026-10-04T17:48:33.7405520Z test actions::tests::windows_execute_error_193_falls_back_to_open_handler ... ok
2026-10-04T17:48:33.7406630Z test actions::tests::windows_powershell_script_is_open_action ... ok
2026-10-04T17:48:33.7410152Z test app::coordinator::tests::build_status_line_includes_progress_and_notice ... ok
2026-10-04T17:48:33.7411414Z test app::coordinator::tests::tc202_regression_status_notice_hides_embedded_verbatim_paths ... ok
2026-10-04T17:48:33.7414466Z test app::coordinator::tests::path_guard_defers_descendants_and_distinct_absolute_paths ... ok
2026-10-04T17:48:33.7416029Z test app::coordinator::tests::tc_050_path_guard_rejects_parent_component_escape ... ok
2026-10-04T17:48:33.7484823Z test actions::tests::tc_164_public_request_reports_partial_when_reauthorization_changes ... ok
2026-10-04T17:48:33.7495016Z test app::freshness::worker::tests::disconnected_or_shutdown_worker_settles_without_replacement_thread ... ok
2026-10-04T17:48:33.7501130Z test app::freshness::tests::freshness_monitor_detects_mtime_only_in_place_update ... ok
2026-10-04T17:48:33.7502425Z test app::freshness::tests::freshness_monitor_detects_size_only_in_place_update ... ok
2026-10-04T17:48:33.7506348Z test app::freshness::worker::tests::serial_mismatch_keeps_physical_capacity_and_cannot_apply ... ok
2026-10-04T17:48:33.7511218Z test app::freshness::tests::freshness_monitor_detects_identity_only_replacement ... ok
2026-10-04T17:48:33.7520845Z test app::index_finalization::tests::filelist_paths_restart_from_empty_when_filter_policy_changes ... ok
2026-10-04T17:48:33.7528204Z test app::index_worker::root_projection::tests::root_projection_accepts_windows_drive_and_unc_namespaces_without_lossy_conversion ... ok
2026-10-04T17:48:33.7537097Z test app::index_worker::root_projection::tests::root_projection_preserves_aliases_and_unrelated_absolute_paths_without_io ... ok
2026-10-04T17:48:33.7552942Z test app::index_worker::root_projection::tests::root_projection_rewrites_batches_and_replacements_but_preserves_identity_and_source ... ok
2026-10-04T17:48:33.7812475Z test app::index_worker::root_projection::tests::linked_root_walker_results_use_relative_display ... ok
2026-10-04T17:48:33.7878104Z test app::index_worker::root_projection::tests::linked_root_filelist_results_use_relative_display ... ok
2026-10-04T17:48:33.9303269Z test app::index_worker::tests::adaptive_walker_can_stop_from_consumer_callback ... ok
2026-10-04T17:48:33.9470060Z test app::index_worker::tests::adaptive_walker_classification_counts_match_include_modes ... ok
2026-10-04T17:48:33.9554557Z test app::index_worker::tests::adaptive_walker_emits_entries_and_records_control_metrics ... ok
2026-10-04T17:48:33.9863608Z test app::index_worker::tests::adaptive_walker_filter_suppresses_excluded_regular_entries_without_skipping_recursion ... ok
2026-10-04T17:48:33.9893093Z test app::freshness::worker::tests::freshness_ui_routes_inactive_timeout_then_rejects_late_response_on_return ... ok
2026-10-04T17:48:33.9906764Z test app::index_worker::tests::adaptive_walker_folder_filter_keeps_shortcuts_for_deferred_kind_resolution ... ok
2026-10-04T17:48:34.0985091Z test app::index_worker::tests::adaptive_walker_callback_cancel_after_batch_publish_returns_promptly ... ok
2026-10-04T17:48:34.2952499Z test app::index_worker::tests::adaptive_walker_incremental_publish_emits_parent_before_child ... ok
2026-10-04T17:48:34.3046575Z test app::index_worker::tests::adaptive_walker_matches_std_read_dir_count_on_basic_tree ... ok
2026-10-04T17:48:35.0585144Z test app::index_worker::tests::adaptive_walker_publishes_wide_child_frontier_in_batches ... ok
2026-10-04T17:48:35.0641966Z test app::index_worker::tests::adaptive_walker_returns_superseded_when_canceled_before_entry ... ok
2026-10-04T17:48:35.3760388Z test app::index_worker::tests::adaptive_walker_should_stop_after_batch_publish_returns_promptly ... ok
2026-10-04T17:48:36.2884881Z test app::index_worker::tests::adaptive_walker_bounds_open_frames_and_bypasses_soft_limit_for_deep_wide_tree ... ok
2026-10-04T17:48:36.3696380Z test app::index_worker::tests::adaptive_walker_holds_shared_frontier_soft_limit_for_wide_shallow_trees ... ok
2026-10-04T17:48:36.3746819Z test app::index_worker::tests::adaptive_walker_single_worker_filter_preserves_nested_file_recursion ... ok
2026-10-04T17:48:38.0113177Z test app::index_worker::tests::adaptive_walker_frontier_saturation_preserves_max_depth ... ok
2026-10-04T17:48:38.0144938Z test app::index_worker::tests::classify_walker_entry_defers_windows_shortcut_when_both_filters_enabled ... ok
2026-10-04T17:48:38.0191787Z test app::index_worker::tests::classify_walker_entry_keeps_regular_file_fast_path_known ... ok
2026-10-04T17:48:38.0203117Z test app::index_worker::tests::complete_walker_snapshot_ignores_configured_entry_limit ... ok
2026-10-04T17:48:38.0205911Z test app::index_worker::tests::default_adaptive_max_limit_caps_at_eight_and_uses_half_logical_cores ... ok
2026-10-04T17:48:38.1120521Z test app::index_worker::tests::adaptive_walker_should_stop_after_frontier_saturation_returns_promptly ... ok
2026-10-04T17:48:38.1145102Z test app::index_worker::tests::filelist_stream_returns_superseded_when_canceled_before_entry ... ok
2026-10-04T17:48:38.1324985Z test app::index_worker::tests::filelist_stream_uses_larger_batches ... ok
2026-10-04T17:48:38.1374749Z test app::index_worker::tests::index_worker_trace_smoke_emits_canonical_fields ... ok
2026-10-04T17:48:38.1379243Z test app::index_worker::tests::missing_path_resolves_to_terminal_other_kind ... ok
2026-10-04T17:48:38.1382372Z test app::index_worker::tests::next_limit_from_throughput_follows_successful_probe_direction ... ok
2026-10-04T17:48:38.1385571Z test app::index_worker::tests::next_limit_from_throughput_moves_only_on_meaningful_change ... ok
2026-10-04T17:48:38.1389467Z test app::index_worker::tests::next_limit_from_throughput_preserves_direction_at_bounds ... ok
2026-10-04T17:48:38.1392654Z test app::index_worker::tests::next_limit_from_throughput_reverses_failed_probe_direction ... ok
2026-10-04T17:48:38.1395098Z test app::index_worker::tests::perf_adaptive_walker_frontier_release_matrix ... ignored, frontier perf measurement matrix; run explicitly with --release
2026-10-04T17:48:38.1401140Z test app::index_worker::tests::perf_adaptive_walker_release_matrix ... ignored, perf measurement matrix; run explicitly with --release
2026-10-04T17:48:38.1402984Z test app::index_worker::tests::perf_adaptive_walker_reports_local_dataset_metrics ... ignored, perf measurement; run explicitly
2026-10-04T17:48:38.1407398Z test app::index_worker::tests::perf_adaptive_walker_scheduling_release_matrix ... ignored, scheduling perf measurement matrix; run explicitly with --release
2026-10-04T17:48:38.1409446Z test app::index_worker::tests::perf_walker_classification_is_faster_than_eager_metadata_resolution ... ignored, perf measurement; run explicitly
2026-10-04T17:48:38.1435969Z test app::index_worker::tests::tc_152_filelist_restore_index_regression_cancels_before_filelist_start ... ok
2026-10-04T17:48:38.1458866Z test app::index_worker::tests::tc_152_index_workers_bound_total_to_four ... ok
2026-10-04T17:48:38.1504441Z test app::index_worker::tests::tc_152_native_filelist_request_starts_and_finishes_within_deadline_regression ... ok
2026-10-04T17:48:38.1528727Z test app::index_worker::tests::tc_152_stale_index_request_cancels_before_root_resolution ... ok
2026-10-04T17:48:38.1546241Z test app::index_worker::tests::tc_153_index_shutdown_drains_accepted_queue_with_terminal_cancellation ... ok
2026-10-04T17:48:38.1570894Z test app::index_worker::tests::tc_206_closed_request_mailboxes_do_not_terminate_resident_index_workers_regression ... ok
2026-10-04T17:48:38.1684710Z test app::index_worker::tests::tc_206_full_mailbox_publish_stops_when_generation_is_superseded ... ok
2026-10-04T17:48:38.1708536Z test app::index_worker::tests::walker_metrics_summary_can_be_written_to_file ... ok
2026-10-04T17:48:38.1712374Z test app::index_worker::tests::walker_runtime_settings_always_uses_adaptive_backend ... ok
2026-10-04T17:48:38.1715771Z test app::index_worker::tests::walker_runtime_settings_clamp_adaptive_limits_to_single_thread ... ok
2026-10-04T17:48:38.1718887Z test app::index_worker::tests::walker_runtime_settings_default_adaptive_initial_limit_is_half_of_max ... ok
2026-10-04T17:48:38.1722225Z test app::index_worker::tests::walker_runtime_settings_use_adaptive_by_default ... ok
2026-10-04T17:48:38.1726492Z test app::index_worker::tests::walker_runtime_settings_uses_explicit_adaptive_limits_without_walker_threads_clamp ... ok
2026-10-04T17:48:38.1730026Z test app::input::text_editing::tests::widget_kill_segment_preserves_unicode_and_repeated_text_direction ... ok
2026-10-04T17:48:38.1733536Z test app::paged_preview_flow::budget_tests::total_payload_admission_respects_exact_96_mib_boundary ... ok
2026-10-04T17:48:38.1737413Z test app::query_state::tests::live_query_uses_the_same_payload_as_background_tabs ... ok
2026-10-04T17:48:38.1742220Z test app::render_panels::preview_render_tests::delimited_column_colors_are_distinct_and_cycle_in_both_themes ... ok
2026-10-04T17:48:38.3166459Z test app::render_panels::preview_render_tests::paged_preview_renders_only_visible_rows ... ok
2026-10-04T17:48:38.3168738Z test app::result_policy::tests::empty_query_all_matches_uses_worker_before_limiting ... ok
2026-10-04T17:48:38.3174109Z test app::result_policy::tests::publication_matrix_preserves_pending_snapshot_and_ranking_membership ... ok
2026-10-04T17:48:38.3835592Z test app::search_assist::tests::tc_151_assist_case_and_undo_refresh_ignore_membership ... ok
2026-10-04T17:48:38.4248856Z test app::search_assist::tests::ux_advice_is_bounded_without_truncating_actual_input ... ok
2026-10-04T17:48:38.5269008Z test app::index_worker::tests::adaptive_walker_should_stop_after_soft_limit_bypass_returns_promptly ... ok
2026-10-04T17:48:38.5765830Z test app::search_assist::tests::ux_contract_same_value_preset_invalidates_filter_undo ... ok
2026-10-04T17:48:38.6377933Z test app::search_assist::tests::ux_depth_kind_and_ignore_relaxations_preserve_query_and_restore_only_their_value ... ok
2026-10-04T17:48:38.6598781Z test app::search_assist::tests::ux_assistance_renders_narrow_frames_without_changing_query ... ok
2026-10-04T17:48:38.6602204Z test app::search_assist::tests::ux_query_advice_colon_typo_paste_and_unicode_offsets ... ok
2026-10-04T17:48:38.6605025Z test app::search_assist::tests::ux_query_advice_known_empty_field_waits_for_value ... ok
2026-10-04T17:48:38.6608501Z test app::search_assist::tests::ux_query_advice_preserves_paths_urls_literals_and_regex_colons ... ok
2026-10-04T17:48:38.6887086Z test app::search_assist::tests::ux_empty_guidance_waits_for_idle_and_latest_workers ... ok
2026-10-04T17:48:38.7133248Z test app::search_assist::tests::ux_relaxation_esc_keeps_filters_and_undo_only_restores_affected_setting ... ok
2026-10-04T17:48:38.7524540Z test app::search_assist::tests::ux_repair_preserves_query_operators_focus_and_ime ... ok
2026-10-04T17:48:38.7906000Z test app::search_assist::tests::ux_search_dispatch_failure_is_not_reported_as_no_matches ... ok
2026-10-04T17:48:38.8236508Z test app::search_assist::tests::ux_undo_does_not_return_after_switching_tabs_back ... ok
2026-10-04T17:48:38.8270712Z test app::search_assist::tests::ux_undo_invalidated_by_manual_change_and_context ... ok
2026-10-04T17:48:38.8277669Z test app::search_coordinator::tests::newer_active_search_cancels_the_superseded_request ... ok
2026-10-04T17:48:38.8280878Z test app::search_coordinator::tests::tab_scoped_search_cancels_only_the_same_tab ... ok
2026-10-04T17:48:38.8284813Z test app::selection_ux::tests::ux_pin_page_cursor_survives_removing_its_first_item ... ok
2026-10-04T17:48:38.8426225Z test app::selection_ux::tests::ux_pin_pages_are_bounded_ordered_and_reversible ... ok
2026-10-04T17:48:38.8476276Z test app::shell_support::tests::config_completion_updates_inactive_owner_notice_without_changing_active_tab ... ok
2026-10-04T17:48:38.8640204Z test app::shell_support::tests::migrate_or_legacy_window_trace_path_moves_legacy_when_current_missing ... ok
2026-10-04T17:48:38.8707404Z test app::search_assist::tests::ux_worker_error_is_query_owned_and_stale_response_does_not_replace_it ... ok
2026-10-04T17:48:38.8710172Z test app::shell_support::tests::query_trace_summary_reports_shape_without_query_contents ... ok
2026-10-04T17:48:38.8729846Z test app::shell_support::tests::tc_120_trace_sink_enqueue_does_not_wait_for_blocked_writer ... ok
2026-10-04T17:48:38.8732915Z test app::shell_support::tests::window_trace_path_in_joins_base_directory ... ok
2026-10-04T17:48:38.8742384Z test app::tab_resources::tests::tc_207_drop_observer_ignores_payloads_captured_by_parallel_test_threads ... ok
2026-10-04T17:48:38.8860447Z test app::tab_resources::tests::tc_220_preview_embedded_in_tab_payload_uses_same_retirement_ledger ... ok
2026-10-04T17:48:38.9006533Z test app::shell_support::tests::open_runtime_config_file_uses_resolved_config_path ... ok
2026-10-04T17:48:38.9008818Z test app::tab_resources::tests::tc_220_preview_retirement_handle_is_bounded_and_returns_ownership_on_backpressure ... ok
2026-10-04T17:48:38.9012272Z test app::tests::action_commands::action_freshness_requires_exact_request_identity_and_trusted_root ... ok
2026-10-04T17:48:38.9013730Z test app::tests::action_commands::action_notice_for_targets_normalizes_extended_prefix ... ok
2026-10-04T17:48:38.9054954Z test app::tests::action_commands::action_target_path_for_open_in_folder_maps_file_and_directory ... ok
2026-10-04T17:48:38.9076075Z test app::tests::action_commands::action_progress_label_is_shown_only_while_action_runs ... ok
2026-10-04T17:48:38.9081236Z test app::tests::action_commands::clipboard_text_normalizes_extended_and_unc_paths ... ok
2026-10-04T17:48:38.9145172Z test app::tests::action_commands::authorized_action_targets_deduplicate_same_parent_directory ... ok
2026-10-04T17:48:38.9242543Z test app::tests::action_commands::execute_selected_defers_absolute_outside_path_to_worker ... ok
2026-10-04T17:48:38.9297400Z test app::tests::action_commands::execute_selected_enqueues_action_request_without_sync_io ... ok
2026-10-04T17:48:38.9368902Z test app::tests::action_commands::execute_selected_for_activation_uses_open_folder_mode_when_requested ... ok
2026-10-04T17:48:38.9434620Z test app::tests::action_commands::execute_selected_notice_normalizes_extended_prefix ... ok
2026-10-04T17:48:38.9489290Z test app::tests::action_commands::regression_copy_selected_paths_notice_normalizes_extended_prefix ... ok
2026-10-04T17:48:38.9540011Z test app::tests::action_commands::stale_action_completion_is_ignored_by_request_id ... ok
2026-10-04T17:48:38.9560648Z test app::tests::action_commands::tc_050_executor_failure_notice_uses_display_path_without_execution_error_details ... ok
2026-10-04T17:48:38.9563843Z test app::tests::action_commands::tc_050_ui_precheck_rejects_parent_escape_and_defers_safe_or_ambiguous_paths ... ok
2026-10-04T17:48:38.9596508Z test app::tests::action_commands::tc_050_worker_dispatches_only_resolved_path_and_preserves_display_notice ... ok
2026-10-04T17:48:38.9599517Z test app::tests::action_commands::tc_050_worker_fails_closed_when_root_cannot_be_resolved ... ok
2026-10-04T17:48:38.9611910Z test app::tests::action_commands::tc_050_worker_fails_closed_when_target_cannot_be_resolved ... ok
2026-10-04T17:48:38.9642136Z test app::tests::action_commands::tc_050_worker_rejects_mixed_selection_before_executor_call ... ok
2026-10-04T17:48:38.9692140Z test app::tests::action_commands::tc_050_worker_reports_partial_completion_when_recheck_fails ... ok
2026-10-04T17:48:38.9694543Z test app::tests::action_commands::tc_051_windows_junction_target_manual_evidence ... ignored, manual Windows junction evidence; requires FLISTWALKER_TC051_* paths
2026-10-04T17:48:38.9696242Z test app::tests::action_commands::tc_051_windows_precheck_defers_case_and_verbatim_prefix_forms ... ok
2026-10-04T17:48:38.9698557Z test app::tests::action_commands::tc_051_windows_precheck_defers_non_unicode_path_before_normalization ... ok
2026-10-04T17:48:38.9725208Z test app::tests::action_commands::tc_051_windows_worker_accepts_case_and_extended_prefix_for_same_target ... ok
2026-10-04T17:48:38.9783365Z test app::tests::action_commands::tc_150_action_disconnect_settles_action_state ... ok
2026-10-04T17:48:38.9842043Z test app::tests::action_commands::tc_150_action_full_preserves_prior_accepted_request_state ... ok
2026-10-04T17:48:38.9896954Z test app::tests::action_commands::tc_150_action_worker_uses_two_workers_and_bounds_total_to_ten ... ok
2026-10-04T17:48:38.9904271Z test app::tests::action_commands::tc_153_action_shutdown_drains_accepted_queue_with_terminal_cancellation ... ok
2026-10-04T17:48:38.9931129Z test app::tests::action_commands::tc_153_action_terminal_outcome_distinguishes_success_and_executor_failure ... ok
2026-10-04T17:48:38.9985764Z test app::tests::action_commands::tc_164_current_tab_precheck_rejection_preserves_background_action ... ok
2026-10-04T17:48:39.0065742Z test app::tests::action_commands::tc_164_gui_root_switch_stops_backend_calls_after_inflight_target ... ok
2026-10-04T17:48:39.0116067Z test app::tests::action_commands::tc_164_tab_close_invalidates_routed_action_freshness ... ok
2026-10-04T17:48:39.1661657Z test app::tests::action_commands::execute_selected_allows_unc_like_path_when_under_current_root ... ok
2026-10-04T17:48:39.2697265Z test app::index_worker::tests::filelist_stream_applies_nested_override_after_initial_batches ... ok
2026-10-04T17:48:39.2871040Z test app::tests::action_commands::ux_inspector_removes_hidden_pin_and_escape_preserves_remaining_selection ... ok
2026-10-04T17:48:39.4337615Z test app::tests::action_commands::ux_inspector_contains_input_on_first_and_closing_frames ... ok
2026-10-04T17:48:39.4403817Z test app::tests::action_commands::ux_row_activation_ignores_hidden_pins_but_batch_activation_retains_them ... ok
2026-10-04T17:48:39.4470943Z test app::tests::action_commands::ux_row_activation_keeps_lexical_root_guard ... ok
2026-10-04T17:48:39.4543467Z test app::tests::app_core::app_defaults_use_filelist_on ... ok
2026-10-04T17:48:39.4616999Z test app::tests::app_core::clear_query_and_selection_clears_state ... ok
2026-10-04T17:48:39.4637698Z test app::tests::app_core::load_launch_settings_defaults_ignore_list_enabled_when_field_missing ... ok
2026-10-04T17:48:39.4714448Z test app::tests::app_core::move_row_sets_scroll_tracking ... ok
2026-10-04T17:48:39.5157574Z test app::tests::app_core::persist_ui_state_now_saves_ignore_list_enabled ... ok
2026-10-04T17:48:39.5475727Z test app::tests::action_commands::ux_inspector_keyboard_can_remove_and_close_without_activating_files ... ok
2026-10-04T17:48:39.5481019Z test app::tests::app_core::persist_ui_state_now_saves_preview_visibility_immediately ... ok
2026-10-04T17:48:39.5868676Z test app::tests::app_core::persist_ui_state_now_saves_update_check_failure_suppression ... ok
2026-10-04T17:48:39.5874415Z test app::tests::app_core::persist_ui_state_now_saves_skipped_update_version ... ok
2026-10-04T17:48:39.5900426Z test app::tests::app_core::regex_query_is_not_filtered_out_by_visible_match_guard ... ok
2026-10-04T17:48:39.5918970Z test app::tests::app_core::results_scroll_is_disabled_during_preview_resize ... ok
2026-10-04T17:48:39.5927238Z test app::tests::app_core::results_scroll_is_enabled_when_preview_resize_not_active ... ok
2026-10-04T17:48:39.5929011Z test app::tests::app_core::prefer_relative_display_is_enabled_for_filelist_source ... ok
2026-10-04T17:48:39.6036690Z test app::tests::app_core::startup_index_request_is_bound_to_active_tab ... ok
2026-10-04T17:48:39.6039367Z test app::tests::app_core::startup_defaults_current_row_to_first_row_regression ... ok
2026-10-04T17:48:39.6181767Z test app::tests::app_core::startup_requests_query_focus ... ok
2026-10-04T17:48:39.6183947Z test app::tests::app_core::tc_209_clear_pinned_marks_meaningful_interaction_regression ... ok
2026-10-04T17:48:39.6303166Z test app::tests::app_core::tc_209_empty_clear_query_attempt_is_not_meaningful_interaction_regression ... ok
2026-10-04T17:48:39.6815536Z test app::tests::action_commands::ux_inspector_renders_at_narrow_width_and_closes_on_context_change ... ok
2026-10-04T17:48:39.7318205Z test app::index_worker::tests::adaptive_walker_soft_limit_bypass_preserves_max_depth ... ok
2026-10-04T17:48:39.7357154Z test app::tests::autosave::tc_168_missing_storage_keeps_edit_dirty_and_visible ... ok
2026-10-04T17:48:39.7359627Z test app::tests::autosave::tc_168_old_completion_cannot_clear_newer_autosave_error ... ok
2026-10-04T17:48:39.7407572Z test app::tests::cache_tests::all_matches_sort_scope_reissues_search_request_for_non_score_sort ... ok
2026-10-04T17:48:39.7492544Z test app::tests::cache_tests::clear_query_and_selection_restores_first_row_regression ... ok
2026-10-04T17:48:39.7578080Z test app::tests::cache_tests::created_sort_places_missing_timestamps_last ... ok
2026-10-04T17:48:39.8089401Z test app::tests::cache_tests::entry_kind_cache_survives_tab_state_roundtrip ... ok
2026-10-04T17:48:39.8131347Z test app::tests::cache_tests::gui_metadata_sort_explicit_shown_scope_lasts_until_new_metadata_choice ... ok
2026-10-04T17:48:39.8417579Z test app::tests::autosave::tc_168_gui_full_keeps_latest_edit_dirty_until_readmitted ... ok
2026-10-04T17:48:39.8419093Z test app::tests::autosave::tc_168_gui_startup_fallback_cannot_overwrite_external_repair ... ok
2026-10-04T17:48:39.8459104Z test app::tests::autosave::tc_168_autosave_failure_remains_visible_without_new_edits ... ok
2026-10-04T17:48:39.8518711Z test app::tests::cache_tests::gui_metadata_sort_finds_largest_match_outside_the_display_limit ... ok
2026-10-04T17:48:39.8651081Z test app::tests::cache_tests::metadata_sort_clears_stale_visible_results_when_refreshed_base_is_empty ... ok
2026-10-04T17:48:39.8652448Z test app::tests::cache_tests::gui_metadata_sort_tab_restore_preserves_explicit_scope ... ok
2026-10-04T17:48:39.8819975Z test app::tests::cache_tests::query_edit_invalidates_result_sort_and_cancels_pending_request ... ok
2026-10-04T17:48:39.8848828Z test app::tests::cache_tests::preview_cache_is_bounded ... ok
2026-10-04T17:48:39.8974946Z test app::tests::cache_tests::regression_gui_sort_all_matches_score_restores_full_candidate_ranking ... ok
2026-10-04T17:48:39.8977946Z test app::tests::cache_tests::regression_gui_sort_background_metadata_completion_and_stale_response_are_tab_owned ... ok
2026-10-04T17:48:39.8985403Z test app::tests::cache_tests::regression_gui_sort_mode_change_rejects_superseded_metadata ... ok
2026-10-04T17:48:39.9108269Z test app::tests::cache_tests::regression_gui_sort_pending_empty_all_matches_to_shown_keeps_selected_sort ... ok
2026-10-04T17:48:39.9156323Z test app::tests::cache_tests::regression_gui_sort_shown_score_restore_is_immediate_without_research ... ok
2026-10-04T17:48:39.9160405Z test app::tests::cache_tests::regression_gui_sort_pending_query_reissued_with_latest_shown_sort ... ok
2026-10-04T17:48:39.9231439Z test app::tests::cache_tests::gui_metadata_sort_selection_defaults_to_all_matches ... ok
2026-10-04T17:48:39.9268989Z test app::tests::cache_tests::regression_gui_sort_snapshot_provenance_survives_inactive_and_closed_restore ... ok
2026-10-04T17:48:39.9367945Z test app::tests::cache_tests::request_preview_is_skipped_when_preview_is_hidden ... ok
2026-10-04T17:48:39.9392211Z test app::tests::cache_tests::regression_gui_sort_transition_rejects_pending_all_matches_response ... ok
2026-10-04T17:48:39.9408037Z test app::tests::cache_tests::request_preview_when_hidden_keeps_post_index_kind_resolution_queue ... ok
2026-10-04T17:48:39.9416501Z test app::tests::cache_tests::result_sort_name_can_be_applied_and_score_can_be_restored ... ok
2026-10-04T17:48:39.9460900Z test app::tests::cache_tests::search_prefix_cache_accepts_only_plain_single_token_queries ... ok
2026-10-04T17:48:39.9468147Z test app::tests::cache_tests::search_prefix_cache_prefers_longest_prefix_and_evicts_old_entries ... ok
2026-10-04T17:48:39.9476934Z test app::tests::cache_tests::result_sort_path_orders_the_complete_path_in_both_directions ... ok
2026-10-04T17:48:39.9482162Z test app::tests::cache_tests::search_prefix_cache_skips_oversized_match_sets ... ok
2026-10-04T17:48:39.9483477Z test app::tests::cache_tests::retained_result_reapplication_keeps_total_at_least_visible_count ... ok
2026-10-04T17:48:39.9635395Z test app::tests::cache_tests::search_result_refresh_clamps_cursor_row_instead_of_following_path_regression ... ok
2026-10-04T17:48:39.9637519Z test app::tests::cache_tests::search_result_refresh_selects_first_row_when_previous_selection_is_missing_regression ... ok
2026-10-04T17:48:39.9641787Z test app::tests::cache_tests::size_sort_places_folders_and_unknown_sizes_last ... ok
2026-10-04T17:48:39.9643030Z test app::tests::cache_tests::tc_155_ignore_matcher_cache_compiles_once_per_terms_and_case_scope ... ok
2026-10-04T17:48:39.9645280Z test app::tests::empty_query_progress::perf_live_query_input_to_dispatch_100k ... ignored, release GUI preparation latency guard; run explicitly
2026-10-04T17:48:39.9646894Z test app::tests::cache_tests::tc_155_search_prefix_cache_isolates_semantic_scope_and_snapshot_lifetime ... ok
2026-10-04T17:48:39.9724377Z test app::tests::cache_tests::tc_155_regression_highlight_scope_compiles_once_for_multiple_rows ... ok
2026-10-04T17:48:40.0285454Z test app::tests::cache_tests::sort_metadata_cache_is_bounded ... ok
2026-10-04T17:48:40.0516190Z test app::tests::empty_query_progress::tc_151_empty_query_case_change_rechecks_ignore_membership ... ok
2026-10-04T17:48:40.0967052Z test app::tests::empty_query_progress::tc_151_empty_query_filter_change_never_reuses_old_membership ... ok
2026-10-04T17:48:40.1417521Z test app::tests::empty_query_progress::tc_151_empty_query_kind_change_refilters_membership_before_reuse ... ok
2026-10-04T17:48:40.2031928Z test app::tests::empty_query_progress::tc_151_empty_query_replace_all_discards_old_filtered_prefix ... ok
2026-10-04T17:48:40.4071151Z test app::tests::empty_query_progress::tc_151_empty_query_all_filtered_terminal_uses_complete_empty_snapshot ... ok
2026-10-04T17:48:40.4914395Z test app::tests::empty_query_progress::tc_151_empty_query_runtime_frames_keep_batch_ingestion_progressing ... ok
2026-10-04T17:48:40.6162363Z test app::tests::empty_query_progress::tc_151_incremental_reuse_publication_backpressure_preserves_both_owners ... ok
2026-10-04T17:48:40.8952689Z test app::tests::empty_query_progress::tc_151_empty_query_filtered_batches_reuse_candidates_without_preparation ... ok
2026-10-04T17:48:41.1551133Z test app::tests::empty_query_progress::tc_151_live_empty_gui_sort_prepares_current_candidates ... ok
2026-10-04T17:48:41.3575202Z test app::tests::empty_query_progress::tc_151_empty_query_clear_full_reclaimer_retains_owner_and_retries ... ok
2026-10-04T17:48:41.6117489Z test app::tests::empty_query_progress::tc_151_query_after_live_empty_results_prepares_current_candidates ... ok
2026-10-04T17:48:42.1337224Z test app::tests::empty_query_progress::tc_151_known_candidate_preparation_advances_beyond_unknown_budget ... ok
2026-10-04T17:48:42.2395602Z test app::tests::empty_query_progress::tc_151_rendered_cancel_cancels_search_and_ignores_late_response ... ok
2026-10-04T17:48:42.3871807Z test app::tests::empty_query_progress::tc_151_incremental_reuse_kind_revision_restarts_with_new_membership ... ok
2026-10-04T17:48:43.0966314Z test app::tests::empty_query_progress::tc_151_rendered_case_toggle_refreshes_ignore_membership ... ok
2026-10-04T17:48:43.4345620Z test app::tests::empty_query_progress::tc_151_terminal_scratch_retires_on_reclaimer_thread ... ok
2026-10-04T17:48:43.5004986Z test app::tests::empty_query_progress::tc_151_partial_incremental_reuse_cancel_keeps_filtered_subset ... ok
2026-10-04T17:48:43.5095212Z test app::tests::freshness::freshness_monitor_checks_only_enabled_foreground_filelist_after_five_seconds ... ok
2026-10-04T17:48:43.5351286Z test app::tests::freshness::freshness_display_is_acquired_snapshot_bound ... ok
2026-10-04T17:48:43.5372904Z test app::tests::freshness::freshness_monitor_latches_deletion_or_replacement_without_changing_acquired_time ... ok
2026-10-04T17:48:43.5412853Z test app::tests::freshness::freshness_monitor_timeout_keeps_physical_slot_busy_and_discards_late_response ... ok
2026-10-04T17:48:43.5845952Z test app::tests::freshness::freshness_monitor_ui_tick_does_not_schedule_or_apply_while_index_refreshes ... ok
2026-10-04T17:48:43.5867945Z test app::tests::freshness::freshness_monitor_rejects_old_tab_root_generation_path_and_inactive_results ... ok
2026-10-04T17:48:43.5972641Z test app::tests::freshness::freshness_monitor_unavailable_retries_but_unknown_baseline_cannot_become_unchanged ... ok
2026-10-04T17:48:43.6431020Z test app::tests::freshness::freshness_new_session_starts_without_acquisition_time ... ok
2026-10-04T17:48:43.6632960Z test app::tests::freshness_refresh::freshness_background_success_keeps_distinct_filelist_root_source_time_and_generation ... ok
2026-10-04T17:48:43.7343232Z test app::tests::freshness_refresh::freshness_background_success_keeps_distinct_walker_root_source_time_and_generation ... ok
2026-10-04T17:48:43.7354102Z test app::tests::empty_query_progress::tc_151_terminal_scratch_backpressure_preserves_owner_and_last_good ... ok
2026-10-04T17:48:43.7383138Z test app::tests::freshness_refresh::freshness_mailbox_records_loaded_filelist_under_requested_root_alias ... ok
2026-10-04T17:48:43.7819848Z test app::tests::freshness_refresh::freshness_notification_refresh_preserves_query_filters_sort_and_selected_path ... ok
2026-10-04T17:48:43.8094223Z test app::tests::freshness_refresh::freshness_failed_refresh_and_tab_switch_keep_committed_acquisition ... ok
2026-10-04T17:48:43.9248677Z test app::tests::freshness_refresh::freshness_banner_pointer_refresh_preserves_state_after_success ... ok
2026-10-04T17:48:43.9470670Z test app::tests::freshness_refresh::freshness_successful_refresh_advances_acquisition_time_and_generation ... ok
2026-10-04T17:48:43.9772036Z test app::tests::index_pipeline::dialogs_and_inflight::create_filelist_with_use_filelist_enabled_and_walker_source_skips_confirmation ... ok
2026-10-04T17:48:43.9855883Z test app::tests::index_pipeline::dialogs_and_inflight::current_canceled_index_response_clears_active_request_state ... ok
2026-10-04T17:48:44.0529366Z test app::tests::index_pipeline::dialogs_and_inflight::current_finished_index_response_clears_inflight_slot ... ok
2026-10-04T17:48:44.0794135Z test app::tests::index_pipeline::dialogs_and_inflight::deferred_create_filelist_refresh_takes_precedence_over_ignore_list_toggle ... ok
2026-10-04T17:48:44.0856311Z test app::tests::index_pipeline::dialogs_and_inflight::deferred_normal_refresh_takes_precedence_over_later_ignore_list_toggle ... ok
2026-10-04T17:48:44.1029506Z test app::tests::index_pipeline::dialogs_and_inflight::dialog_arrow_keys_move_dialog_selection_not_results ... ok
2026-10-04T17:48:44.1127702Z test app::tests::freshness_refresh::freshness_warning_is_nonmodal_and_does_not_automatically_refresh ... ok
2026-10-04T17:48:44.1329594Z test app::tests::index_pipeline::dialogs_and_inflight::dialog_enter_confirms_without_triggering_main_window_action ... ok
2026-10-04T17:48:44.1331674Z test app::tests::index_pipeline::dialogs_and_inflight::dialog_space_confirms_selected_dialog_action ... ok
2026-10-04T17:48:44.1355427Z test app::tests::index_pipeline::dialogs_and_inflight::filelist_use_walker_dialog_text_describes_background_execution ... ok
2026-10-04T17:48:44.1462611Z test app::tests::index_pipeline::dialogs_and_inflight::files_toggle_change_requests_reindex ... ok
2026-10-04T17:48:44.1464658Z test app::tests::index_pipeline::dialogs_and_inflight::pending_queue_eviction_restores_background_tab_refresh_on_reactivation ... ok
2026-10-04T17:48:44.1574907Z test app::tests::index_pipeline::dialogs_and_inflight::replacement_request_keeps_real_inflight_accounting_until_terminal_response ... ok
2026-10-04T17:48:44.1577796Z test app::tests::index_pipeline::dialogs_and_inflight::request_create_filelist_walker_refresh_resets_index_state_and_registers_request ... ok
2026-10-04T17:48:44.1691593Z test app::tests::index_pipeline::dialogs_and_inflight::request_index_refresh_uses_latest_toggle_state ... ok
2026-10-04T17:48:44.1693851Z test app::tests::index_pipeline::dialogs_and_inflight::request_index_refresh_reenables_files_when_both_filters_are_off ... ok
2026-10-04T17:48:44.1787776Z test app::tests::index_pipeline::dialogs_and_inflight::same_tab_request_waits_until_previous_inflight_finishes ... ok
2026-10-04T17:48:44.1790161Z test app::tests::index_pipeline::dialogs_and_inflight::stale_failed_index_response_clears_inflight_slot ... ok
2026-10-04T17:48:44.1897181Z test app::tests::index_pipeline::dialogs_and_inflight::stale_terminal_index_response_clears_inflight_slot ... ok
2026-10-04T17:48:44.1899860Z test app::tests::index_pipeline::dialogs_and_inflight::stale_nonterminal_index_responses_keep_inflight_until_terminal_response ... ok
2026-10-04T17:48:44.2008822Z test app::tests::index_pipeline::dialogs_and_inflight::tc_110_empty_search_response_replaces_last_good_sorted_snapshot ... ok
2026-10-04T17:48:44.2011817Z test app::tests::index_pipeline::dialogs_and_inflight::tc_110_deferred_ignore_list_refresh_preserves_sort_when_reclaim_completes ... ok
2026-10-04T17:48:44.2121844Z test app::tests::index_pipeline::dialogs_and_inflight::tc_110_ignore_list_toggle_requests_reindex_without_replacing_visible_snapshot ... ok
2026-10-04T17:48:44.2124186Z test app::tests::index_pipeline::dialogs_and_inflight::tc_110_ignore_refresh_keeps_sorted_snapshot_until_empty_query_terminal_sort ... ok
2026-10-04T17:48:44.2244737Z test app::tests::index_pipeline::dialogs_and_inflight::tc_110_metadata_sort_worker_failure_keeps_last_good_snapshot_and_count ... ok
2026-10-04T17:48:44.2247013Z test app::tests::index_pipeline::dialogs_and_inflight::tc_110_metadata_sort_keeps_last_good_snapshot_until_sort_worker_finishes ... ok
2026-10-04T17:48:44.2364336Z test app::tests::index_pipeline::dialogs_and_inflight::tc_110_non_empty_metadata_sort_keeps_last_good_until_sort_response ... ok
2026-10-04T17:48:44.2366464Z test app::tests::index_pipeline::dialogs_and_inflight::tc_110_non_empty_query_refresh_keeps_sort_contract ... ok
2026-10-04T17:48:44.2470394Z test app::tests::index_pipeline::dialogs_and_inflight::tc_152_disconnected_index_dispatch_settles_active_request_regression ... ok
2026-10-04T17:48:44.2472518Z test app::tests::index_pipeline::dialogs_and_inflight::tc_152_dispatch_keeps_coordinator_inflight_at_two ... ok
2026-10-04T17:48:44.2585528Z test app::tests::index_pipeline::dialogs_and_inflight::tc_152_full_index_worker_queue_requeues_without_marking_inflight ... ok
2026-10-04T17:48:44.2587732Z test app::tests::index_pipeline::dialogs_and_inflight::tc_152_full_index_queue_retries_after_capacity_returns_regression ... ok
2026-10-04T17:48:44.2708038Z test app::tests::index_pipeline::dialogs_and_inflight::tc_152_restored_active_tab_dispatches_in_same_terminal_poll_regression ... ok
2026-10-04T17:48:44.2710415Z test app::tests::index_pipeline::dialogs_and_inflight::tc_205_active_request_preempts_only_the_non_preferred_warm_generation ... ok
2026-10-04T17:48:44.2720211Z test app::tests::index_pipeline::dialogs_and_inflight::tc_206_request_mailbox_preserves_control_data_terminal_order_under_full_pressure ... ok
2026-10-04T17:48:44.2813700Z test app::tests::index_pipeline::dialogs_and_inflight::use_filelist_forces_type_filters_to_both_enabled ... ok
2026-10-04T17:48:44.2815144Z test app::tests::index_pipeline::dialogs_and_inflight::use_filelist_with_walker_source_keeps_type_filters_editable ... ok
2026-10-04T17:48:44.2928889Z test app::tests::index_pipeline::filelist_background::background_index_send_failure_clears_pending_state_for_target_tab ... ok
2026-10-04T17:48:44.2930527Z test app::tests::index_pipeline::filelist_background::active_filelist_finalization_waits_when_both_finalizer_slots_are_full ... ok
2026-10-04T17:48:44.3078444Z test app::tests::index_pipeline::filelist_background::cancel_create_filelist_marks_inflight_request ... ok
2026-10-04T17:48:44.3118783Z test app::tests::index_pipeline::filelist_background::deferred_filelist_is_canceled_when_root_changes ... ok
2026-10-04T17:48:44.3228559Z test app::tests::index_pipeline::filelist_background::deferred_filelist_starts_after_index_finished ... ok
2026-10-04T17:48:44.3230538Z test app::tests::index_pipeline::filelist_background::filelist_finish_ignores_original_tab_when_its_root_changed ... ok
2026-10-04T17:48:44.3355245Z test app::tests::index_pipeline::filelist_background::filelist_finish_reindexes_original_tab_after_tab_switch ... ok
2026-10-04T17:48:44.3357417Z test app::tests::index_pipeline::filelist_background::unmatched_active_terminal_does_not_supply_create_filelist_snapshot ... ok
2026-10-04T17:48:44.3518233Z test app::tests::index_pipeline::filelist_background::unmatched_background_terminal_does_not_supply_create_filelist_snapshot ... ok
2026-10-04T17:48:44.3520533Z test app::tests::index_pipeline::filelist_creation::cancel_create_filelist_clears_intent_while_reclaimer_is_full ... ok
2026-10-04T17:48:44.3637143Z test app::tests::index_pipeline::filelist_creation::cancel_create_filelist_clears_pending_after_index ... ok
2026-10-04T17:48:44.3639544Z test app::tests::index_pipeline::filelist_creation::canceled_preflight_response_discards_worker_owned_snapshot ... ok
2026-10-04T17:48:44.3756235Z test app::tests::index_pipeline::filelist_creation::closing_tab_discards_its_filelist_completion_notice ... ok
2026-10-04T17:48:44.3758502Z test app::tests::index_pipeline::filelist_creation::confirm_pending_overwrite_starts_filelist_creation ... ok
2026-10-04T17:48:44.3874495Z test app::tests::index_pipeline::filelist_creation::create_filelist_forces_files_and_dirs_before_reindex ... ok
2026-10-04T17:48:44.3876698Z test app::tests::index_pipeline::filelist_creation::create_filelist_replaces_in_progress_index_with_complete_walker_snapshot ... ok
2026-10-04T17:48:44.3985179Z test app::tests::index_pipeline::filelist_creation::create_filelist_while_indexing_with_filter_change_requests_reindex ... ok
2026-10-04T17:48:44.3987454Z test app::tests::index_pipeline::filelist_creation::create_filelist_with_ready_walker_requests_paced_snapshot_finalization ... ok
2026-10-04T17:48:44.4103082Z test app::tests::index_pipeline::filelist_creation::create_filelist_with_use_filelist_enabled_confirms_and_prepares_background_walker ... ok
2026-10-04T17:48:44.4105955Z test app::tests::index_pipeline::filelist_creation::filelist_completion_notice_follows_creator_when_tab_switch_precedes_response ... ok
2026-10-04T17:48:44.4226995Z test app::tests::index_pipeline::filelist_creation::filelist_completion_notice_is_discarded_when_reindex_fails ... ok
2026-10-04T17:48:44.4229542Z test app::tests::index_pipeline::filelist_creation::filelist_completion_notice_is_restored_after_background_reindex_finishes ... ok
2026-10-04T17:48:44.4348063Z test app::tests::index_pipeline::filelist_creation::filelist_completion_notice_is_restored_when_reindex_is_canceled ... ok
2026-10-04T17:48:44.4350146Z test app::tests::index_pipeline::filelist_creation::filelist_finished_enables_use_filelist_for_creator_tab ... ok
2026-10-04T17:48:44.4460167Z test app::tests::index_pipeline::filelist_creation::filelist_finished_updates_state_and_notice ... ok
2026-10-04T17:48:44.4462098Z test app::tests::index_pipeline::filelist_creation::filelist_finished_triggers_reindex_when_enabled ... ok
2026-10-04T17:48:44.4591034Z test app::tests::index_pipeline::filelist_creation::filelist_preflight_response_requests_overwrite_confirmation_when_file_exists ... ok
2026-10-04T17:48:44.4592733Z test app::tests::index_pipeline::filelist_creation::mismatched_index_response_does_not_consume_filelist_completion_notice ... ok
2026-10-04T17:48:44.4708477Z test app::tests::index_pipeline::filelist_creation::regression_filelist_completion_notice_is_cleared_by_same_tab_supersede ... ok
2026-10-04T17:48:44.4710774Z test app::tests::index_pipeline::filelist_creation::regression_filelist_completion_notice_is_not_cleared_by_another_tab_refresh ... ok
2026-10-04T17:48:44.4831811Z test app::tests::index_pipeline::filelist_creation::request_filelist_creation_schedules_filesystem_preflight_on_worker ... ok
2026-10-04T17:48:44.4834199Z test app::tests::index_pipeline::filelist_creation::regression_filelist_completion_notice_survives_reindex_settlement ... ok
2026-10-04T17:48:44.4956532Z test app::tests::index_pipeline::filelist_creation::root_change_discards_filelist_completion_notice_for_same_tab ... ok
2026-10-04T17:48:44.4994595Z test app::tests::index_pipeline::filelist_creation::tab_switch_cancels_complete_walker_and_reclaims_build_snapshot_off_ui ... ok
2026-10-04T17:48:44.5356071Z test app::tests::index_pipeline::filelist_lifecycle::active_indexing_empty_query_without_filters_does_not_clone_full_entries_snapshot ... ok
2026-10-04T17:48:44.5358979Z test app::tests::index_pipeline::filelist_lifecycle::active_index_backlog_stops_receiving_before_queue_growth_exceeds_frame_guard ... ok
2026-10-04T17:48:44.5513170Z test app::tests::index_pipeline::filelist_lifecycle::apply_entry_filters_resyncs_incremental_state_during_indexing ... ok
2026-10-04T17:48:44.5515332Z test app::tests::index_pipeline::filelist_lifecycle::apply_entry_filters_all_filtered_then_next_batch_adds_once ... ok
2026-10-04T17:48:44.6133872Z test app::tests::index_pipeline::filelist_lifecycle::empty_query_keeps_results_after_batch_and_finished_in_same_poll ... ok
2026-10-04T17:48:44.6136693Z test app::tests::index_pipeline::filelist_lifecycle::capped_walker_finished_drains_large_backlog_without_long_tail_regression ... ok
2026-10-04T17:48:44.6263815Z test app::tests::index_pipeline::filelist_lifecycle::filelist_canceled_updates_state_and_notice ... ok
2026-10-04T17:48:44.6265999Z test app::tests::index_pipeline::filelist_lifecycle::empty_query_unfiltered_indexing_does_not_duplicate_incremental_snapshot ... ok
2026-10-04T17:48:44.6367566Z test app::tests::index_pipeline::filelist_lifecycle::filelist_failed_updates_state_and_notice ... ok
2026-10-04T17:48:44.6369553Z test app::tests::index_pipeline::filelist_lifecycle::filelist_failed_for_previous_root_reports_without_rewinding_state ... ok
2026-10-04T17:48:44.6485655Z test app::tests::index_pipeline::filelist_lifecycle::filelist_finished_for_stale_requested_root_is_ignored ... ok
2026-10-04T17:48:44.6487747Z test app::tests::index_pipeline::filelist_lifecycle::filelist_finished_for_previous_root_does_not_trigger_reindex ... ok
2026-10-04T17:48:44.7006967Z test app::tests::index_pipeline::filelist_lifecycle::finished_index_with_filters_reuses_incremental_snapshot_without_full_rescan ... ok
2026-10-04T17:48:44.7008804Z test app::tests::index_pipeline::filelist_lifecycle::finished_index_response_drains_pending_entries_over_multiple_frames ... ok
2026-10-04T17:48:44.7123379Z test app::tests::index_pipeline::filelist_lifecycle::non_empty_query_batch_delta_updates_snapshot_even_without_search_refresh ... ok
2026-10-04T17:48:44.7125522Z test app::tests::index_pipeline::filelist_lifecycle::incremental_empty_query_update_preserves_scroll_position_flag ... ok
2026-10-04T17:48:44.7596952Z test app::tests::index_pipeline::filelist_lifecycle::non_empty_query_incremental_refresh_skips_small_delta_during_indexing ... ok
2026-10-04T17:48:44.7599895Z test app::tests::index_pipeline::filelist_lifecycle::non_empty_query_incremental_refresh_updates_entries_with_large_delta ... ok
2026-10-04T17:48:44.7777723Z test app::tests::index_pipeline::filelist_lifecycle::pending_finished_index_finalization_does_not_sample_memory_when_notice_clears ... ok
2026-10-04T17:48:44.7780308Z test app::tests::index_pipeline::filelist_lifecycle::pending_finished_index_finalization_does_not_shrink_drained_queue_regression ... ok
2026-10-04T17:48:44.7981866Z test app::tests::index_pipeline::filelist_lifecycle::pending_finished_index_finalizes_after_budgeted_drain_completes ... ok
2026-10-04T17:48:44.7984147Z test app::tests::index_pipeline::filelist_lifecycle::request_index_refresh_keeps_existing_entries_visible_until_new_results_arrive ... ok
2026-10-04T17:48:44.8110687Z test app::tests::index_pipeline::filelist_lifecycle::status_line_prefers_current_index_count_while_indexing ... ok
2026-10-04T17:48:44.8112793Z test app::tests::index_pipeline::filelist_lifecycle::status_line_counts_pending_index_entries_while_indexing ... ok
2026-10-04T17:48:44.8212892Z test app::tests::index_pipeline::filelist_lifecycle::tc_204_refresh_failure_keeps_last_good_snapshot_and_sets_explicit_lifecycle ... ok
2026-10-04T17:48:44.8214524Z test app::tests::index_pipeline::filelist_lifecycle::tc_204_empty_committed_snapshot_refreshes_and_cancels_back_to_ready ... ok
2026-10-04T17:48:44.8368219Z test app::tests::index_pipeline::filelist_lifecycle::tc_207_active_failure_debt_switches_to_background_and_cleans_routing ... ok
2026-10-04T17:48:44.8370399Z test app::tests::index_pipeline::filelist_lifecycle::tc_207_active_cancel_keeps_fixed_build_debt_until_reclaimer_accepts ... ok
2026-10-04T17:48:44.8539033Z test app::tests::index_pipeline::filelist_lifecycle::tc_207_active_replace_all_waits_for_reclaimer_without_dropping_old_build ... ok
2026-10-04T17:48:44.8540607Z test app::tests::index_pipeline::filelist_lifecycle::tc_207_active_failure_reclaims_building_payload_off_ui ... ok
2026-10-04T17:48:44.8674947Z test app::tests::index_pipeline::filelist_lifecycle::tc_207_empty_query_terminal_absence_clears_evicted_selection_intent_regression ... ok
2026-10-04T17:48:44.8677462Z test app::tests::index_pipeline::filelist_lifecycle::tc_207_create_filelist_terminal_root_survives_switch_and_replays_on_original_tab ... ok
2026-10-04T17:48:44.8817978Z test app::tests::index_pipeline::filelist_lifecycle::tc_207_evicted_selection_survives_partial_empty_query_miss_and_restores_later_regression ... ok
2026-10-04T17:48:44.8820296Z test app::tests::index_pipeline::filelist_lifecycle::tc_207_filelist_send_failure_keeps_snapshot_when_reclaimer_is_full ... ok
2026-10-04T17:48:44.8977508Z test app::tests::index_pipeline::filelist_lifecycle::tc_207_rootless_terminal_close_is_noop_before_closed_history_preflight ... ok
2026-10-04T17:48:44.8979911Z test app::tests::index_pipeline::filelist_lifecycle::tc_207_filelist_send_failure_reclaims_snapshot_off_ui ... ok
2026-10-04T17:48:44.9106634Z test app::tests::index_pipeline::filelist_lifecycle::tc_207_terminal_commit_waits_when_reclaimer_is_full ... ok
2026-10-04T17:48:44.9108870Z test app::tests::index_pipeline::filelist_lifecycle::tc_207_terminal_reclaimer_debt_coalesces_repeated_refresh_to_one_generation ... ok
2026-10-04T17:48:44.9273359Z test app::tests::index_pipeline::filelist_lifecycle::tc_207_terminal_root_close_is_atomic_and_restore_starts_one_target_request ... ok
2026-10-04T17:48:44.9275877Z test app::tests::index_pipeline::filelist_lifecycle::tc_207_terminal_reclaimer_debt_preserves_create_filelist_mode_for_latest_root ... ok
2026-10-04T17:48:44.9398337Z test app::tests::index_pipeline::filelist_lifecycle::tc_207_terminal_root_close_rolls_back_when_history_preflight_consumes_last_slot ... ok
2026-10-04T17:48:44.9401160Z test app::tests::index_pipeline::filelist_lifecycle::walker_truncated_notice_points_to_config_file_setting ... ok
2026-10-04T17:48:44.9542652Z test app::tests::index_pipeline::filelist_root_cleanup::create_filelist_skips_ancestor_confirmation_when_child_reference_is_already_present ... ok
2026-10-04T17:48:44.9545068Z test app::tests::index_pipeline::filelist_root_cleanup::denying_ancestor_propagation_still_creates_root_filelist ... ok
2026-10-04T17:48:44.9679842Z test app::tests::index_pipeline::filelist_root_cleanup::filelist_preflight_response_requests_confirmation_before_ancestor_propagation ... ok
2026-10-04T17:48:44.9682411Z test app::tests::index_pipeline::filelist_root_cleanup::root_change_cancels_pending_filelist_ancestor_confirmation ... ok
2026-10-04T17:48:44.9812841Z test app::tests::index_pipeline::filelist_root_cleanup::root_change_cancels_pending_filelist_use_walker_confirmation ... ok
2026-10-04T17:48:44.9815003Z test app::tests::index_pipeline::filelist_root_cleanup::root_change_cancels_pending_filelist_overwrite_confirmation ... ok
2026-10-04T17:48:44.9938927Z test app::tests::index_pipeline::filelist_root_cleanup::root_change_clears_stale_selection_state ... ok
2026-10-04T17:48:44.9940921Z test app::tests::index_pipeline::kind_resolution::active_kind_queue_walks_entries_without_duplicate_requests ... ok
2026-10-04T17:48:45.0069306Z test app::tests::index_pipeline::kind_resolution::inactive_tab_kind_response_is_retained_until_tab_activation ... ok
2026-10-04T17:48:45.0071756Z test app::tests::index_pipeline::kind_resolution::kind_response_batch_updates_multiple_entries_in_one_poll ... ok
2026-10-04T17:48:45.0187680Z test app::tests::index_pipeline::kind_resolution::kind_response_updates_filters_when_single_filter_is_enabled ... ok
2026-10-04T17:48:45.0190177Z test app::tests::index_pipeline::kind_resolution::poll_kind_response_does_not_clone_arc_shared_entries_regression ... ok
2026-10-04T17:48:45.0311386Z test app::tests::index_pipeline::kind_resolution::request_preview_does_not_requeue_terminal_other_kind ... ok
2026-10-04T17:48:45.0313536Z test app::tests::index_pipeline::kind_resolution::request_preview_queues_on_demand_kind_resolution_when_kind_unknown ... ok
2026-10-04T17:48:45.0384076Z test app::tests::index_pipeline::kind_resolution::tc_151_kind_worker_bounds_total_to_257 ... ok
2026-10-04T17:48:45.0385856Z test app::tests::index_pipeline::kind_resolution::tc_151_kind_full_requeues_without_loss_or_duplication ... ok
2026-10-04T17:48:45.0468893Z test app::tests::index_pipeline::kind_resolution::tc_151_poisoned_epoch_state_fails_closed_without_metadata ... ok
2026-10-04T17:48:45.0471458Z test app::tests::index_pipeline::kind_resolution::tc_151_reset_publishes_and_tab_cleanup_removes_latest_kind_epoch ... ok
2026-10-04T17:48:45.0496775Z test app::tests::index_pipeline::kind_resolution::tc_153_kind_shutdown_drains_accepted_queue_with_terminal_cancellation ... ok
2026-10-04T17:48:45.0498973Z test app::tests::index_pipeline::kind_resolution::tc_151_stale_or_missing_kind_epoch_skips_metadata_and_settles ... ok
2026-10-04T17:48:45.0615264Z test app::tests::index_pipeline::kind_resolution::unknown_kind_entries_are_hidden_when_single_filter_enabled ... ok
2026-10-04T17:48:45.0617499Z test app::tests::index_pipeline::kind_resolution::unknown_kind_entries_do_not_queue_resolution_when_both_filters_enabled ... ok
2026-10-04T17:48:45.0735970Z test app::tests::index_pipeline::kind_resolution::unknown_kind_entries_remain_visible_when_both_filters_enabled ... ok
2026-10-04T17:48:45.0738729Z test app::tests::index_pipeline::kind_resolution::unknown_kind_entries_queue_resolution_when_single_filter_enabled ... ok
2026-10-04T17:48:45.0865111Z test app::tests::index_pipeline::kind_resolution::walker_finished_queues_unknown_kind_resolution_for_visible_results_only_regression ... ok
2026-10-04T17:48:45.0867623Z test app::tests::index_pipeline::kind_resolution::walker_unknown_kind_batch_queues_resolution_when_single_filter_enabled ... ok
2026-10-04T17:48:45.1150827Z test app::tests::index_pipeline::kind_resolution::walker_unknown_kind_batch_still_finishes_and_keeps_entries_visible ... ok
2026-10-04T17:48:45.1333458Z test app::tests::index_pipeline::mailbox_arbitration::tc_207_one_frame_active_backlog_blocks_active_mailbox_without_blocking_warm ... ok
2026-10-04T17:48:45.1424934Z test app::tests::index_pipeline::mailbox_arbitration::tc_207_one_frame_full_finalizers_retain_latest_terminal_but_admit_stale_terminal ... ok
2026-10-04T17:48:45.1475816Z test app::tests::index_pipeline::mailbox_arbitration::tc_207_poll_loop_delegates_response_mutation_to_typed_owner ... ok
2026-10-04T17:48:45.1533605Z test app::tests::index_pipeline::mailbox_arbitration::tc_207_one_frame_mailbox_arbitration_is_active_then_warm_then_sorted_and_retains_tail ... ok
2026-10-04T17:48:45.1627641Z test app::tests::index_pipeline::search_refresh::index_refresh_marks_search_resume_pending_for_non_empty_query ... ok
2026-10-04T17:48:45.1629702Z test app::tests::index_pipeline::search_refresh::filtered_out_batch_still_resumes_non_empty_query_search ... ok
2026-10-04T17:48:45.1747444Z test app::tests::index_pipeline::search_refresh::non_empty_query_resumes_search_immediately_on_first_index_batch ... ok
2026-10-04T17:48:45.1749389Z test app::tests::index_pipeline::search_refresh::search_error_updates_notice ... ok
2026-10-04T17:48:45.1866918Z test app::tests::index_pipeline::search_refresh::search_response_requeues_unknown_walker_result_kind ... ok
2026-10-04T17:48:45.1868904Z test app::tests::index_pipeline::search_refresh::stale_search_response_is_ignored_after_index_refresh ... ok
2026-10-04T17:48:45.1982662Z test app::tests::index_pipeline::search_refresh::tc_207_authoritative_search_absence_clears_evicted_selection_intent_regression ... ok
2026-10-04T17:48:45.1985470Z test app::tests::index_pipeline::search_refresh::tc_207_evicted_selection_survives_partial_search_miss_and_restores_later_regression ... ok
2026-10-04T17:48:45.2020157Z test app::tests::indexing_perf::harness::child_process::tc_229_child_contract_rejects_zero_failure_and_wrong_recursion_identity ... ok
2026-10-04T17:48:45.7266786Z test app::tests::indexing_perf::harness::extensions::driver::tc_229_completion_offer_warm_switch_waits_for_own_commit ... ok
2026-10-04T17:48:46.3845166Z test app::tests::indexing_perf::harness::extensions::driver::tc_229_finished_warm_admission_accepts_actual_commit_and_rejects_stale_identity ... ok
2026-10-04T17:48:46.6484041Z test app::tests::indexing_perf::harness::extensions::driver::tc_229_finished_warm_switch_waits_for_own_commit_before_eviction ... ok
2026-10-04T17:48:46.9032065Z test app::tests::indexing_perf::harness::extensions::driver::tc_229_observation_ledger_does_not_pin_closed_heavy_mailbox ... ok
2026-10-04T17:48:47.0739913Z test app::tests::freshness_refresh::freshness_source_is_visible_and_hoverable_at_compact_widths ... ok
2026-10-04T17:48:47.1562826Z test app::tests::indexing_perf::harness::extensions::driver::tc_229_preemption_observer_is_opt_in_bounded_and_scalar ... ok
2026-10-04T17:48:47.2478733Z test app::tests::indexing_perf::harness::extensions::driver::tc_229_small_smoke_waits_for_unfinished_warm_commit ... ok
2026-10-04T17:48:47.2936130Z test app::tests::indexing_perf::harness::extensions::fixture::tc_229_empty_publication_preserves_root_source_and_original_files ... ok
2026-10-04T17:48:47.3173185Z test app::tests::indexing_perf::harness::extensions::fixture::tc_229_empty_publication_refuses_unrelated_contents_and_borrowed_root ... ok
2026-10-04T17:48:47.3335625Z test app::tests::indexing_perf::harness::extensions::fixture::tc_229_empty_publication_unwind_and_partial_error_restore_owned_contents ... ok
2026-10-04T17:48:47.7162592Z test app::tests::indexing_perf::harness::extensions::fixture::tc_229_extended_fixture_generation_restores_same_root_and_source ... ok
2026-10-04T17:48:47.9703866Z test app::tests::indexing_perf::harness::extensions::fixture::tc_229_extended_fixture_fixed_file_metadata_and_markers ... ok
2026-10-04T17:48:47.9824448Z test app::tests::indexing_perf::harness::extensions::fixture::tc_229_extended_fixture_root_never_claims_an_existing_candidate ... ok
2026-10-04T17:48:48.0074689Z test app::tests::indexing_perf::harness::extensions::fixture::tc_229_modified_time_roundtrip_preserves_file_and_directory_contents ... ok
2026-10-04T17:48:48.0079865Z test app::tests::indexing_perf::harness::extensions::fixture::tc_229_nested_manifest_reference_accepts_native_separators_only ... ok
2026-10-04T17:48:48.3532798Z test app::tests::empty_query_progress::tc_151_restored_query_clear_retires_obsolete_preparation_and_keeps_ingesting ... ok
2026-10-04T17:48:48.6885991Z test app::tests::indexing_perf::harness::extensions::oracle::tc_229_extended_oracle_metadata_order_cannot_be_swapped ... ok
2026-10-04T17:48:48.8200119Z test app::tests::indexing_perf::harness::extensions::oracle::tc_229_extended_oracle_missing_higher_score_cannot_hide_in_cutoff_ties ... ok
2026-10-04T17:48:49.0311665Z test app::tests::indexing_perf::harness::extensions::oracle::tc_229_extended_oracle_ignore_case_changes_membership ... ok
2026-10-04T17:48:49.2341867Z test app::tests::indexing_perf::harness::extensions::oracle::tc_229_extended_oracle_same_root_old_generation_cannot_pass ... ok
2026-10-04T17:48:49.2480754Z test app::tests::indexing_perf::harness::extensions::oracle::tc_229_extended_oracle_shown_sort_uses_valid_actual_subset ... ok
2026-10-04T17:48:49.3212204Z test app::tests::indexing_perf::harness::extensions::oracle::tc_229_extended_oracle_size_sort_keeps_directory_missing_values_last ... ok
2026-10-04T17:48:49.3214694Z test app::tests::indexing_perf::harness::extensions::runner::perf_indexing_extended_paired ... ignored, release actual-worker extension measurements; serial CPU/storage observations
2026-10-04T17:48:49.3218882Z test app::tests::indexing_perf::harness::extensions::runner::perf_indexing_truncated_serial ... ignored, actual default cap+1 fixture; serial owned RuntimeConfig restoration
2026-10-04T17:48:49.3618838Z test app::tests::indexing_perf::harness::extensions::supplementary::tc_229_admitted_closed_mailbox_records_actual_skipped_worker_return ... ok
2026-10-04T17:49:08.2298357Z test app::tests::indexing_perf::harness::extensions::oracle::tc_229_extended_oracle_rejects_wrong_kind_and_old_nested_member ... ok
2026-10-04T17:49:19.7783045Z test app::tests::indexing_perf::harness::extensions::supplementary::tc_229_parser_kind_masks_are_real_worker_contracts ... ok
2026-10-04T17:49:19.7797344Z test app::tests::indexing_perf::harness::extensions::supplementary::tc_229_parser_worker_cleanup_runs_after_intentional_panic ... ok
2026-10-04T17:49:19.7800568Z test app::tests::indexing_perf::harness::extensions::supplementary::tc_229_payload_free_registry_isolates_request_runtime_and_does_not_pin ... ok
2026-10-04T17:49:19.7802986Z test app::tests::indexing_perf::harness::extensions::supplementary::tc_229_truncation_requires_more_input_than_actual_limit ... ok
2026-10-04T17:49:23.9688444Z test app::tests::indexing_perf::harness::extensions::fixture::tc_229_extended_fixture_nested_expected_replaces_old_subtree ... ok
2026-10-04T17:49:23.9691314Z test app::tests::indexing_perf::harness::extensions::tc_229_cleanup_closed_without_physical_return_cannot_complete ... ok
2026-10-04T17:49:23.9694123Z test app::tests::indexing_perf::harness::extensions::tc_229_completed_latest_cannot_bypass_owned_generation ... ok
2026-10-04T17:49:23.9699333Z test app::tests::indexing_perf::harness::extensions::tc_229_declared_tabchain_victim_preserves_required_latest_success ... ok
2026-10-04T17:49:23.9702446Z test app::tests::indexing_perf::harness::extensions::tc_229_dependent_input_waits_for_actual_target_activation ... ok
2026-10-04T17:49:25.7118458Z test app::tests::indexing_perf::harness::extensions::supplementary::tc_229_controlled_full_blocks_then_resumes_with_fresh_deadline ... ok
2026-10-04T17:49:25.7121156Z test app::tests::indexing_perf::harness::extensions::tc_229_empty_sort_queued_canceled_or_late_work_cannot_prove_overlap ... ok
2026-10-04T17:49:25.7123726Z test app::tests::indexing_perf::harness::extensions::tc_229_failed_or_stale_terminal_and_debt_cannot_complete ... ok
2026-10-04T17:49:25.7128399Z test app::tests::indexing_perf::harness::extensions::tc_229_finished_observation_before_mutation_needs_no_cancel_permission ... ok
2026-10-04T17:49:25.7131024Z test app::tests::indexing_perf::harness::extensions::tc_229_later_operation_cannot_authorize_earlier_abort ... ok
2026-10-04T17:49:25.7133671Z test app::tests::indexing_perf::harness::extensions::tc_229_measured_owner_none_requires_exact_latest_logical_retirement ... ok
2026-10-04T17:49:25.7136479Z test app::tests::indexing_perf::harness::extensions::tc_229_measured_owner_rejects_cancellation_tombstone_as_request ... ok
2026-10-04T17:49:25.7139816Z test app::tests::indexing_perf::harness::extensions::tc_229_measured_owner_requires_latest_planned_allocation_and_ledger_identity ... ok
2026-10-04T17:49:25.7142834Z test app::tests::indexing_perf::harness::extensions::tc_229_planned_requests_reject_secondary_cancel_extra_and_unplanned_revocation ... ok
2026-10-04T17:49:25.7146683Z test app::tests::indexing_perf::harness::extensions::tc_229_preemption_finished_predecessor_race_preserves_composed_completion ... ok
2026-10-04T17:49:38.2447198Z test app::tests::indexing_perf::harness::child_process::tc_229_leaf_process_inherited_cap_isolation ... ok
2026-10-04T17:49:38.2452790Z test app::tests::indexing_perf::harness::extensions::tc_229_revoked_abort_rejects_wrong_actual_root_or_source ... ok
2026-10-04T17:49:38.2459845Z test app::tests::indexing_perf::harness::extensions::tc_229_revoked_closed_mailbox_preserves_physical_terminal_offer ... ok
2026-10-04T17:49:38.2823913Z test app::tests::indexing_perf::harness::extensions::tc_229_scalar_fast_ready_corrupt_full_seed_cannot_emit_correct_sample ... ok
2026-10-04T17:49:39.6473004Z test app::tests::indexing_perf::harness::extensions::tc_229_search_sort_rejects_type_mode_stale_error_and_zero_candidates ... ok
2026-10-04T17:49:39.6478817Z test app::tests::indexing_perf::harness::extensions::tc_229_stable_edit_next_input_requires_owned_full_evaluation ... ok
2026-10-04T17:49:39.6486501Z test app::tests::indexing_perf::harness::extensions::tc_229_stale_full_failed_victim_rejects_unproven_abort ... ok
2026-10-04T17:49:39.6491552Z test app::tests::indexing_perf::harness::extensions::tc_229_successful_rx_requires_owned_identity_and_interval ... ok
2026-10-04T17:49:39.6499477Z test app::tests::indexing_perf::harness::extensions::tc_229_tabchain_victim_fast_rejects_wrong_seed_and_unfinished_debt ... ok
2026-10-04T17:49:39.6509004Z test app::tests::indexing_perf::harness::extensions::tc_229_tabchain_victim_rejects_unowned_cause_chronology_and_terminal ... ok
2026-10-04T17:49:39.6513952Z test app::tests::indexing_perf::harness::extensions::tc_229_terminal_cleanup_without_actual_return_is_not_t2 ... ok
2026-10-04T17:49:40.9020907Z test app::tests::indexing_perf::harness::extensions::tc_229_empty_query_all_matches_sort_proves_successful_worker_response ... ok
2026-10-04T17:49:40.9026525Z test app::tests::indexing_perf::harness::extensions::tc_229_unsent_discard_never_substitutes_admitted_worker_return ... ok
2026-10-04T17:49:40.9029787Z test app::tests::indexing_perf::harness::extensions::tc_229_warm_checkpoints_do_not_use_active_committed_count ... ok
2026-10-04T17:49:40.9036226Z test app::tests::indexing_perf::harness::extensions::tc_229_warm_first_cause_requires_actual_execution_and_seed_truth ... ok
2026-10-04T17:49:40.9042419Z test app::tests::indexing_perf::harness::tc_228_walker_oracle_requires_all_candidates_above_cutoff ... ok
2026-10-04T17:49:40.9049981Z test app::tests::indexing_perf::perf_indexing_contention_paired ... ignored, actual-worker release paired indexing contention observations; run explicitly
2026-10-04T17:49:40.9052193Z test app::tests::indexing_perf::perf_indexing_observer_overhead ... ignored, release observer on/off overhead observation; run explicitly
2026-10-04T17:49:40.9053979Z test app::tests::indexing_perf::tc_228_cancel_only_spin_does_not_advance_work_progress ... ok
2026-10-04T17:49:40.9055203Z test app::tests::indexing_perf::tc_228_frozen_progress_is_detected_without_wall_clock_sleep ... ok
2026-10-04T17:50:05.1655079Z test app::tests::indexing_perf::harness::extensions::tc_229_unmeasured_promotion_control_is_empty_and_quiescent ... ok
2026-10-04T17:50:05.1662023Z test app::tests::indexing_perf::tc_228_s2_requires_two_distinct_genuine_search_executions ... ok
2026-10-04T17:50:05.1666468Z test app::tests::indexing_perf::tc_228_search_overlap_requires_actual_evaluation_and_request_interval ... ok
2026-10-04T17:50:05.1670079Z test app::tests::indexing_perf::tc_228_terminal_truth_rejects_false_completion_and_debt ... ok
2026-10-04T17:50:05.1672753Z test app::tests::indexing_perf::tc_229_config_rejects_empty_or_duplicate_case_source_selection ... ok
2026-10-04T17:50:05.1675397Z test app::tests::indexing_perf::tc_229_config_rejects_zero_excessive_pairs_and_over_cap_entries ... ok
2026-10-04T17:50:05.1922804Z test app::tests::paged_preview::active_more_response_after_tab_roundtrip_keeps_and_extends_prior_body ... ok
2026-10-04T17:50:05.2015368Z test app::tests::paged_preview::background_more_failure_preserves_tab_document_and_error_is_tab_scoped ... ok
2026-10-04T17:50:05.2120259Z test app::tests::paged_preview::gui_long_line_copy_layout_excludes_truncation_marker ... ok
2026-10-04T17:50:05.2212178Z test app::tests::paged_preview::gui_paged_preview_body_uses_the_cjk_primary_text_style ... ok
2026-10-04T17:50:05.2311259Z test app::tests::paged_preview::gui_paged_preview_failed_more_keeps_prior_document_and_requires_reload ... ok
2026-10-04T17:50:05.2435259Z test app::tests::paged_preview::gui_paged_preview_loads_initial_and_more_without_duplication ... ok
2026-10-04T17:50:05.2520547Z test app::tests::paged_preview::gui_preview_copy_layout_contains_only_body_and_color_toggle_preserves_text ... ok
2026-10-04T17:50:05.2620481Z test app::tests::paged_preview::gui_preview_navigation_keeps_one_worker_request_and_only_latest_pending_target ... ok
2026-10-04T17:50:05.2708737Z test app::tests::paged_preview::gui_preview_worker_disconnect_settles_latest_and_future_requests ... ok
2026-10-04T17:50:05.2736714Z test app::tests::paged_preview::preview_control_availability_is_shared_for_busy_eof_error_and_plain_text ... ok
2026-10-04T17:50:05.2902553Z test app::tests::paged_preview::preview_resident_budget_deduplicates_shared_documents_and_evicts_cold_tabs ... ok
2026-10-04T17:50:05.2999371Z test app::tests::paged_preview::preview_retirement_backpressure_keeps_ui_owned_documents ... ok
2026-10-04T17:50:07.6060708Z test app::tests::paged_preview::regression_preview_focus_exit_ctrl_g_repeats_do_not_clear_search ... ok
2026-10-04T17:50:08.4905699Z test app::tests::paged_preview::regression_preview_focus_exit_escape_repeats_do_not_clear_search ... ok
2026-10-04T17:50:09.2657837Z test app::tests::paged_preview::regression_preview_focus_exit_held_escape_does_not_refocus_behind_modal ... ok
2026-10-04T17:50:10.3072198Z test app::tests::paged_preview::regression_preview_focus_exit_primary_l_repeats_do_not_toggle_search ... ok
2026-10-04T17:50:12.3836993Z test app::tests::paged_preview::regression_preview_focus_exit_requires_fresh_press_and_emacs_enabled ... ok
2026-10-04T17:50:14.4012167Z test app::tests::paged_preview::regression_preview_focus_full_frames_blocks_history_modal_ime_and_missing_document ... ok
2026-10-04T17:50:14.8256152Z test app::tests::paged_preview::regression_preview_focus_full_frames_more_busy_emacs_and_pin ... ok
2026-10-04T17:50:15.3341857Z test app::tests::paged_preview::regression_preview_focus_full_frames_scroll_toggle_repeat_and_disabled_accept ... ok
2026-10-04T17:50:15.7952160Z test app::tests::paged_preview::regression_preview_focus_full_frames_toggle_color_and_return_preserve_selection ... ok
2026-10-04T17:50:16.2681072Z test app::tests::paged_preview::regression_preview_focus_normal_render_shows_focus_and_pointer_uses_same_command ... ok
2026-10-04T17:50:16.8369958Z test app::tests::paged_preview::regression_short_preview_keyboard_focus_reveals_selected_control ... ok
2026-10-04T17:50:17.9491652Z test app::tests::paged_preview::regression_short_preview_scroll_reaches_all_controls ... ok
2026-10-04T17:50:17.9757024Z test app::tests::paged_preview::repeated_more_across_tabs_while_reclaimer_is_full_keeps_one_parked_document ... ok
2026-10-04T17:50:18.0141531Z test app::tests::paged_preview::worker_input_capacity_participates_in_preview_admission_and_quiesces ... ok
2026-10-04T17:50:18.0212173Z test app::tests::pipeline_tests::has_inflight_for_tab_uses_request_tab_mapping ... ok
2026-10-04T17:50:18.0272295Z test app::tests::pipeline_tests::queued_request_for_tab_exists_is_false_when_queue_is_empty ... ok
2026-10-04T17:50:18.0327700Z test app::tests::pipeline_tests::queued_request_for_tab_exists_is_true_for_matching_tab ... ok
2026-10-04T17:50:18.0381576Z test app::tests::pipeline_tests::regression_ignore_list_is_applied_when_files_and_folders_are_both_enabled ... ok
2026-10-04T17:50:18.0459247Z test app::tests::pipeline_tests::regression_ignore_list_toggle_off_keeps_all_entries_visible ... ok
2026-10-04T17:50:18.0509504Z test app::tests::pipeline_tests::should_refresh_incremental_search_is_false_for_small_delta_while_indexing ... ok
2026-10-04T17:50:18.0572577Z test app::tests::pipeline_tests::should_refresh_incremental_search_is_false_when_delta_is_zero ... ok
2026-10-04T17:50:18.0656514Z test app::tests::pipeline_tests::should_refresh_incremental_search_is_true_for_large_delta_after_interval ... ok
2026-10-04T17:50:18.0709610Z test app::tests::pipeline_tests::superseded_queued_index_request_releases_its_route ... ok
2026-10-04T17:50:18.2588123Z test app::tests::pipeline_tests::tc_151_active_filter_continuation_follows_its_tab ... ok
2026-10-04T17:50:18.3222028Z test app::tests::pipeline_tests::tc_151_active_filter_disconnected_kind_worker_does_not_stall ... ok
2026-10-04T17:50:18.3334094Z test app::tests::pipeline_tests::tc_151_active_filter_full_retirement_retains_previous_owner ... ok
2026-10-04T17:50:18.3717541Z test app::tests::pipeline_tests::tc_151_active_filter_scratch_retires_off_ui_thread ... ok
2026-10-04T17:50:18.5998647Z test app::tests::pipeline_tests::tc_151_active_filter_supersession_never_publishes_partial_or_old_policy ... ok
2026-10-04T17:50:18.6596297Z test app::tests::pipeline_tests::tc_151_deferred_live_results_respect_current_sort_query_and_scope ... ok
2026-10-04T17:50:18.8694718Z test app::tests::pipeline_tests::tc_151_incremental_snapshot_copy_is_budgeted_and_ingestion_waits ... ok
2026-10-04T17:50:19.6551543Z test app::tests::pipeline_tests::tc_151_kind_batch_replays_completed_discovery_without_prefix_starvation ... ok
2026-10-04T17:50:19.9227134Z test app::tests::indexing_perf::harness::extensions::tc_229_all_tab_profile_controls_preserve_own_expected_state has been running for over 60 seconds
2026-10-04T17:50:19.9339035Z test app::tests::pipeline_tests::tc_151_large_active_filter_keeps_last_good_snapshot_and_bounds_unknown_queue ... ok
2026-10-04T17:50:19.9780680Z test app::tests::pipeline_tests::tc_152_startup_and_refresh_settle_filelist_source_and_entries_regression ... ok
2026-10-04T17:50:19.9843869Z test app::tests::pipeline_tests::tc_206_dequeued_worker_request_regression_cannot_recreate_mailbox_after_cleanup ... ok
2026-10-04T17:50:19.9995256Z test app::tests::pipeline_tests::tc_207_repeated_rapid_demote_keeps_request_owners_bounded_and_quiesces ... ok
2026-10-04T17:50:20.0061900Z test app::tests::pipeline_tests::tc_207_replaced_warm_request_is_explicitly_stale_until_cleanup ... ok
2026-10-04T17:50:20.1434964Z test app::tests::pipeline_tests::tc_207_superseded_warm_reactivation_rolls_back_until_reclaimer_capacity ... ok
2026-10-04T17:50:20.1579227Z test app::tests::preset_picker::adding_a_preset_starts_a_draft_from_the_current_pure_search_state ... ok
2026-10-04T17:50:20.2976120Z test app::tests::preset_picker::applying_preset_moves_query_cursor_to_end ... ok
2026-10-04T17:50:20.3089449Z test app::tests::preset_picker::ctrl_shift_p_opens_picker_without_changing_current_search ... ok
2026-10-04T17:50:20.3149753Z test app::tests::preset_picker::deleting_a_selected_preset_requires_confirmation_and_queues_atomic_remove ... ok
2026-10-04T17:50:20.3272766Z test app::tests::preset_picker::enter_applies_selected_pure_search_preset_without_executing_results ... ok
2026-10-04T17:50:20.3374740Z test app::tests::preset_picker::escape_discards_the_preset_draft_and_returns_to_the_picker ... ok
2026-10-04T17:50:20.3538417Z test app::tests::preset_picker::escape_unwinds_named_root_editor_then_manager_without_closing_the_picker ... ok
2026-10-04T17:50:20.3649989Z test app::tests::preset_picker::f2_opens_selected_preset_as_a_draft_without_applying_it ... ok
2026-10-04T17:50:20.3698634Z test app::tests::preset_picker::failed_preset_delete_response_keeps_confirmation_and_surfaces_the_error ... ok
2026-10-04T17:50:20.3751955Z test app::tests::preset_picker::failed_preset_edit_response_keeps_the_draft_for_correction ... ok
2026-10-04T17:50:20.3815161Z test app::tests::preset_picker::follow_links_preset_is_tab_local_and_new_tab_reindexes_defaults ... ok
2026-10-04T17:50:20.3953036Z test app::tests::preset_picker::gui_metadata_sort_preset_preserves_explicit_tab_scope ... ok
2026-10-04T17:50:20.4013464Z test app::tests::preset_picker::invalid_preset_draft_stays_local_and_does_not_start_the_worker ... ok
2026-10-04T17:50:20.4093639Z test app::tests::preset_picker::named_root_browse_supports_selection_cancel_and_local_error ... ok
2026-10-04T17:50:20.4147168Z test app::tests::preset_picker::named_root_manager_adds_an_absolute_root_without_changing_the_current_search ... ok
2026-10-04T17:50:20.4214139Z test app::tests::preset_picker::named_root_manager_edits_and_deletes_the_selected_root_through_catalog_requests ... ok
2026-10-04T17:50:20.4281394Z test app::tests::preset_picker::named_root_manager_rejects_relative_paths_without_starting_the_worker ... ok
2026-10-04T17:50:20.4487855Z test app::tests::preset_picker::open_picker_consumes_background_shortcuts_and_escape_preserves_search ... ok
2026-10-04T17:50:20.4544218Z test app::tests::preset_picker::picker_fuzzy_filters_names_and_resets_selection ... ok
2026-10-04T17:50:20.4611695Z test app::tests::preset_picker::preset_catalog_surfaces_hide_windows_verbatim_prefixes_from_existing_entries ... ok
2026-10-04T17:50:20.4689076Z test app::tests::preset_picker::preset_root_browse_updates_only_the_draft_and_uses_its_existing_parent ... ok
2026-10-04T17:50:20.6433642Z test app::tests::preset_picker::regression_disabled_emacs_setting_prevents_native_ctrl_k_in_preset_fields ... ok
2026-10-04T17:50:20.9088605Z test app::tests::preset_picker::regression_emacs_ctrl_a_and_ctrl_d_edit_the_preset_filter ... ok
2026-10-04T17:50:21.0807615Z test app::tests::preset_picker::regression_emacs_ctrl_e_and_ctrl_h_edit_preset_editor_fields ... ok
2026-10-04T17:50:21.2415800Z test app::tests::preset_picker::regression_emacs_ctrl_k_and_ctrl_y_share_the_kill_buffer_in_preset_fields ... ok
2026-10-04T17:50:21.2582097Z test app::tests::preset_picker::regression_emacs_navigation_and_accept_apply_to_the_preset_picker ... ok
2026-10-04T17:50:21.2744488Z test app::tests::preset_picker::regression_emacs_navigation_applies_to_the_named_root_manager ... ok
2026-10-04T17:50:21.2866927Z test app::tests::preset_picker::regression_emacs_preset_picker_shortcuts_respect_the_runtime_setting ... ok
2026-10-04T17:50:21.5006303Z test app::tests::preset_picker::regression_gui_list_preset_and_named_root_selection_scrolls_into_view ... ok
2026-10-04T17:50:21.6165712Z test app::tests::preset_picker::regression_macos_native_ctrl_b_and_ctrl_f_move_preset_filter_once ... ok
2026-10-04T17:50:21.6219566Z test app::tests::preset_picker::regression_same_root_preset_applies_filters_and_sort_before_fresh_search ... ok
2026-10-04T17:50:21.6266082Z test app::tests::preset_picker::regression_same_root_preset_disabling_ignore_restores_all_search_entries ... ok
2026-10-04T17:50:21.6319371Z test app::tests::preset_picker::saving_a_new_preset_draft_queues_an_atomic_add_without_applying_it ... ok
2026-10-04T17:50:21.6372011Z test app::tests::preset_picker::saving_a_preset_draft_queues_an_atomic_replace_without_applying_it ... ok
2026-10-04T17:50:21.6420785Z test app::tests::preset_picker::stale_catalog_response_cannot_replace_latest_picker_catalog ... ok
2026-10-04T17:50:21.6469799Z test app::tests::preset_picker::successful_named_root_rename_updates_an_open_preset_draft_reference ... ok
2026-10-04T17:50:21.6515988Z test app::tests::preset_picker::successful_preset_delete_response_updates_the_picker_without_changing_the_current_search ... ok
2026-10-04T17:50:21.6563150Z test app::tests::preset_picker::successful_preset_edit_response_returns_to_picker_and_selects_renamed_preset ... ok
2026-10-04T17:50:21.7070085Z test app::tests::preset_picker::tc_151_large_same_root_preset_keeps_sorted_last_good_rows_until_filter_finishes ... ok
2026-10-04T17:50:21.7125042Z test app::tests::preset_picker::tc_180_preset_max_depth_is_tab_local_persistent_and_new_tabs_start_unlimited ... ok
2026-10-04T17:50:21.7181256Z test app::tests::preset_picker::tc_180_unlimited_preset_restores_all_only_on_the_active_tab ... ok
2026-10-04T17:50:21.7231463Z test app::tests::query_history::create_new_tab_commits_dirty_query_before_copying_shared_history ... ok
2026-10-04T17:50:21.7330031Z test app::tests::query_history::ctrl_r_starts_history_search_with_recent_entries_first ... ok
2026-10-04T17:50:21.7379337Z test app::tests::query_history::query_history_commits_only_final_query_after_typing_burst ... ok
2026-10-04T17:50:21.7428388Z test app::tests::query_history::query_history_is_persisted_in_saved_tab_state ... ok
2026-10-04T17:50:22.2993315Z test app::tests::query_history::query_history_is_saved_and_loaded_via_ui_state ... ok
2026-10-04T17:50:22.3086198Z test app::tests::query_history::query_history_is_shared_across_tabs ... ok
2026-10-04T17:50:22.3228489Z test app::tests::query_history::query_history_keeps_only_the_latest_hundred_entries ... ok
2026-10-04T17:50:23.4813225Z test app::tests::query_history::query_history_persist_can_be_disabled_via_env ... ok
2026-10-04T17:50:23.4909497Z test app::tests::query_history::query_history_skips_empty_and_moves_exact_duplicates_to_the_back ... ok
2026-10-04T17:50:23.4963737Z test app::tests::query_history::query_history_skips_ime_intermediate_text_until_composition_ends ... ok
2026-10-04T17:50:23.5022162Z test app::tests::query_history::root_change_resets_query_history_navigation_state ... ok
2026-10-04T17:50:23.5068935Z test app::tests::query_history::tc_209_history_boundary_attempt_is_not_meaningful_interaction_regression ... ok
2026-10-04T17:50:23.5110991Z test app::tests::query_history::tc_209_same_history_row_click_is_not_meaningful_interaction_regression ... ok
2026-10-04T17:50:23.6075468Z test app::tests::render_tests::disabled_emacs_keybindings_prevent_textedit_ctrl_k_from_editing_query ... ok
2026-10-04T17:50:23.6191057Z test app::tests::render_tests::dispatch_render_commands_consumes_filelist_dialog_queue ... ok
2026-10-04T17:50:23.6398989Z test app::tests::render_tests::dispatch_render_commands_consumes_root_list_cancel_queue ... ok
2026-10-04T17:50:23.6456757Z test app::tests::render_tests::dispatch_render_commands_consumes_tab_bar_close_queue ... ok
2026-10-04T17:50:23.6512959Z test app::tests::render_tests::dispatch_render_commands_consumes_tab_bar_move_queue ... ok
2026-10-04T17:50:23.6563282Z test app::tests::render_tests::dispatch_render_commands_consumes_top_action_queue ... ok
2026-10-04T17:50:23.6637685Z test app::tests::render_tests::dispatch_render_commands_consumes_update_dialog_queue ... ok
2026-10-04T17:50:23.6692467Z test app::tests::render_tests::dispatch_render_commands_opens_and_closes_help ... ok
2026-10-04T17:50:23.6741870Z test app::tests::render_tests::dispatch_render_commands_opens_preset_picker_from_top_action ... ok
2026-10-04T17:50:23.6744808Z test app::tests::render_tests::filelist_dialog_command_selection_preserves_button_precedence ... ok
2026-10-04T17:50:23.6747393Z test app::tests::render_tests::filelist_dialog_copy_uses_english_application_copy ... ok
2026-10-04T17:50:23.6750144Z test app::tests::render_tests::filelist_use_walker_dialog_lines_are_stable ... ok
2026-10-04T17:50:23.6805131Z test app::tests::render_tests::follow_links_gui_surface_snapshot_exposes_active_tab_setting ... ok
2026-10-04T17:50:23.7067738Z test app::tests::render_tests::gui_surface_snapshot_covers_query_results_filters_and_tabs ... ok
2026-10-04T17:50:23.7121788Z test app::tests::render_tests::gui_surface_snapshot_exposes_contextual_help_dialog ... ok
2026-10-04T17:50:23.8528222Z test app::tests::render_tests::gui_surface_snapshot_exposes_named_root_manager_and_editor ... ok
2026-10-04T17:50:23.8582851Z test app::tests::render_tests::gui_surface_snapshot_exposes_only_the_preset_launcher_until_picker_opens ... ok
2026-10-04T17:50:23.8677258Z test app::tests::render_tests::gui_surface_snapshot_exposes_preset_add_and_delete_confirmation_states ... ok
2026-10-04T17:50:24.0639588Z test app::tests::render_tests::gui_surface_snapshot_exposes_preset_editor_as_contextual_picker_state ... ok
2026-10-04T17:50:24.0702745Z test app::tests::render_tests::gui_surface_snapshot_exposes_preset_picker_only_while_open ... ok
2026-10-04T17:50:24.0757893Z test app::tests::render_tests::gui_surface_snapshot_for_dialog_state_is_stable ... ok
2026-10-04T17:50:24.0829587Z test app::tests::render_tests::gui_surface_snapshot_for_idle_app_is_stable ... ok
2026-10-04T17:50:24.0833602Z test app::tests::render_tests::manage_root_list_action_button_rects_share_same_axis ... ok
2026-10-04T17:50:24.0837639Z test app::tests::render_tests::preset_picker_layout_uses_responsive_width_and_separate_management_copy ... ok
2026-10-04T17:50:24.0841713Z test app::tests::render_tests::preset_picker_option_labels_cover_every_persisted_variant ... ok
2026-10-04T17:50:24.0846859Z test app::tests::render_tests::preset_top_action_maps_to_the_existing_picker_command ... ok
2026-10-04T17:50:24.0851047Z test app::tests::render_tests::preview_uses_proportional_text_style_for_cjk_baseline ... ok
2026-10-04T17:50:24.0857741Z test app::tests::render_tests::query_search_hints_tooltip_uses_english_application_copy ... ok
2026-10-04T17:50:24.2268709Z test app::tests::render_tests::regression_gui_list_history_selection_scrolls_and_manual_offset_is_preserved ... ok
2026-10-04T17:50:24.4065077Z test app::tests::render_tests::regression_long_root_text_does_not_cover_controls_at_minimum_width ... ok
2026-10-04T17:50:24.4074359Z test app::tests::render_tests::regression_modal_singleline_fields_cannot_bypass_the_shared_emacs_adapter ... ok
2026-10-04T17:50:25.7280807Z test app::tests::indexing_perf::harness::extensions::tc_229_real_worker_extended_profiles_smoke has been running for over 60 seconds
2026-10-04T17:50:29.4843711Z test app::tests::render_tests::regression_narrow_results_header_and_rows_stay_inside_client_area ... ok
2026-10-04T17:50:29.6784314Z test app::tests::render_tests::regression_opted_in_ctrl_w_deletes_history_filter_word_without_closing_tab ... ok
2026-10-04T17:50:29.9279847Z test app::tests::render_tests::regression_opted_in_ctrl_w_deletes_query_word_without_closing_tab ... ok
2026-10-04T17:50:30.1116543Z test app::tests::render_tests::regression_opted_in_ctrl_w_during_ime_changes_neither_query_nor_tabs ... ok
2026-10-04T17:50:31.3579680Z test app::tests::render_tests::regression_results_cursor_clamps_at_list_ends_after_offscreen_jump ... ok
2026-10-04T17:50:34.1661323Z test app::tests::render_tests::regression_results_cursor_preserves_partial_scroll_after_resize ... ok
2026-10-04T17:50:40.9126425Z test app::tests::indexing_perf::tc_228_real_worker_headless_refresh_preserves_snapshot_and_query has been running for over 60 seconds
2026-10-04T17:50:43.6922209Z test app::tests::render_tests::regression_results_cursor_round_trip_tracks_both_viewport_edges ... ok
2026-10-04T17:50:43.8234486Z test app::tests::render_tests::regression_single_step_selection_does_not_pin_current_row_to_viewport_top ... ok
2026-10-04T17:50:43.9959189Z test app::tests::render_tests::regression_update_check_failure_blocks_background_selection_shortcuts ... ok
2026-10-04T17:50:44.1270208Z test app::tests::render_tests::regression_update_check_failure_blocks_text_input_to_query ... ok
2026-10-04T17:50:44.4352632Z test app::tests::render_tests::regression_update_check_failure_enter_closes_without_executing_selection ... ok
2026-10-04T17:50:44.6081429Z test app::tests::render_tests::regression_update_check_failure_escape_closes_without_clearing_query ... ok
2026-10-04T17:50:44.8350015Z test app::tests::render_tests::regression_update_install_failure_owns_shortcuts_and_closes_without_background_action ... ok
2026-10-04T17:50:45.9930499Z test app::tests::render_tests::render_panels_and_dialogs_execute_in_headless_frame ... ok
2026-10-04T17:50:45.9936251Z test app::tests::render_tests::render_theme_entry_kind_colors_preserve_rgb_contract ... ok
2026-10-04T17:50:45.9942357Z test app::tests::render_tests::render_theme_highlight_color_preserves_rgb_contract ... ok
2026-10-04T17:50:45.9947548Z test app::tests::render_tests::render_theme_selected_fill_preserves_light_and_dark_rgb_contract ... ok
2026-10-04T17:50:45.9953106Z test app::tests::render_tests::result_row_text_pos_is_left_aligned_and_vertically_centered ... ok
2026-10-04T17:50:46.1958625Z test app::tests::render_tests::results_renderer_processes_only_visible_rows_regression ... ok
2026-10-04T17:50:46.1960586Z test app::tests::render_tests::results_scroll_enabled_is_false_when_preview_resize_is_active ... ok
2026-10-04T17:50:46.1962997Z test app::tests::render_tests::results_scroll_enabled_is_true_when_preview_resize_is_inactive ... ok
2026-10-04T17:50:46.1966366Z test app::tests::render_tests::root_list_control_state_gates_mode_actions_and_pending_commit ... ok
2026-10-04T17:50:46.3248091Z test app::tests::render_tests::root_list_native_viewport_close_cancels_without_committing_draft ... ok
2026-10-04T17:50:46.3249850Z test app::tests::render_tests::root_list_render_actions_map_every_ui_intent_to_one_command ... ok
2026-10-04T17:50:46.4655683Z test app::tests::render_tests::run_ui_frame_executes_render_facade_in_headless_frame ... ok
2026-10-04T17:50:46.4779103Z test app::tests::render_tests::selectable_row_uses_full_available_width ... ok
2026-10-04T17:50:46.4782173Z test app::tests::render_tests::tab_close_button_hover_visuals_make_close_hit_area_visible ... ok
2026-10-04T17:50:46.4784453Z test app::tests::render_tests::tab_drop_index_chooses_first_tab_before_first_center ... ok
2026-10-04T17:50:46.4787309Z test app::tests::render_tests::tab_drop_index_chooses_middle_tab_when_pointer_is_between_centers ... ok
2026-10-04T17:50:46.4789508Z test app::tests::render_tests::tab_drop_index_returns_last_tab_after_all_centers ... ok
2026-10-04T17:50:46.4792291Z test app::tests::render_tests::tab_drop_index_returns_none_for_empty_tabs ... ok
2026-10-04T17:50:47.1322709Z test app::tests::render_tests::tc189_previous_update_failure_enter_closes_without_executing_selection ... ok
2026-10-04T17:50:47.1381472Z test app::tests::render_tests::tc202_regression_gui_renderers_never_use_raw_os_path_strings ... ok
2026-10-04T17:50:47.2736732Z test app::tests::render_tests::tc_110_ignore_list_checkbox_click_requests_refresh_without_replacing_visible_snapshot ... ok
2026-10-04T17:50:47.2814049Z test app::tests::render_tests::tc_180_gui_surface_snapshot_exposes_active_tab_max_depth ... ok
2026-10-04T17:50:47.2818735Z test app::tests::render_tests::tc_180_unlimited_toggle_restores_all_and_reenables_at_depth_one ... ok
2026-10-04T17:50:47.2895391Z test app::tests::render_tests::tc_200_gui_surface_snapshot_exposes_install_failure_recovery ... ok
2026-10-04T17:50:47.3012269Z test app::tests::render_tests::tc_208_pending_index_finish_requests_next_frame_within_16ms ... ok
2026-10-04T17:50:47.3094092Z test app::tests::render_tests::top_action_labels_show_default_create_label_when_idle ... ok
2026-10-04T17:50:47.3168062Z test app::tests::render_tests::top_action_labels_show_history_actions_while_history_search_is_active ... ok
2026-10-04T17:50:47.3220069Z test app::tests::render_tests::top_action_labels_show_running_create_label_when_filelist_is_in_progress ... ok
2026-10-04T17:50:47.3222667Z test app::tests::render_tests::top_panel_checkbox_icon_and_label_share_center_axis ... ok
2026-10-04T17:50:47.3225359Z test app::tests::render_tests::update_dialog_command_selection_preserves_skip_and_suppress_state ... ok
2026-10-04T17:50:47.4750930Z test app::tests::result_parity::active_and_background_search_publication_follow_the_same_contract ... ok
2026-10-04T17:50:48.3322406Z test app::tests::root_list_manager::manage_root_list_add_invalid_path_uses_field_error_and_refocuses_input ... ok
2026-10-04T17:50:49.6421906Z test app::tests::root_list_manager::manage_root_list_apply_commits_added_and_removed_roots ... ok
2026-10-04T17:50:49.7096380Z test app::tests::root_list_manager::manage_root_list_cancel_discards_draft_changes ... ok
2026-10-04T17:50:53.3367164Z test app::tests::root_list_manager::manage_root_list_does_not_switch_away_from_dirty_edit ... ok
2026-10-04T17:50:53.5088632Z test app::tests::root_list_manager::manage_root_list_edit_rejects_duplicate_and_keeps_editor_open ... ok
2026-10-04T17:50:53.5867373Z test app::tests::root_list_manager::manage_root_list_edit_replaces_selected_draft_root_only ... ok
2026-10-04T17:50:53.6976120Z test app::tests::root_list_manager::manage_root_list_edit_requests_focus_and_select_all ... ok
2026-10-04T17:50:53.8685231Z test app::tests::root_list_manager::manage_root_list_editing_default_root_follows_replacement_on_apply ... ok
2026-10-04T17:50:53.8765857Z test app::tests::root_list_manager::manage_root_list_input_change_clears_only_its_field_error ... ok
2026-10-04T17:50:54.0481322Z test app::tests::root_list_manager::manage_root_list_ok_applies_and_closes ... ok
2026-10-04T17:50:54.1334486Z test app::tests::root_list_manager::manage_root_list_remove_mode_is_explicit_and_cancelable ... ok
2026-10-04T17:50:54.3104853Z test app::tests::root_list_manager::manage_root_list_removing_default_root_clears_default_on_apply ... ok
2026-10-04T17:50:54.3900048Z test app::tests::root_list_manager::manage_root_list_selecting_another_root_cancels_clean_edit ... ok
2026-10-04T17:50:59.9208464Z test app::tests::root_list_manager::manage_root_list_switching_to_another_root_can_start_editing_it ... ok
2026-10-04T17:50:59.9232128Z test app::tests::root_list_manager::manage_root_list_uses_os_position_when_parent_geometry_is_unavailable ... ok
2026-10-04T17:50:59.9250348Z test app::tests::root_list_manager::manage_root_list_uses_stable_native_viewport_contract ... ok
2026-10-04T17:50:59.9371884Z test app::tests::indexing_perf::tc_228_real_worker_headless_refresh_preserves_snapshot_and_query ... ok
2026-10-04T17:50:59.9446074Z test app::tests::root_list_manager::tc192_input_change_invalidates_pending_root_validation ... ok
2026-10-04T17:50:59.9530206Z test app::tests::root_list_manager::tc192_root_validation_disconnect_clears_pending_state ... ok
2026-10-04T17:50:59.9593052Z test app::tests::root_list_manager::tc192_stale_root_validation_response_cannot_mutate_reopened_dialog ... ok
2026-10-04T17:50:59.9735083Z test app::tests::root_list_manager::tc_167_pending_root_commit_rejects_draft_mutation_until_apply_or_ok_settles ... ok
2026-10-04T17:50:59.9847306Z test app::tests::root_list_manager::tc_167_saved_root_failure_keeps_live_and_draft_state_for_retry ... ok
2026-10-04T17:51:00.0198897Z test app::tests::root_list_manager::tc192_apply_and_ok_wait_for_pending_root_validation ... ok
2026-10-04T17:51:00.0980535Z test app::tests::root_list_manager::tc_168_ui_state_autosave_waits_for_observed_settings_commit ... ok
2026-10-04T17:51:00.2186488Z test app::tests::search_failure::search_failure_does_not_dispatch_more_work_to_an_unavailable_worker ... ok
2026-10-04T17:51:00.5807865Z test app::tests::search_failure::search_failure_drains_completed_response_before_disconnection ... ok
2026-10-04T17:51:00.6032441Z test app::tests::search_failure::search_failure_disconnect_settles_all_tabs_and_preserves_last_good ... ok
2026-10-04T17:51:00.6036174Z test app::tests::session_restore::choose_startup_root_keeps_missing_saved_roots_lazy ... ok
2026-10-04T17:51:00.6039081Z test app::tests::session_restore::choose_startup_root_prefers_default_root_when_restore_tabs_is_disabled ... ok
2026-10-04T17:51:00.6041842Z test app::tests::session_restore::choose_startup_root_prefers_last_root_over_default_root ... ok
2026-10-04T17:51:00.6044299Z test app::tests::session_restore::choose_startup_root_prefers_restored_tab_over_last_root ... ok
2026-10-04T17:51:00.6189024Z test app::tests::session_restore::background_tab_activation_consumes_dormant_lifecycle_once ... ok
2026-10-04T17:51:00.6190529Z test app::tests::session_restore::close_tab_triggers_dormant_survivor_refresh ... ok
2026-10-04T17:51:00.6195892Z test app::tests::session_restore::explicit_query_or_depth_suppresses_session_and_restores_default_root_precedence ... ok
2026-10-04T17:51:00.6197247Z test app::tests::session_restore::follow_links_saved_tabs_default_false_and_round_trip ... ok
2026-10-04T17:51:00.6305722Z test app::tests::session_restore::initialize_tabs_from_saved_keeps_current_row_empty_until_results_exist_regression ... ok
2026-10-04T17:51:00.6307479Z test app::tests::session_restore::initialize_tabs_from_saved_restores_active_tab_and_defers_background_refresh ... ok
2026-10-04T17:51:00.6445732Z test app::tests::session_restore::restored_tab_activation_prioritizes_active_batch_over_background_backlog_regression ... ok
2026-10-04T17:51:00.6549437Z test app::tests::session_restore::restoring_closed_startup_restored_background_tab_triggers_lazy_refresh ... ok
2026-10-04T17:51:00.6574615Z test app::tests::session_restore::sanitize_saved_tabs_keeps_missing_roots_lazy_and_clamps_active_tab ... ok
2026-10-04T17:51:00.6753260Z test app::tests::session_restore::restored_tab_lazy_refresh_starts_for_query_and_source_matrix ... ok
2026-10-04T17:51:00.6802387Z test app::tests::session_restore::set_as_default_is_disabled_while_restore_tabs_config_is_enabled ... ok
2026-10-04T17:51:00.7438478Z test app::tests::session_restore::save_ui_state_uses_default_root_as_last_root_when_restore_tabs_is_disabled ... ok
2026-10-04T17:51:00.7581913Z test app::tests::session_restore::switching_to_restored_background_tab_triggers_lazy_refresh ... ok
2026-10-04T17:51:00.8231972Z test app::tests::session_restore::set_as_default_is_enabled_when_restore_tabs_config_is_disabled ... ok
2026-10-04T17:51:00.8739945Z test app::tests::session_restore::test_settings_paths_are_isolated_before_parallel_app_construction ... ok
2026-10-04T17:51:00.9573713Z test app::tests::settings_dialog::gui_settings_cancel_loading_ignores_delayed_response ... ok
2026-10-04T17:51:01.0977832Z test app::tests::settings_dialog::gui_settings_draft_saves_for_next_launch_without_changing_current_session ... ok
2026-10-04T17:51:01.1975220Z test app::tests::settings_dialog::gui_filelist_auto_check_checkbox_persists_opt_out_for_next_launch ... ok
2026-10-04T17:51:01.2257465Z test app::tests::settings_dialog::gui_settings_external_edit_keeps_draft_and_external_bytes ... ok
2026-10-04T17:51:01.2734561Z test app::tests::settings_dialog::gui_settings_failed_reload_keeps_dirty_draft ... ok
2026-10-04T17:51:01.3374615Z test app::tests::settings_dialog::gui_settings_invalid_limit_and_cancel_do_not_write ... ok
2026-10-04T17:51:01.3983892Z test app::tests::settings_dialog::gui_settings_json_open_uses_existing_service_without_discarding_draft ... ok
2026-10-04T17:51:01.6691068Z test app::tests::settings_dialog::gui_settings_limit_uses_runtime_emacs_shortcuts_and_shared_kill_buffer ... ok
2026-10-04T17:51:01.6984319Z test app::tests::settings_dialog::gui_settings_modal_blocks_background_tab_close_shortcut ... ok
2026-10-04T17:51:01.7490633Z test app::tests::settings_dialog::gui_settings_reload_requires_explicit_discard_of_changed_draft ... ok
2026-10-04T17:51:02.3355842Z test app::tests::settings_dialog::tc_216_gui_history_checkbox_inverts_persist_disabled ... ok
2026-10-04T17:51:02.4336878Z test app::tests::settings_dialog::tc_216_gui_settings_rejects_every_invalid_limit_boundary_without_writing ... ok
2026-10-04T17:51:02.6072715Z test app::tests::settings_dialog::tc_216_gui_settings_seven_fields_round_trip_to_next_launch ... ok
2026-10-04T17:51:02.6214646Z test app::tests::shortcut_action::copy_event_without_shift_does_not_trigger_path_copy_shortcut ... ok
2026-10-04T17:51:02.6462931Z test app::tests::shortcut_action::ctrl_j_and_ctrl_m_do_not_execute_when_emacs_keybindings_are_disabled ... ok
2026-10-04T17:51:02.6596737Z test app::tests::shortcut_action::ctrl_o_browse_uses_existing_parent_when_current_root_is_missing ... ok
2026-10-04T17:51:02.6732639Z test app::tests::shortcut_action::ctrl_o_browses_and_changes_root ... ok
2026-10-04T17:51:02.6967915Z test app::tests::shortcut_action::ctrl_shift_c_is_deferred_and_copies_selected_path_even_when_query_is_focused ... ok
2026-10-04T17:51:02.7128449Z test app::tests::shortcut_action::ctrl_shift_o_browse_falls_back_when_current_root_is_missing ... ok
2026-10-04T17:51:02.7246621Z test app::tests::shortcut_action::ctrl_shift_o_browses_in_new_tab ... ok
2026-10-04T17:51:02.7345675Z test app::tests::shortcut_action::deferred_copy_shortcut_copies_selected_path_even_with_query_text ... ok
2026-10-04T17:51:02.7547257Z test app::tests::shortcut_action::regression_ctrl_j_and_ctrl_m_execute_even_when_query_focused ... ok
2026-10-04T17:51:02.7719509Z test app::tests::shortcut_action::regression_ctrl_shift_c_copy_event_copies_selected_path_even_when_query_is_focused ... ok
2026-10-04T17:51:02.8195207Z test app::tests::shortcut_action::regression_enter_executes_regardless_of_query_focus ... ok
2026-10-04T17:51:02.8599395Z test app::tests::shortcut_action::regression_shift_enter_opens_containing_folder_regardless_of_query_focus ... ok
2026-10-04T17:51:02.8771474Z test app::tests::shortcut_help::f1_opens_help_and_escape_closes_it ... ok
2026-10-04T17:51:02.8783524Z test app::tests::shortcut_help::gui_help_lines_follow_platform_and_emacs_settings ... ok
2026-10-04T17:51:02.8947922Z test app::tests::shortcut_help::open_help_consumes_background_copy_shortcut ... ok
2026-10-04T17:51:02.9179051Z test app::tests::shortcut_help::regression_emacs_cancel_closes_help_only_when_enabled ... ok
2026-10-04T17:51:02.9351043Z test app::tests::shortcut_navigation::ctrl_g_clears_query_and_resets_selection_even_when_query_is_focused ... ok
2026-10-04T17:51:02.9417409Z test app::tests::shortcut_navigation::ctrl_h_deletes_only_one_char_when_widget_did_not_change_text ... ok
2026-10-04T17:51:02.9498953Z test app::tests::shortcut_navigation::ctrl_h_does_not_delete_twice_when_widget_already_changed_text ... ok
2026-10-04T17:51:02.9691491Z test app::tests::shortcut_navigation::ctrl_n_and_ctrl_p_do_not_move_selection_when_emacs_keybindings_are_disabled ... ok
2026-10-04T17:51:02.9865327Z test app::tests::shortcut_navigation::ctrl_n_and_ctrl_p_move_selection_even_when_query_is_focused ... ok
2026-10-04T17:51:03.0121367Z test app::tests::shortcut_navigation::ctrl_v_and_alt_v_do_not_page_move_when_emacs_keybindings_are_disabled ... ok
2026-10-04T17:51:03.0353515Z test app::tests::shortcut_navigation::ctrl_v_and_alt_v_page_move_when_query_not_focused ... ok
2026-10-04T17:51:03.0499460Z test app::tests::shortcut_navigation::ctrl_v_paste_event_does_not_page_move_when_emacs_keybindings_are_disabled ... ok
2026-10-04T17:51:03.0645818Z test app::tests::shortcut_navigation::ctrl_v_paste_event_pages_down_only_when_query_not_focused ... ok
2026-10-04T17:51:03.1019873Z test app::tests::shortcut_navigation::escape_clears_query_and_resets_selection_even_when_query_is_focused ... ok
2026-10-04T17:51:03.1190676Z test app::tests::settings_dialog::regression_narrow_settings_title_and_footer_stay_inside_client_area ... ok
2026-10-04T17:51:03.1381327Z test app::tests::shortcut_navigation::home_and_end_move_selection_when_query_not_focused ... ok
2026-10-04T17:51:03.1384041Z test app::tests::shortcut_navigation::move_page_moves_by_fixed_rows_and_clamps ... ok
2026-10-04T17:51:03.1390553Z test app::tests::shortcut_navigation::normalize_singleline_input_removes_formatting_chars_and_leading_tabs ... ok
2026-10-04T17:51:03.1619818Z test app::tests::shortcut_navigation::page_up_down_move_selection_when_query_not_focused ... ok
2026-10-04T17:51:03.1747716Z test app::tests::shortcut_navigation::regression_arrow_keys_move_selection_even_when_query_focused ... ok
2026-10-04T17:51:03.1887178Z test app::tests::shortcut_navigation::regression_gui_sort_escape_resets_only_changed_query ... ok
2026-10-04T17:51:03.2012955Z test app::tests::shortcut_pin_focus::regression_ctrl_i_toggles_pin_regardless_of_query_focus ... ok
2026-10-04T17:51:03.7402109Z test app::tests::shortcut_pin_focus::regression_tab_keeps_query_focus_when_query_is_active ... ok
2026-10-04T17:51:03.7403705Z test app::tests::shortcut_pin_focus::regression_primary_l_toggles_query_focus_through_full_frames ... ok
2026-10-04T17:51:03.7824708Z test app::tests::shortcut_pin_focus::regression_tab_shortcut_clears_focus_traversal_target ... ok
2026-10-04T17:51:03.7891089Z test app::tests::shortcut_pin_focus::tab_can_toggle_pin_and_move_to_next_row_when_configured ... ok
2026-10-04T17:51:03.8039558Z test app::tests::shortcut_pin_focus::tab_toggles_pin_without_moving_current_row_when_query_focused ... ok
2026-10-04T17:51:03.8151387Z test app::tests::shortcut_pin_focus::tab_toggles_pin_without_moving_current_row_when_query_not_focused ... ok
2026-10-04T17:51:03.8191343Z test app::tests::shortcut_root_history::ctrl_shift_r_opens_root_dropdown_without_starting_history_search ... ok
2026-10-04T17:51:03.8444245Z test app::tests::shortcut_root_history::history_search_ctrl_j_and_ctrl_m_accept_selected_query ... ok
2026-10-04T17:51:03.8595882Z test app::tests::shortcut_root_history::history_search_enter_accepts_selected_query ... ok
2026-10-04T17:51:03.8842753Z test app::tests::shortcut_root_history::history_search_escape_and_ctrl_g_cancel_and_restore_original_query ... ok
2026-10-04T17:51:04.0733373Z test app::tests::shortcut_root_history::regression_emacs_text_editing_applies_to_the_gui_history_filter ... ok
2026-10-04T17:51:04.0975619Z test app::tests::shortcut_root_history::regression_gui_sort_history_replacement_resets_only_changed_query ... ok
2026-10-04T17:51:04.1139852Z test app::tests::shortcut_root_history::root_dropdown_ctrl_g_closes_without_clearing_query ... ok
2026-10-04T17:51:04.1657070Z test app::tests::shortcut_root_history::history_programmatic_accept_and_cancel_move_text_cursor_to_query_end_regression ... ok
2026-10-04T17:51:04.1809673Z test app::tests::shortcut_root_history::root_dropdown_ctrl_j_and_ctrl_m_accept_selection ... ok
2026-10-04T17:51:04.1810836Z test app::tests::shortcut_root_history::root_dropdown_ctrl_n_and_ctrl_p_move_selection ... ok
2026-10-04T17:51:04.1815982Z test app::tests::shutdown::process_shutdown_flag_can_be_set_and_cleared ... ok
2026-10-04T17:51:04.1817077Z test app::tests::shutdown::regression_gui_close_uses_short_worker_join_timeout_budget ... ok
2026-10-04T17:51:04.1939177Z test app::tests::shutdown::tc_153_runtime_registers_direct_bounded_worker_handles ... ok
2026-10-04T17:51:04.1945000Z test app::tests::shutdown::tc_207_shutdown_drain_owns_mailbox_replace_all_and_stale_reclaim_debts ... ok
2026-10-04T17:51:04.2040044Z test app::tests::shutdown::tc_207_shutdown_drops_tab_snapshots_on_the_registered_drain_worker ... ok
2026-10-04T17:51:04.2157435Z test app::tests::shutdown::worker_runtime_join_all_with_timeout_returns_early_on_timeout ... ok
2026-10-04T17:51:04.2166452Z test app::tests::shutdown::worker_runtime_join_all_with_timeout_returns_joined_when_workers_finish ... ok
2026-10-04T17:51:04.2872986Z test app::tests::shutdown::tc_207_shutdown_drain_owns_unfinished_and_scratch_pending_finalizers ... ok
2026-10-04T17:51:04.2878642Z test app::tests::shutdown::worker_runtime_reports_named_panic_separately_from_timeout ... ok
2026-10-04T17:51:04.2889495Z test app::tests::stateful_endurance::events::tests::tc_181_generator_covers_representative_worker_outcomes ... ok
2026-10-04T17:51:04.2893525Z test app::tests::stateful_endurance::events::tests::tc_181_generator_replays_the_same_seed ... ok
2026-10-04T17:51:04.3308260Z test app::tests::stateful_endurance::harness::tests::tc_183_deferred_index_responses_keep_exact_owner_after_selection ... ok
2026-10-04T17:51:04.3728919Z test app::tests::stateful_endurance::harness::tests::tc_183_pending_activation_retry_owns_only_current_and_target ... ok
2026-10-04T17:51:04.4166367Z test app::tests::stateful_endurance::harness::tests::tc_183_pending_background_finish_keeps_only_its_exact_owner ... ok
2026-10-04T17:51:04.4169541Z test app::tests::stateful_endurance::harness::tests::tc_184_downstream_owner_uses_request_identity_when_tab_is_already_routed ... ok
2026-10-04T17:51:04.4172453Z test app::tests::stateful_endurance::harness::tests::tc_184_empty_notice_to_finalization_requires_exact_pending_phase ... ok
2026-10-04T17:51:04.4175165Z test app::tests::stateful_endurance::harness::tests::tc_184_queue_drop_notice_is_expected_scheduler_side_effect ... ok
2026-10-04T17:51:04.4178074Z test app::tests::stateful_endurance::harness::tests::tc_184_reclaimer_phase_notice_transition_requires_known_pending_phases ... ok
2026-10-04T17:51:04.4180777Z test app::tests::stateful_endurance::harness::tests::tc_184_reclaimer_wait_notice_requires_matching_pending_transition ... ok
2026-10-04T17:51:04.4184036Z test app::tests::stateful_endurance::harness::tests::tc_184_response_owner_includes_only_the_exact_newly_evicted_tab ... ok
2026-10-04T17:51:04.4187049Z test app::tests::stateful_endurance::harness::tests::tc_184_response_owner_is_exact_and_cross_owner_mutation_is_rejected_regression ... ok
2026-10-04T17:51:04.4189485Z test app::tests::stateful_endurance::harness::tests::tc_184_unrelated_notice_change_is_not_ignored ... ok
2026-10-04T17:51:04.4192171Z test app::tests::stateful_endurance::harness::tests::tc_184_unrelated_reclaimer_wait_notice_is_not_ignored_regression ... ok
2026-10-04T17:51:04.4196208Z test app::tests::stateful_endurance::invariants::tests::tc_181_invariant_checker_rejects_corrupt_snapshots ... ok
2026-10-04T17:51:04.4197670Z test app::tests::stateful_endurance::stateful_endurance_replay ... ignored, single-seed replay entrypoint; set FLISTWALKER_ENDURANCE_SEED
2026-10-04T17:51:04.4647874Z test app::tests::stateful_endurance::tc_182_curated_state_sequence_preserves_app_invariants ... ok
2026-10-04T17:51:04.5095676Z test app::tests::stateful_endurance::tc_183_interleaved_worker_failures_converge ... ok
2026-10-04T17:51:04.7308009Z test app::tests::shutdown::worker_runtime_keeps_panic_and_unfinished_worker_outcomes_distinct ... ok
2026-10-04T17:51:05.2919213Z test app::tests::stateful_endurance::tc_184_restored_preview_kind_resolution_survives_index_refresh ... ok
2026-10-04T17:51:05.2922407Z test app::tests::stateful_endurance::tc_184_stateful_endurance_extended ... ignored, extended deterministic endurance profile; run explicitly
2026-10-04T17:51:05.2931759Z test app::tests::stateful_endurance::tc_184_stateful_endurance_real_worker_soak ... ignored, real-worker soak profile; run explicitly
2026-10-04T17:51:05.3093520Z test app::tests::tab_background_responses::active_index_handoff_preserves_pending_and_background_batches ... ok
2026-10-04T17:51:05.3251261Z test app::tests::tab_background_responses::active_index_progress_before_tab_switch_is_preserved_on_background_finish ... ok
2026-10-04T17:51:05.3400243Z test app::tests::tab_background_responses::background_empty_query_index_finish_updates_total_match_count ... ok
2026-10-04T17:51:05.3526952Z test app::tests::tab_background_responses::background_none_to_some_selection_rejects_late_preview_and_reloads_regression ... ok
2026-10-04T17:51:05.3634422Z test app::tests::tab_background_responses::background_replace_all_after_active_handoff_discards_prior_partial_index ... ok
2026-10-04T17:51:05.3791631Z test app::tests::tab_background_responses::background_search_selection_change_invalidates_old_preview_and_reloads_on_activation_regression ... ok
2026-10-04T17:51:05.3855804Z test app::tests::tab_background_responses::background_sort_reorder_invalidates_old_preview_request_regression ... ok
2026-10-04T17:51:05.3979464Z test app::tests::tab_background_responses::background_tab_index_batches_do_not_override_active_tab_entries ... ok
2026-10-04T17:51:05.4103705Z test app::tests::tab_background_responses::background_tab_search_and_index_responses_do_not_override_active_results ... ok
2026-10-04T17:51:05.4195758Z test app::tests::tab_background_responses::background_tab_search_and_preview_responses_are_retained ... ok
2026-10-04T17:51:05.4319623Z test app::tests::tab_background_responses::background_tab_switch_does_not_stop_indexing_progress ... ok
2026-10-04T17:51:05.4384431Z test app::tests::tab_background_responses::background_walker_truncated_notice_points_to_config_file_setting ... ok
2026-10-04T17:51:05.4480952Z test app::tests::tab_background_responses::canceled_background_preview_settles_and_reloads_on_activation ... ok
2026-10-04T17:51:05.4609073Z test app::tests::tab_background_responses::sizedesc_inactive_completed_preview_roundtrips_via_explicit_reload_regression ... ok
2026-10-04T17:51:05.4681527Z test app::tests::tab_background_responses::tab_activation_without_background_selection_change_does_not_request_preview_regression ... ok
2026-10-04T17:51:05.4752905Z test app::tests::tab_background_responses::tc_110_background_empty_all_matches_metadata_worker_failure_keeps_last_good ... ok
2026-10-04T17:51:05.4823057Z test app::tests::tab_background_responses::tc_110_background_empty_all_matches_refresh_sorts_full_replacement_before_limit ... ok
2026-10-04T17:51:05.5012095Z test app::tests::tab_background_responses::tc_110_background_index_finish_preserves_sort_and_rejects_stale_sort_response ... ok
2026-10-04T17:51:05.5100367Z test app::tests::tab_background_responses::tc_110_background_non_empty_refresh_keeps_last_good_until_sorted_search_response ... ok
2026-10-04T17:51:05.5213167Z test app::tests::tab_background_responses::tc_207_background_empty_terminal_clears_absent_evicted_selection_intent_regression ... ok
2026-10-04T17:51:05.5323440Z test app::tests::tab_background_responses::tc_207_background_failure_debt_switches_active_and_cleans_routing ... ok
2026-10-04T17:51:05.5411287Z test app::tests::tab_background_responses::tc_207_background_failure_reclaims_tab_and_coordinator_building_off_ui ... ok
2026-10-04T17:51:06.2615780Z test app::tests::stateful_endurance::tc_183_seeded_state_sequences_converge ... ok
2026-10-04T17:51:07.0551297Z test app::tests::tab_background_responses::tc_207_background_finalization_survives_promotion_to_active ... ok
2026-10-04T17:51:07.0641324Z test app::tests::tab_background_responses::tc_207_background_finish_waits_for_reclaimer_without_dropping_old_snapshot ... ok
2026-10-04T17:51:07.4579708Z test app::tests::tab_background_responses::tc_207_background_finished_commits_100k_default_snapshot_within_ui_budget ... ok
2026-10-04T17:51:07.7397228Z test app::tests::tab_background_responses::tc_207_background_finalization_tracks_ignore_policy_changes_both_directions ... ok
2026-10-04T17:51:07.8555047Z test app::tests::tab_background_responses::tc_207_background_finished_mixed_owners_settles_incrementally ... ok
2026-10-04T17:51:08.4355033Z test app::tests::tab_background_responses::tc_207_background_finished_walker_kind_queue_settles_incrementally ... ok
2026-10-04T17:51:10.2538137Z test app::tests::tab_background_responses::tc_207_background_replace_all_waits_for_reclaimer_and_preserves_old_build ... ok
2026-10-04T17:51:10.2610159Z test app::tests::tab_background_responses::tc_207_background_search_restores_evicted_selected_path ... ok
2026-10-04T17:51:10.2721675Z test app::tests::tab_background_responses::tc_207_background_terminal_debt_coalesces_refresh_to_one_follow_up ... ok
2026-10-04T17:51:10.2793865Z test app::tests::tab_background_responses::tc_207_background_finished_file_filter_settles_incrementally ... ok
2026-10-04T17:51:11.1026159Z test app::tests::tab_background_responses::tc_207_late_filter_policy_change_reclaims_old_output_off_ui ... ok
2026-10-04T17:51:11.1144173Z test app::tests::tab_background_responses::tc_207_midflight_background_close_reclaims_coordinator_and_mailbox_off_ui ... ok
2026-10-04T17:51:11.1225360Z test app::tests::tab_background_responses::tc_207_multigeneration_background_close_reclaims_every_request_owner ... ok
2026-10-04T17:51:11.1284558Z test app::tests::tab_background_responses::tc_207_multigeneration_background_close_rolls_back_every_owner_when_full ... ok
2026-10-04T17:51:11.1314807Z test app::tests::tab_background_responses::tc_207_parallel_handoff_fixtures_have_distinct_names ... ok
2026-10-04T17:51:11.1756106Z test app::tests::tab_background_responses::tc_207_late_filter_policy_change_rolls_back_while_reclaimer_is_full ... ok
2026-10-04T17:51:12.5529867Z test app::tests::tab_background_responses::tc_207_promoted_handoff_combines_pending_and_remainder_in_fallback_budget ... ok
2026-10-04T17:51:15.5465337Z test app::tests::tab_background_responses::tc_207_promoted_handoff_background_replace_all_marker_survives_repeated_switches ... ok
2026-10-04T17:51:17.0035792Z test app::tests::tab_background_responses::tc_207_promoted_handoff_full_preserves_real_warm_quota_and_stale_cleanup ... ok
2026-10-04T17:51:17.0159486Z test app::tests::indexing_perf::harness::extensions::tc_229_all_tab_profile_controls_preserve_own_expected_state ... ok
2026-10-04T17:51:18.2913969Z test app::tests::tab_background_responses::tc_207_promoted_handoff_full_restores_empty_owner_and_bounds_new_mailbox_data ... ok
2026-10-04T17:51:18.9847446Z test app::tests::tab_background_responses::tc_207_promoted_handoff_preserves_active_warm_active_mailbox_order ... ok
2026-10-04T17:51:19.8662030Z test app::tests::tab_background_responses::tc_207_promoted_handoff_real_refresh_full_restores_then_retires_old_request ... ok
2026-10-04T17:51:19.9117085Z test app::tests::tab_background_responses::tc_207_promoted_handoff_multiple_partial_switches_preserve_both_terminal_routes ... ok
2026-10-04T17:51:20.6367402Z test app::tests::tab_background_responses::tc_207_promoted_handoff_replace_all_full_restores_old_owner_then_exact_new_order ... ok
2026-10-04T17:51:20.6414764Z test app::tests::tab_background_responses::tc_207_promoted_handoff_deferred_all_categories_wait_before_terminal_mutation ... ok
2026-10-04T17:51:20.7977393Z test app::tests::tab_background_responses::tc_207_replace_all_discarded_build_moves_to_reclaimer_without_ui_drop ... ok
2026-10-04T17:51:20.7984116Z test app::tests::tab_background_responses::tc_207_stalled_background_finalization_guard_fails_deterministically_regression ... ok
2026-10-04T17:51:20.9765844Z test app::tests::tab_background_responses::tc_207_promoted_handoff_restored_replace_marker_full_is_transactional ... ok
2026-10-04T17:51:21.0082550Z test app::tests::tab_background_responses::tc_207_terminal_finalizers_do_not_block_a_new_active_request_when_reclaimer_is_full ... ok
2026-10-04T17:51:21.0144548Z test app::tests::tab_contract::history_search_keeps_only_history_actions_and_help ... ok
2026-10-04T17:51:21.0205875Z test app::tests::tab_contract::query_payload_swap_preserves_every_tab_field_and_allocation_but_keeps_global_state ... ok
2026-10-04T17:51:21.2417756Z test app::tests::tab_background_responses::tc_207_terminal_waits_in_mailbox_and_activation_commits_complete_snapshot ... ok
2026-10-04T17:51:21.2423104Z test app::tests::tab_contract::tab_accent_palette_matches_dropsendto_slot_colors ... ok
2026-10-04T17:51:21.2427526Z test app::tests::tab_contract::tab_root_label_keeps_drive_like_root ... ok
2026-10-04T17:51:21.2431125Z test app::tests::tab_contract::tab_root_label_uses_leaf_directory_name ... ok
2026-10-04T17:51:21.2495834Z test app::tests::tab_contract::tab_state_contract_round_trip_pins_field_layout ... ok
2026-10-04T17:51:21.2555888Z test app::tests::tab_drag::move_tab_clears_drag_state_on_direct_reorder ... ok
2026-10-04T17:51:21.2614719Z test app::tests::tab_drag::move_tab_ignores_invalid_or_noop_indices ... ok
2026-10-04T17:51:21.2720175Z test app::tests::tab_drag::move_tab_preserves_per_tab_state_carryover_after_reorder ... ok
2026-10-04T17:51:21.2794352Z test app::tests::tab_drag::move_tab_reorders_tabs_and_preserves_active_tab_identity ... ok
2026-10-04T17:51:21.2887684Z test app::tests::tab_drag::move_tab_updates_active_index_when_other_tab_crosses_it ... ok
2026-10-04T17:51:21.3364117Z test app::tests::tab_drag::regression_gui_add_button_follows_last_tab_with_spare_space ... ok
2026-10-04T17:51:21.4148814Z test app::tests::tab_drag::regression_gui_tabs_overflow_keeps_settings_and_active_tab_visible ... ok
2026-10-04T17:51:21.4150562Z test app::tests::tab_contract::save_ui_state_persists_tab_accent ... ok
2026-10-04T17:51:21.4316224Z test app::tests::tab_drag::tab_drag_above_threshold_reorders_on_release ... ok
2026-10-04T17:51:21.4317785Z test app::tests::tab_drag::tab_drag_below_threshold_does_not_reorder_on_release ... ok
2026-10-04T17:51:21.4519256Z test app::tests::tab_lifecycle::closed_tab_restore_stack_keeps_only_recent_entries ... ok
2026-10-04T17:51:21.4525257Z test app::tests::tab_lifecycle::closing_active_tab_retains_restorable_results_for_fast_restore ... ok
2026-10-04T17:51:21.4743592Z test app::tests::tab_lifecycle::create_new_tab_resets_total_match_count_to_current_entries ... ok
2026-10-04T17:51:21.4853780Z test app::tests::tab_lifecycle::ctrl_number_switches_to_matching_tab_from_left ... ok
2026-10-04T17:51:21.5057437Z test app::tests::tab_lifecycle::ctrl_number_without_matching_tab_does_not_switch ... ok
2026-10-04T17:51:21.5059391Z test app::tests::tab_lifecycle::ctrl_shift_t_restores_most_recently_closed_tab_as_active ... ok
2026-10-04T17:51:21.5384855Z test app::tests::tab_lifecycle::ctrl_tab_and_ctrl_shift_tab_switch_active_tab ... ok
2026-10-04T17:51:21.5386717Z test app::tests::tab_lifecycle::ctrl_t_creates_new_tab_and_activates_it ... ok
2026-10-04T17:51:21.5701979Z test app::tests::tab_lifecycle::lifecycle_mutation_is_confined_to_owner_transition_apis ... ok
2026-10-04T17:51:21.5704390Z test app::tests::tab_lifecycle::ctrl_w_closes_current_tab_and_keeps_last_tab ... ok
2026-10-04T17:51:21.5863585Z test app::tests::tab_lifecycle::regression_ctrl_w_keeps_tab_open_for_opted_in_focused_query_editing ... ok
2026-10-04T17:51:21.5865452Z test app::tests::tab_lifecycle::regression_ctrl_w_does_not_close_tab_during_opted_in_ime_composition ... ok
2026-10-04T17:51:21.6273674Z test app::tests::tab_lifecycle::regression_new_tab_empty_or_preview_disabled_does_not_request_preview ... ok
2026-10-04T17:51:21.6392488Z test app::tests::tab_lifecycle::regression_ctrl_w_still_closes_tab_outside_opted_in_query_editing ... ok
2026-10-04T17:51:21.6423271Z test app::tests::tab_lifecycle::regression_new_tab_initializes_preview_and_all_shown_kinds_without_input ... ok
2026-10-04T17:51:21.6568059Z test app::tests::tab_lifecycle::restoring_closed_tab_prefers_original_position ... ok
2026-10-04T17:51:21.6569936Z test app::tests::tab_lifecycle::restoring_closed_tab_reissues_empty_all_matches_sort_after_index_restart ... ok
2026-10-04T17:51:21.6737559Z test app::tests::tab_lifecycle::restoring_closed_tab_reissues_interrupted_search_without_reindex ... ok
2026-10-04T17:51:21.6739465Z test app::tests::tab_lifecycle::restoring_closed_tab_reissues_interrupted_sort_without_reindex ... ok
2026-10-04T17:51:21.6867299Z test app::tests::tab_lifecycle::restoring_closed_tab_reissues_shown_metadata_sort_after_index_restart ... ok
2026-10-04T17:51:21.6957555Z test app::tests::tab_lifecycle::restoring_closed_tab_reloads_preview_after_request_ownership_is_cleared ... ok
2026-10-04T17:51:21.7017113Z test app::tests::tab_lifecycle::restoring_closed_tab_reloads_trimmed_completed_preview ... ok
2026-10-04T17:51:21.7146403Z test app::tests::tab_lifecycle::root_dropdown_selection_closes_popup_and_applies_selected_root ... ok
2026-10-04T17:51:21.7147654Z test app::tests::tab_lifecycle::restoring_closed_tabs_uses_lifo_order_and_empty_stack_is_noop ... ok
2026-10-04T17:51:21.7288774Z test app::tests::tab_lifecycle::switching_tabs_restores_root_per_tab ... ok
2026-10-04T17:51:21.7384755Z test app::tests::tab_lifecycle::switching_tabs_restores_entries_and_filters_per_tab ... ok
2026-10-04T17:51:21.7386662Z test app::tests::tab_lifecycle::tc_204_ready_activation_reuses_snapshot_but_evicted_activation_requests_once ... ok
2026-10-04T17:51:21.7521789Z test app::tests::tab_lifecycle::tc_207_background_admission_retries_once_after_reclaimer_debt_clears ... ok
2026-10-04T17:51:21.7523674Z test app::tests::tab_lifecycle::tc_207_active_and_inactive_resource_transitions_share_one_reducer ... ok
2026-10-04T17:51:21.7690073Z test app::tests::tab_lifecycle::tc_207_closed_history_stays_exactly_25_when_oldest_heavy_retirement_is_full ... ok
2026-10-04T17:51:21.7691936Z test app::tests::tab_lifecycle::tc_207_closing_sole_warm_preflights_it_as_unpinned_cache ... ok
2026-10-04T17:51:21.7858058Z test app::tests::tab_lifecycle::tc_207_deferred_root_is_a_barrier_for_refresh_close_and_restore ... ok
2026-10-04T17:51:21.7860024Z test app::tests::tab_lifecycle::tc_207_empty_high_capacity_snapshot_is_accounted_and_reclaimed_off_ui ... ok
2026-10-04T17:51:21.8019778Z test app::tests::tab_lifecycle::tc_207_eviction_keeps_pin_and_selected_path_as_lightweight_intent ... ok
2026-10-04T17:51:21.8021793Z test app::tests::tab_lifecycle::tc_207_empty_high_capacity_snapshots_obey_cache_count_limit ... ok
2026-10-04T17:51:21.8161663Z test app::tests::tab_lifecycle::tc_207_explicit_activation_operations_cancel_older_deferred_tab_intent ... ok
2026-10-04T17:51:21.8163061Z test app::tests::tab_lifecycle::tc_207_heavy_closed_restore_excludes_target_from_cache_budget_under_full_reclaimer ... ok
2026-10-04T17:51:21.8856301Z test app::tests::tab_lifecycle::tc_207_new_tab_is_refused_before_it_can_exceed_the_heavy_cache_bound ... ok
2026-10-04T17:51:21.8858829Z test app::tests::tab_lifecycle::tc_207_inactive_deferred_root_survives_background_refresh_and_close ... ok
2026-10-04T17:51:21.8968211Z test app::tests::tab_lifecycle::tc_207_open_inactive_snapshots_share_the_bounded_lru ... ok
2026-10-04T17:51:21.8972265Z test app::tests::tab_lifecycle::tc_207_reclaimer_full_repeated_close_keeps_history_and_heavy_cache_bounded ... ok
2026-10-04T17:51:21.9090281Z test app::tests::tab_lifecycle::tc_207_reclaimer_full_returns_heavy_ownership_to_the_caller ... ok
2026-10-04T17:51:21.9091455Z test app::tests::tab_lifecycle::tc_207_reindexed_results_restore_the_evicted_selected_path ... ok
2026-10-04T17:51:21.9199121Z test app::tests::tab_lifecycle::tc_207_restore_light_closed_tab_rolls_back_before_cache_overflow ... ok
2026-10-04T17:51:21.9201606Z test app::tests::tab_lifecycle::tc_207_root_change_moves_heavy_snapshot_to_reclaimer_before_mutation ... ok
2026-10-04T17:51:21.9331346Z test app::tests::tab_lifecycle::tc_207_switch_to_light_tab_rolls_back_before_cache_overflow ... ok
2026-10-04T17:51:21.9333265Z test app::tests::tab_lifecycle::tc_207_terminal_settlement_preserves_independent_root_debt ... ok
2026-10-04T17:51:21.9476263Z test app::tests::tab_lifecycle::tc_207_warm_tab_is_pinned_outside_the_inactive_cache_budget ... ok
2026-10-04T17:51:21.9478118Z test app::tests::tab_lifecycle::tc_209_incidental_tab_does_not_replace_recent_inactive ... ok
2026-10-04T17:51:21.9646216Z test app::tests::tab_lifecycle::tc_209_meaningful_interaction_protects_large_recent_inactive_snapshot ... ok
2026-10-04T17:51:21.9648190Z test app::tests::tab_lifecycle::tc_209_recent_inactive_classification_is_orthogonal_to_warm_role ... ok
2026-10-04T17:51:22.0905828Z test app::tests::tab_lifecycle::tc_210_closing_engaged_active_tab_does_not_replace_existing_recent_inactive ... ok
2026-10-04T17:51:22.0908075Z test app::tests::tab_lifecycle::tc_210_active_duration_alone_qualifies_recent_inactive ... ok
2026-10-04T17:51:22.1369055Z test app::tests::tab_lifecycle::tc_210_failed_closed_restore_rolls_back_recent_and_active_engagement ... ok
2026-10-04T17:51:22.1371486Z test app::tests::tab_lifecycle::tc_210_failed_active_close_rolls_back_recent_and_active_engagement ... ok
2026-10-04T17:51:22.1373697Z test app::tests::tab_background_responses::tc_207_promotion_before_terminal_uses_active_finalization_barrier ... ok
2026-10-04T17:51:22.1539772Z test app::tests::tab_lifecycle::tc_210_reclaimer_full_rolls_back_recent_and_active_engagement ... ok
2026-10-04T17:51:22.1540959Z test app::tests::tab_lifecycle::tc_210_hard_pressure_transition_completes_with_reserved_batch ... ok
2026-10-04T17:51:22.1542097Z test app::tests::tab_lifecycle::tc_210_failed_create_rolls_back_recent_and_active_engagement ... ok
2026-10-04T17:51:22.1690219Z test app::tests::tab_lifecycle::tc_210_reserved_reclaimer_slot_cannot_be_stolen_by_normal_retirement ... ok
2026-10-04T17:51:22.1691398Z test app::tests::tab_lifecycle::tc_210_reordering_active_tab_does_not_reset_its_tenure ... ok
2026-10-04T17:51:22.1692545Z test app::tests::tab_lifecycle::tc_211_expired_recent_inactive_becomes_soft_budget_eligible ... ok
2026-10-04T17:51:22.1840218Z test app::tests::tab_ownership::heavy_payload_membership_is_stored_once_and_swapped_as_aggregate_values ... ok
2026-10-04T17:51:22.1842270Z test app::tests::tab_ownership::perf_tc_154_tab_transition_coordinator_p95_stays_below_hard_ceiling ... ignored, release-mode tab transition latency guard
2026-10-04T17:51:22.1843747Z test app::tests::tab_lifecycle::tc_211_hard_count_pressure_can_evict_recent_inactive_during_grace ... ok
2026-10-04T17:51:22.1844921Z test app::tests::tab_lifecycle::tc_211_hard_pressure_can_evict_recent_inactive_during_grace ... ok
2026-10-04T17:51:22.2060857Z test app::tests::tab_ownership::runtime_visible_snapshot_sync_reuses_unique_arc_and_copies_shared_arc_once ... ok
2026-10-04T17:51:22.2063386Z test app::tests::tab_ownership::runtime_result_owner_keeps_base_ranking_selection_and_preview_isolated ... ok
2026-10-04T17:51:22.2065204Z test app::tests::tab_ownership::runtime_committed_take_restore_preserves_all_fields_and_allocations ... ok
2026-10-04T17:51:22.2341816Z test app::tests::tab_ownership::tc_154_active_request_state_moves_to_background_slot_and_back ... ok
2026-10-04T17:51:22.2351838Z test app::tests::tab_ownership::tc_154_raw_payload_swap_preserves_the_complete_transfer_inventory ... ok
2026-10-04T17:51:22.2373396Z test app::tests::tab_ownership::tc_154_reclaimer_full_restores_complete_tab_mailbox_and_finalizer_ownership ... ok
2026-10-04T17:51:22.2521743Z test app::tests::tab_ownership::tc_154_stale_background_routes_never_mutate_active_scratch ... ok
2026-10-04T17:51:22.2551697Z test app::tests::tab_ownership::tc_154_tab_switch_does_not_compact_sparse_payload_on_ui_path ... ok
2026-10-04T17:51:22.2554870Z test app::tests::tab_ownership::tc_154_tab_heavy_take_restore_preserves_the_complete_inventory ... ok
2026-10-04T17:51:22.2716302Z test app::tests::tab_ownership::tc_154_tab_switch_transfers_large_payload_allocations_in_both_directions ... ok
2026-10-04T17:51:22.2717663Z test app::tests::tab_result_cache::close_tab_clears_filelist_and_request_routing_for_removed_tab ... ok
2026-10-04T17:51:22.2718876Z test app::tests::tab_result_cache::close_tab_invalidates_memory_cache_for_immediate_resample ... ok
2026-10-04T17:51:22.2868849Z test app::tests::tab_result_cache::explicitly_compacted_empty_query_restore_rebuilds_results_from_current_entries ... ok
2026-10-04T17:51:22.2891686Z test app::tests::tab_result_cache::inactive_tab_results_are_retained_for_immediate_activation ... ok
2026-10-04T17:51:22.2903409Z test app::tests::tab_result_cache::metadata_sorted_inactive_tab_does_not_request_metadata_on_activation ... ok
2026-10-04T17:51:22.2987968Z test app::tests::tab_result_cache::non_score_sorted_inactive_tab_keeps_results_for_fast_activation ... ok
2026-10-04T17:51:22.3128537Z test app::tests::tab_result_cache::tab_activation_restores_visible_cursor_when_selection_is_missing ... ok
2026-10-04T17:51:22.3141878Z test app::tests::update_commands::apply_started_update_response_requests_app_close ... ok
2026-10-04T17:51:22.3142960Z test app::tests::update_commands::available_update_response_opens_prompt ... ok
2026-10-04T17:51:22.3144128Z test app::tests::update_commands::dismissing_update_install_failure_removes_manual_recovery_state ... ok
2026-10-04T17:51:22.3296274Z test app::tests::update_commands::forced_update_check_failure_bypasses_suppression_flag ... ok
2026-10-04T17:51:22.3297873Z test app::tests::update_commands::failed_update_response_replaces_prompt_with_manual_recovery_state ... ok
2026-10-04T17:51:22.3299403Z test app::tests::update_commands::failed_update_response_sets_notice_without_closing_app ... ok
2026-10-04T17:51:22.3304981Z test app::tests::update_commands::start_update_install_emits_trace_command ... ok
2026-10-04T17:51:22.3471722Z test app::tests::update_commands::newer_update_response_ignores_previous_skip_version ... ok
2026-10-04T17:51:22.3473497Z test app::tests::update_commands::start_update_install_ignores_repeat_requests_after_first_click ... ok
2026-10-04T17:51:22.3475329Z test app::tests::update_commands::skipped_update_response_is_not_prompted_again_until_newer_version ... ok
2026-10-04T17:51:22.3489833Z test app::tests::update_commands::startup_update_check_emits_request_trace_command ... ok
2026-10-04T17:51:22.3555397Z test app::tests::update_commands::tc188_canceled_update_response_releases_deferred_close ... ok
2026-10-04T17:51:22.3584194Z test app::tests::update_commands::tc188_close_deferral_cancels_the_active_update_control ... ok
2026-10-04T17:51:22.3585325Z test app::tests::update_commands::startup_update_check_is_skipped_when_self_update_is_disabled ... ok
2026-10-04T17:51:22.3586718Z test app::tests::update_commands::suppressed_update_check_failure_does_not_open_dialog ... ok
2026-10-04T17:51:22.3592530Z test app::tests::update_commands::tc188_update_worker_disconnect_releases_deferred_close ... ok
2026-10-04T17:51:22.3620265Z test app::tests::update_commands::tc202_regression_update_failure_response_hides_verbatim_paths ... ok
2026-10-04T17:51:22.3690646Z test app::tests::update_commands::update_apply_started_response_emits_trace_command ... ok
2026-10-04T17:51:22.3702759Z test app::tests::update_commands::tc202_regression_previous_failure_state_hides_verbatim_paths ... ok
2026-10-04T17:51:22.3705483Z test app::tests::update_commands::tc189_previous_failure_is_not_suppressed_with_startup_check_failures ... ok
2026-10-04T17:51:22.3706680Z test app::tests::update_commands::update_available_response_emits_trace_command ... ok
2026-10-04T17:51:22.3711949Z test app::tests::update_commands::update_check_failed_response_emits_trace_command ... ok
2026-10-04T17:51:22.3714092Z test app::tests::update_commands::update_failed_response_emits_trace_command ... ok
2026-10-04T17:51:22.3937443Z test app::tests::update_commands::update_up_to_date_response_emits_trace_command ... ok
2026-10-04T17:51:22.4017041Z test app::tests::update_commands::update_check_failure_opens_failure_dialog ... ok
2026-10-04T17:51:23.8634306Z test app::tests::ux_contracts::ux_contract_empty_field_keeps_non_error_input_prompt ... ok
2026-10-04T17:51:24.7345580Z test app::tests::ux_contracts::ux_contract_pin_count_and_clear_highlight_follow_real_clear_button ... ok
2026-10-04T17:51:25.0957258Z test app::tests::ux_contracts::ux_contract_double_click_dispatches_clicked_path_and_enter_dispatches_pins ... ok
2026-10-04T17:51:25.5764555Z test app::tests::ux_contracts::ux_contract_search_failure_remains_visible_during_pending_input_and_after_clear ... ok
2026-10-04T17:51:25.6292850Z test app::tests::ux_contracts::ux_contract_pinned_clear_highlight_does_not_reflow_results_on_hover ... ok
2026-10-04T17:51:25.6488593Z test app::tests::window_ime::apply_stable_window_geometry_force_commits_pending ... ok
2026-10-04T17:51:25.6648847Z test app::tests::window_ime::cached_cjk_font_can_apply_to_multiple_app_instances ... ok
2026-10-04T17:51:25.6650757Z test app::tests::window_ime::measure_cjk_font_load_headless ... ignored
2026-10-04T17:51:25.6655089Z test app::tests::window_ime::normalize_restore_geometry_clamps_position_into_current_display_bounds ... ok
2026-10-04T17:51:25.6659747Z test app::tests::window_ime::normalize_restore_geometry_keeps_negative_position_inside_current_display_bounds ... ok
2026-10-04T17:51:25.6664755Z test app::tests::window_ime::normalize_restore_geometry_preserves_virtual_desktop_position ... ok
2026-10-04T17:51:25.6736985Z test app::tests::window_ime::oversized_geometry_is_rejected_when_monitor_size_is_known ... ok
2026-10-04T17:51:25.6804758Z test app::tests::window_ime::process_query_input_events_does_not_override_widget_owned_ime_commit ... ok
2026-10-04T17:51:25.6882437Z test app::tests::window_ime::process_query_input_events_empty_preedit_dismisses_composition ... ok
2026-10-04T17:51:25.6949116Z test app::tests::window_ime::process_query_input_events_inserts_composition_commit_fallback_at_cursor_position ... ok
2026-10-04T17:51:25.7518212Z test app::tests::window_ime::process_query_input_events_inserts_half_space_for_space_keys ... ok
2026-10-04T17:51:25.7610845Z test app::tests::window_ime::process_query_input_events_inserts_space_even_if_composition_is_active_without_update ... ok
2026-10-04T17:51:25.7720090Z test app::tests::window_ime::process_query_input_events_inserts_space_fallback_at_cursor_position ... ok
2026-10-04T17:51:25.7804388Z test app::tests::window_ime::process_query_input_events_skips_shift_space_fallback_with_composition_update ... ok
2026-10-04T17:51:25.7892051Z test app::tests::window_ime::process_query_input_events_skips_space_fallback_when_composition_updates ... ok
2026-10-04T17:51:25.8029518Z test app::tests::window_ime::regression_gui_geometry_capture_persists_coordinate_scale ... ok
2026-10-04T17:51:25.8032399Z test app::tests::window_ime::regression_gui_geometry_gap_and_disconnected_monitor_move_to_real_monitor ... ok
2026-10-04T17:51:25.8035395Z test app::tests::window_ime::regression_gui_geometry_legacy_json_and_positionless_current_monitor_are_safe ... ok
2026-10-04T17:51:25.8038313Z test app::tests::window_ime::regression_gui_geometry_missing_saved_position_uses_current_monitor_fallback ... ok
2026-10-04T17:51:25.8041219Z test app::tests::window_ime::regression_gui_geometry_missing_window_state_produces_visible_default ... ok
2026-10-04T17:51:25.8044358Z test app::tests::window_ime::regression_gui_geometry_monitor_gap_is_not_a_valid_placement ... ok
2026-10-04T17:51:25.8048727Z test app::tests::window_ime::regression_gui_geometry_negative_mixed_scale_uses_physical_monitor_rectangles ... ok
2026-10-04T17:51:25.8053459Z test app::tests::window_ime::regression_gui_geometry_unavailable_position_preserves_only_bounded_size ... ok
2026-10-04T17:51:25.8057791Z test app::tests::window_ime::window_geometry_from_rects_prefers_inner_size ... ok
2026-10-04T17:51:25.8064430Z test app::worker::channel::tests::tc_153_disconnect_race_cannot_underflow_queued_load ... ok
2026-10-04T17:51:25.8067614Z test app::worker::channel::tests::tc_153_inflight_guard_cleans_up_during_unwind ... ok
2026-10-04T17:51:25.8070534Z test app::worker::channel::tests::tc_153_load_counters_settle_after_full_receive_and_disconnect ... ok
2026-10-04T17:51:25.8073439Z test app::worker::channel::tests::tc_153_load_observer_reports_timeout_point_residual_without_holding_sender_open ... ok
2026-10-04T17:51:25.8076010Z test app::worker::channel::tests::tc_153_trace_record_preserves_correlation_load_and_terminal_outcome ... ok
2026-10-04T17:51:25.8084460Z test app::worker::config_open::error_tests::config_open_error_allows_retry_with_new_owner ... ok
2026-10-04T17:51:25.8092618Z test app::worker::config_open::tests::config_open_dispatch_is_nonblocking_and_duplicate_requests_are_suppressed ... ok
2026-10-04T17:51:25.8099530Z test app::worker::config_open::tests::config_open_failure_settles_and_shutdown_skips_queued_io ... ok
2026-10-04T17:51:25.8106081Z test app::worker::config_settings::tests::duplicate_settings_requests_are_rejected_and_shutdown_settles ... ok
2026-10-04T17:51:25.8110610Z test app::worker::search_perf::tests::canceled_before_execution_is_distinct_from_cancellation_during_execution ... ok
2026-10-04T17:51:25.8141410Z test app::worker::search_perf::tests::cancellation_after_evaluation_retains_completed_evaluation_evidence ... ok
2026-10-04T17:51:25.8145747Z test app::worker::search_perf::tests::default_observation_does_not_claim_execution ... ok
2026-10-04T17:51:25.8149707Z test app::worker::search_perf::tests::empty_candidates_do_not_claim_substantive_execution ... ok
2026-10-04T17:51:25.8154566Z test app::worker::search_perf::tests::mismatched_identity_is_rejected_even_with_matching_registry_key ... ok
2026-10-04T17:51:25.8158975Z test app::worker::search_perf::tests::observations_are_isolated_by_cancellation_identity_and_taken_once ... ok
2026-10-04T17:51:25.8163576Z test app::worker::search_perf::tests::registration_prunes_dead_cancellation_identity_with_live_observation ... ok
2026-10-04T17:51:25.8167890Z test app::worker::search_perf::tests::substantive_execution_records_candidates_and_completion ... ok
2026-10-04T17:51:25.8172061Z test app::worker::search_perf::tests::unregistered_or_dropped_observation_cannot_be_taken ... ok
2026-10-04T17:51:25.8212801Z test app::worker::tasks::filelist_worker_tests::filelist_worker_canceled_write_releases_prepared_snapshot ... ok
2026-10-04T17:51:25.8252354Z test app::worker::tasks::filelist_worker_tests::filelist_worker_discard_releases_prepared_snapshot_before_write ... ok
2026-10-04T17:51:26.0892998Z test app::worker::tasks::filelist_worker_tests::filelist_worker_preflight_then_write_owns_snapshot_until_normal_completion ... ok
2026-10-04T17:51:26.1117301Z test app::tests::ux_contracts::ux_contract_typo_advice_and_query_error_are_both_painted ... ok
2026-10-04T17:51:26.1134037Z test app::worker::tasks::preview_cancellation_tests::preview_worker_replaces_inflight_directory_without_publishing_stale_text ... ok
2026-10-04T17:51:26.1192575Z test cli::args::tests::cli_sort_accepts_full_path_modes ... ok
2026-10-04T17:51:26.1323541Z test app::worker::tasks::filelist_worker_tests::filelist_worker_write_rejects_target_created_after_preflight ... ok
2026-10-04T17:51:26.1425350Z test cli::args::tests::cli_type_accepts_file_and_directory_aliases ... ok
2026-10-04T17:51:26.1533816Z test cli::args::tests::default_gui_args_do_not_trigger_cli_option_requirements ... ok
2026-10-04T17:51:26.1572182Z test cli::args::tests::follow_links_accepts_gui_batch_tui_and_filelist_creation ... ok
2026-10-04T17:51:26.1696109Z test cli::args::tests::tc_169_cli_alias_flag_is_inert_for_update_commands ... ok
2026-10-04T17:51:26.1698303Z test cli::args::tests::tc_172_color_mode_obeys_no_color_except_when_forced ... ok
2026-10-04T17:51:26.1932226Z test cli::args::tests::tc_172_color_option_defaults_to_never_and_accepts_grep_style_auto ... ok
2026-10-04T17:51:26.2036985Z test cli::args::tests::tc_180_max_depth_accepts_positive_gui_and_cli_values_and_rejects_zero ... ok
2026-10-04T17:51:26.2209156Z test cli::batch::tests::tc_162_batch_cli_maps_a_preexisting_cancel_request_to_cancelled ... ok
2026-10-04T17:51:26.2226758Z test cli::batch::tests::tc_163_interactive_startup_preserves_sort_ignore_and_saved_root_options ... ok
2026-10-04T17:51:26.2427589Z test cli::batch::tests::tc_164_cli_action_rejects_implicit_multi_and_preflight_escape_without_calls ... ok
2026-10-04T17:51:26.2433497Z test cli::batch::tests::tc_165_cli_filelist_exit_mapping_preserves_clean_cancel_and_rollback_failure ... ok
2026-10-04T17:51:26.2714710Z test cli::batch::tests::tc_164_cli_action_uses_recording_backend_for_open_reveal_partial_and_cancel ... ok
2026-10-04T17:51:26.2824151Z test cli::batch::tests::tc_172_color_mode_applies_to_batch_and_interactive_output ... ok
2026-10-04T17:51:26.5665162Z test cli::batch::tests::tc_165_cli_propagate_flag_uses_production_options_and_bounded_planner ... ok
2026-10-04T17:51:26.5700658Z test cli_tui::presets::tests::alignment_preset_delete_requires_second_enter_and_error_keeps_confirmation ... ok
2026-10-04T17:51:26.5705603Z test cli_tui::presets::tests::alignment_preset_exit_settlement_blocks_all_further_actions ... ok
2026-10-04T17:51:26.5710943Z test cli_tui::presets::tests::alignment_preset_modal_consumes_actions_and_keeps_failed_draft ... ok
2026-10-04T17:51:26.5714600Z test cli_tui::presets::tests::alignment_preset_modal_esc_and_delayed_response_never_revert_search_state ... ok
2026-10-04T17:51:26.5722723Z test cli_tui::presets::tests::alignment_preset_render_scrolls_selected_entry_and_keeps_name_draft_visible ... ok
2026-10-04T17:51:26.5879458Z test app::tests::ux_contracts::ux_contract_sort_dropdown_keeps_all_matches_through_the_selection_frame ... ok
2026-10-04T17:51:26.5884450Z test cli_tui::retirement::tests::alignment_retirement_disconnected_rejects_publication_and_keeps_producer_owner ... ok
2026-10-04T17:51:26.5890592Z test cli_tui::retirement::tests::alignment_retirement_drops_final_payload_off_consumer_thread ... ok
2026-10-04T17:51:26.5999950Z test cli_tui::presets::tests::alignment_preset_atomic_create_delete_preserve_unknown_fields_and_cancel ... ok
2026-10-04T17:51:26.6106014Z test cli_tui::retirement::tests::alignment_retirement_full_queue_cancels_producer_without_leaking_guards ... ok
2026-10-04T17:51:26.6109144Z test cli_tui::tests::alignment_tui_help_remains_discoverable_in_a_narrow_viewport ... ok
2026-10-04T17:51:26.6112318Z test cli_tui::tests::alignment_tui_preview_supersession_cancels_old_request ... ok
2026-10-04T17:51:26.6135425Z test cli_tui::tests::canceled_tui_candidate_projection_is_stopped_and_not_cached ... ok
2026-10-04T17:51:26.6138217Z test cli_tui::tests::newer_tui_search_request_cancels_the_previous_request ... ok
2026-10-04T17:51:26.6140960Z test cli_tui::tests::request_cancel_skips_only_that_tui_search_while_shutdown_stops_the_worker ... ok
2026-10-04T17:51:26.6143805Z test cli_tui::tests::tc_006_escape_cancels_without_selecting ... ok
2026-10-04T17:51:26.6146497Z test cli_tui::tests::tc_006_interactive_enter_returns_selected_path ... ok
2026-10-04T17:51:26.6149488Z test cli_tui::tests::tc_006_interactive_query_editing_marks_search_dirty ... ok
2026-10-04T17:51:26.6152088Z test cli_tui::tests::tc_006_tab_toggles_multiple_pins ... ok
2026-10-04T17:51:26.6155056Z test cli_tui::tests::tc_162_active_root_relative_output_is_prepared_after_terminal_cleanup ... ok
2026-10-04T17:51:26.6157244Z test cli_tui::tests::tc_162_applied_options_reset_sort_only_when_the_draft_changes ... ok
2026-10-04T17:51:26.6160395Z test cli_tui::tests::tc_162_candidate_batches_append_without_cloning_existing_paths ... ok
2026-10-04T17:51:26.6238067Z test cli_tui::tests::alignment_real_tui_workers_guard_index_and_result_payloads_before_publication ... ok
2026-10-04T17:51:26.6240840Z test cli_tui::tests::tc_162_enter_without_a_selection_does_not_exit ... ok
2026-10-04T17:51:26.6244217Z test cli_tui::tests::tc_162_every_reindex_clears_current_preview_and_pending_search_without_clearing_pins ... ok
2026-10-04T17:51:26.6454259Z test cli_tui::tests::tc_162_explicit_walker_performs_zero_filelist_discovery_regression ... ok
2026-10-04T17:51:26.6457762Z test cli_tui::tests::tc_162_f2_options_and_f3_sort_overlays_have_precedence_without_side_effects ... ok
2026-10-04T17:51:26.6462816Z test cli_tui::tests::tc_162_help_and_history_overlays_clear_the_full_terminal ... ok
2026-10-04T17:51:26.6466140Z test cli_tui::tests::tc_162_help_from_history_restores_history_and_ctrl_c_exits_tui ... ok
2026-10-04T17:51:26.6469359Z test cli_tui::tests::tc_162_help_overlay_has_precedence_and_ctrl_g_only_closes_it ... ok
2026-10-04T17:51:26.6473686Z test cli_tui::tests::tc_162_help_overlay_matches_emacs_runtime_config ... ok
2026-10-04T17:51:26.6476690Z test cli_tui::tests::tc_162_hidden_pins_remain_part_of_the_final_selection ... ok
2026-10-04T17:51:26.6479388Z test cli_tui::tests::tc_162_history_disabled_ctrl_r_is_a_silent_noop ... ok
2026-10-04T17:51:26.6484049Z test cli_tui::tests::tc_162_history_filter_supports_enabled_emacs_editing_and_disabled_noop ... ok
2026-10-04T17:51:26.6487254Z test cli_tui::tests::tc_162_history_open_commits_draft_as_the_most_recent_delta ... ok
2026-10-04T17:51:26.6491207Z test cli_tui::tests::tc_162_history_overlay_accept_cancel_navigation_and_paste_contract ... ok
2026-10-04T17:51:26.6494982Z test cli_tui::tests::tc_162_history_overlay_orders_recent_entries_and_filters_fuzzily ... ok
2026-10-04T17:51:26.6498173Z test cli_tui::tests::tc_162_history_overlay_renderer_clips_control_text ... ok
2026-10-04T17:51:26.6500984Z test cli_tui::tests::tc_162_index_failure_keeps_tui_recoverable ... ok
2026-10-04T17:51:26.6567702Z test cli_tui::tests::tc_162_initial_filelist_discovery_is_consumed_without_rescan_regression ... ok
2026-10-04T17:51:26.6570312Z test cli_tui::tests::tc_162_newer_index_identity_supersedes_an_in_progress_request ... ok
2026-10-04T17:51:26.6573171Z test cli_tui::tests::tc_162_options_never_disable_both_files_and_folders ... ok
2026-10-04T17:51:26.6578001Z test cli_tui::tests::tc_162_options_overlay_keeps_headings_and_renders_items_below_them ... ok
2026-10-04T17:51:26.6582104Z test cli_tui::tests::tc_162_page_navigation_uses_dynamic_viewport_rows ... ok
2026-10-04T17:51:26.6586956Z test cli_tui::tests::tc_162_paste_is_confined_to_history_and_never_leaks_through_modal_overlays ... ok
2026-10-04T17:51:26.6590625Z test cli_tui::tests::tc_162_preview_pane_clips_unicode_and_control_text ... ok
2026-10-04T17:51:26.6593310Z test cli_tui::tests::tc_162_preview_request_clears_content_without_selection ... ok
2026-10-04T17:51:26.6597152Z test cli_tui::tests::tc_162_preview_response_requires_matching_request_root_and_path ... ok
2026-10-04T17:51:26.6600103Z test cli_tui::tests::tc_162_preview_toggle_collapse_and_reexpansion_preserve_preference ... ok
2026-10-04T17:51:26.6734446Z test cli_tui::tests::tc_162_preview_uses_shared_text_builder_for_file_binary_and_error ... ok
2026-10-04T17:51:26.6738771Z test cli_tui::tests::tc_162_query_editor_inserts_at_the_cursor ... ok
2026-10-04T17:51:26.6744058Z test cli_tui::tests::tc_162_query_editor_supports_delete_home_end_and_unicode_paste ... ok
2026-10-04T17:51:26.6750058Z test cli_tui::tests::tc_162_result_refresh_preserves_the_selected_path ... ok
2026-10-04T17:51:26.6758321Z test cli_tui::tests::tc_162_root_picker_precedence_empty_state_and_small_viewport_are_safe ... ok
2026-10-04T17:51:26.6765903Z test cli_tui::tests::tc_162_root_picker_selects_the_highlighted_root_and_refresh_keeps_pins ... ok
2026-10-04T17:51:26.6770995Z test cli_tui::tests::tc_162_root_switch_and_refresh_reset_sort_and_pending_search ... ok
2026-10-04T17:51:26.6773822Z test cli_tui::tests::tc_162_root_switch_clears_old_scope_before_new_index_and_preserves_query_options_history ... ok
2026-10-04T17:51:26.6776391Z test cli_tui::tests::tc_162_runtime_error_restores_terminal_before_propagation ... ok
2026-10-04T17:51:26.6778645Z test cli_tui::tests::tc_162_selected_output_is_emitted_only_after_terminal_cleanup ... ok
2026-10-04T17:51:26.6781640Z test cli_tui::tests::tc_162_small_overlays_keep_source_and_size_selection_visible ... ok
2026-10-04T17:51:26.6784050Z test cli_tui::tests::tc_162_source_transition_clears_source_scoped_state_before_reindex ... ok
2026-10-04T17:51:26.6812816Z test cli_tui::tests::tc_162_stale_filelist_discovery_emits_no_response_and_latest_request_proceeds_regression ... ok
2026-10-04T17:51:26.6817594Z test cli_tui::tests::tc_162_stale_index_responses_are_discarded_by_identity ... ok
2026-10-04T17:51:26.6821210Z test cli_tui::tests::tc_162_stale_search_response_is_ignored_by_request_id ... ok
2026-10-04T17:51:26.6823786Z test cli_tui::tests::tc_162_startup_discovery_ownership_is_source_specific_regression ... ok
2026-10-04T17:51:26.6826918Z test cli_tui::tests::tc_162_terminal_guard_restores_in_reverse_order_during_unwind ... ok
2026-10-04T17:51:26.6829631Z test cli_tui::tests::tc_162_terminal_guard_restores_only_successful_setup_steps ... ok
2026-10-04T17:51:26.6831861Z test cli_tui::tests::tc_162_tty_policy_requires_stdin_and_stderr_only ... ok
2026-10-04T17:51:26.6834972Z test cli_tui::tests::tc_162_tui_action_keys_are_current_only_and_disabled_in_overlays ... ok
2026-10-04T17:51:26.6837753Z test cli_tui::tests::tc_162_tui_emacs_navigation_pin_and_select_follow_runtime_toggle ... ok
2026-10-04T17:51:26.6840488Z test cli_tui::tests::tc_162_tui_emacs_query_editing_uses_the_same_runtime_toggle ... ok
2026-10-04T17:51:26.6842976Z test cli_tui::tests::tc_162_tui_frame_is_wrapped_in_synchronized_terminal_update ... ok
2026-10-04T17:51:26.6845333Z test cli_tui::tests::tc_162_tui_options_reindex_only_for_scope_or_source_changes ... ok
2026-10-04T17:51:26.6849962Z test cli_tui::tests::tc_162_tui_search_applies_ignore_in_worker_snapshot_and_sorts_before_limit ... ok
2026-10-04T17:51:26.6852380Z test cli_tui::tests::tc_162_tui_sort_picker_has_all_shared_modes_and_query_resets_score ... ok
2026-10-04T17:51:26.6855433Z test cli_tui::tests::tc_162_tui_tab_pin_move_setting_applies_to_tab_backtab_and_ctrl_i ... ok
2026-10-04T17:51:26.6927724Z test cli_tui::tests::tc_162_tui_walker_uses_runtime_adaptive_limits_and_reports_cap_before_finish ... ok
2026-10-04T17:51:26.6932629Z test cli_tui::tests::tc_162_unicode_clipping_uses_terminal_column_width ... ok
2026-10-04T17:51:26.6945419Z test cli_tui::tests::tc_162_walker_failure_emits_index_failed_without_finished ... ok
2026-10-04T17:51:26.6949239Z test cli_tui::tests::tc_162_worker_response_drain_respects_per_tick_budget ... ok
2026-10-04T17:51:26.6953013Z test cli_tui::tests::tc_163_disabled_startup_ignore_can_be_reenabled_without_reloading_terms ... ok
2026-10-04T17:51:26.6996954Z test cli_tui::tests::tc_164_tui_action_stale_cancel_and_executor_errors_are_safe ... ok
2026-10-04T17:51:26.7064426Z test cli_tui::tests::tc_164_tui_actions_snapshot_only_the_current_row_not_pins ... ok
2026-10-04T17:51:26.7140083Z test cli_tui::tests::tc_164_tui_reveal_is_current_only_and_preauthorization_blocks_zero_calls ... ok
2026-10-04T17:51:26.7145547Z test cli_tui::tests::tc_166_f4_root_switch_intent_settles_discovery_once_for_all_outcomes_regression ... ok
2026-10-04T17:51:26.7149867Z test cli_tui::tests::tc_166_filelist_confirmation_requires_explicit_scope_and_overwrite_consent ... ok
2026-10-04T17:51:26.7153885Z test cli_tui::tests::tc_166_filelist_failure_does_not_resume_select_or_root_but_cancel_exits_one ... ok
2026-10-04T17:51:26.7206136Z test cli_tui::tests::tc_166_filelist_fresh_walk_cancellation_is_a_clean_report ... ok
2026-10-04T17:51:26.7213018Z test cli_tui::tests::tc_166_filelist_missing_or_panicked_worker_never_resumes_success_intents ... ok
2026-10-04T17:51:26.7217572Z test cli_tui::tests::tc_166_filelist_requires_completed_index_and_intent_priority_is_sticky ... ok
2026-10-04T17:51:26.8362441Z test cli_tui::presets::tests::alignment_preset_worker_drop_uses_a_bounded_join_budget ... ok
2026-10-04T17:51:26.8428970Z test cli_tui::tests::tc_166_filelist_uses_fresh_walker_snapshot_not_partial_tui_entries ... ok
2026-10-04T17:51:26.8434957Z test cli_tui::tests::tc_166_select_output_intent_never_leaks_past_discovery_regression ... ok
2026-10-04T17:51:26.8439281Z test cli_tui::tests::tc_166_stale_discovery_response_preserves_new_request_and_intent_regression ... ok
2026-10-04T17:51:26.8454776Z test cli_tui::tests::tc_166_walker_f6_absent_and_canceled_discovery_settle_regression ... ok
2026-10-04T17:51:26.8477770Z test cli_tui::tests::tc_166_walker_f6_lazy_discovery_confirms_before_snapshot_regression ... ok
2026-10-04T17:51:26.8481592Z test cli_tui::tests::tc_169_tui_update_notice_is_english_and_manual_only ... ok
2026-10-04T17:51:26.8492986Z test cli_tui::tests::tc_172_color_never_omits_highlight_escape_sequences ... ok
2026-10-04T17:51:26.8540993Z test cli_tui::tests::tc_177_regression_tui_path_rendering_never_uses_raw_os_strings ... ok
2026-10-04T17:51:26.8546106Z test cli_tui::tests::tc_177_regression_tui_root_surfaces_strip_drive_and_unc_extended_prefixes ... ok
2026-10-04T17:51:26.8670377Z test cli_tui::tests::tc_180_tui_index_request_applies_max_depth ... ok
2026-10-04T17:51:26.8807335Z test cli_tui::tests::tc_162_delayed_preview_worker_cleanup_uses_the_bounded_wait ... ok
2026-10-04T17:51:26.8817412Z test cli_tui::tests::tui_search_reuses_candidate_projection_and_warms_prefix_cache_for_same_snapshot ... ok
2026-10-04T17:51:26.9042614Z test command_exec::tests::tc_170_dry_run_plans_every_batch_without_spawning ... ok
2026-10-04T17:51:26.9107569Z test command_exec::tests::tc_170_all_targets_are_authorized_and_run_in_stable_batches ... ok
2026-10-04T17:51:26.9118479Z test command_exec::tests::tc_170_greedy_batches_fill_budget_and_respect_path_cap ... ok
2026-10-04T17:51:26.9120370Z test command_exec::tests::tc_170_failure_and_cancel_stop_later_batches ... ok
2026-10-04T17:51:26.9196619Z test command_exec::tests::tc_170_root_escape_is_blocked_before_spawn ... ok
2026-10-04T17:51:26.9201869Z test command_exec::tests::tc_170_template_expands_paths_as_distinct_argv_values ... ok
2026-10-04T17:51:26.9206273Z test command_exec::tests::tc_170_template_requires_one_standalone_placeholder_after_program ... ok
2026-10-04T17:51:26.9208779Z test command_exec::tests::tc_170_windows_argument_cost_accounts_for_quotes_and_backslashes ... ok
2026-10-04T17:51:26.9211460Z test command_exec::tests::tc_170_windows_template_rejects_implicit_batch_shell_programs ... ok
2026-10-04T17:51:26.9260703Z test command_exec::tests::tc_170_runtime_argument_limit_subdivides_without_skipping_targets ... ok
2026-10-04T17:51:26.9264157Z test command_exec::tests::tc_170_zero_targets_never_spawn_a_command ... ok
2026-10-04T17:51:26.9269619Z test entry::tests::other_entries_are_never_visible_as_files_or_directories ... ok
2026-10-04T17:51:26.9274201Z test entry::tests::unresolved_link_is_visible_only_when_both_filters_are_enabled ... ok
2026-10-04T17:51:26.9277061Z test fs_atomic::tests::atomic_write_bare_relative_child ... ok
2026-10-04T17:51:27.2617809Z test fs_atomic::tests::atomic_write_marks_directory_sync_failure_as_post_replace ... ok
2026-10-04T17:51:27.2631656Z test fs_atomic::tests::atomic_write_prepares_metadata_and_syncs_before_replace ... ok
2026-10-04T17:51:27.2766399Z 
2026-10-04T17:51:27.2766765Z running 1 test
2026-10-04T17:51:27.3126471Z test fs_atomic::tests::stale_sidecar_lock_file_is_reused_after_owner_exits ... ok
2026-10-04T17:51:27.3190453Z test fs_atomic::tests::atomic_write_bare_relative_child ... ok
2026-10-04T17:51:27.3192377Z 
2026-10-04T17:51:27.3193653Z test result: ok. 1 passed; 0 failed; 0 ignored; 0 measured; 1607 filtered out; finished in 0.04s
2026-10-04T17:51:27.3194674Z 
2026-10-04T17:51:27.3619087Z test cli_tui::tests::tc_166_filelist_worker_join_never_detaches_a_delayed_transaction ... ok
2026-10-04T17:51:27.3676056Z test fs_atomic::tests::atomic_write_supports_bare_relative_filename ... ok
2026-10-04T17:51:27.3745471Z test fs_atomic::tests::write_text_atomic_creates_parent_directories ... ok
2026-10-04T17:51:27.4108281Z test ignore_list::tests::ensure_ignore_list_sample_at_preserves_existing_file ... ok
2026-10-04T17:51:27.4115947Z test ignore_list::tests::parse_ignore_terms_skips_comments_and_blank_lines ... ok
2026-10-04T17:51:27.4141949Z test ignore_list::tests::tc_176_parse_ignore_terms_accepts_utf8_bom_and_crlf ... ok
2026-10-04T17:51:27.4146195Z test indexer::depth::tests::tc_180_lexical_depth_rejects_root_escape_without_io ... ok
2026-10-04T17:51:27.4149443Z test indexer::depth::windows_alignment_tests::alignment_depth_accepts_equivalent_windows_path_namespaces ... ok
2026-10-04T17:51:27.4153695Z test indexer::filelist_hierarchy::alignment_tests::alignment_nested_discovery_cancels_without_a_child_filelist ... ok
2026-10-04T17:51:27.4340336Z test ignore_list::tests::ensure_ignore_list_sample_at_creates_template_when_missing ... ok
2026-10-04T17:51:27.4544471Z test fs_atomic::tests::write_text_atomic_overwrites_existing_file ... ok
2026-10-04T17:51:27.4550432Z test indexer::filelist_hierarchy::alignment_tests::regression_component_prefix_does_not_remove_similarly_named_sibling ... ok
2026-10-04T17:51:27.4914889Z test indexer::filelist_hierarchy::alignment_tests::regression_cancel_during_index_build_restores_caller_entries ... ok
2026-10-04T17:51:27.5464521Z test indexer::filelist_hierarchy::alignment_tests::regression_older_child_filelist_does_not_build_the_catalog_index ... ok
2026-10-04T17:51:27.5468040Z test indexer::filelist_hierarchy::alignment_tests::regression_ordered_subtree_replacement_preserves_append_order_and_deduplication ... ok
2026-10-04T17:51:27.5728439Z test indexer::filelist_hierarchy::alignment_tests::regression_cancel_during_subtree_mutation_restores_caller_entries ... ok
2026-10-04T17:51:27.5877316Z test indexer::filelist_reader::discovery_regression_tests::filelist_case_variant_probes_file_type_once_regression ... ok
2026-10-04T17:51:27.5882325Z test indexer::filelist_reader::discovery_regression_tests::non_filelist_neighbors_skip_metadata_probe_regression ... ok
2026-10-04T17:51:27.5887101Z test indexer::filelist_reader::discovery_regression_tests::tc_001_filelist_precedence_is_independent_of_candidate_order ... ok
2026-10-04T17:51:27.6477295Z test indexer::tests::alignment_nested_filelist_variants_do_not_replace_subtree ... ok
2026-10-04T17:51:27.6482474Z test indexer::filelist_hierarchy::alignment_tests::regression_sibling_subtree_replacements_do_not_rescan_the_whole_catalog ... ok
2026-10-04T17:51:27.6491377Z test indexer::tests::annotate_write_target_error_adds_permission_hint ... ok
2026-10-04T17:51:27.6551179Z test indexer::tests::apply_overrides_can_cancel_during_nested_filelist_parse ... ok
2026-10-04T17:51:27.6639021Z test indexer::tests::ancestor_filelist_propagation_needed_skips_already_referenced_child ... ok
2026-10-04T17:51:27.6679105Z test indexer::tests::build_filelist_text_deduplicates_lexically_equivalent_relative_paths ... ok
2026-10-04T17:51:27.6685432Z test indexer::tests::build_filelist_text_keeps_lexical_relative_for_missing_entry ... ok
2026-10-04T17:51:27.6855105Z test indexer::tests::build_filelist_text_uses_relative_paths_when_possible ... ok
2026-10-04T17:51:27.7087357Z test indexer::tests::build_index_can_disable_filelist ... ok
2026-10-04T17:51:28.8592476Z test indexer::tests::build_index_ignores_older_nested_filelist ... ok
2026-10-04T17:51:28.8595382Z test indexer::filelist_hierarchy::alignment_tests::regression_nested_sibling_overrides_bound_end_to_end_index_visits ... ok
2026-10-04T17:51:28.8693409Z test indexer::tests::build_index_uses_filelist_when_present ... ok
2026-10-04T17:51:28.8756836Z test indexer::tests::build_index_walks_when_filelist_missing ... ok
2026-10-04T17:51:28.8806319Z test indexer::tests::build_index_with_metadata_reports_filelist_source ... ok
2026-10-04T17:51:28.8832338Z test indexer::tests::build_index_with_metadata_reports_walker_source ... ok
2026-10-04T17:51:28.8872695Z test indexer::tests::empty_kind_scope_returns_before_filelist_discovery_regression ... ok
2026-10-04T17:51:28.8939444Z test indexer::tests::find_filelist_accepts_lowercase_name ... ok
2026-10-04T17:51:28.8961074Z test indexer::tests::find_filelist_cancellable_regression_stops_when_request_is_stale ... ok
2026-10-04T17:51:28.9012284Z test indexer::tests::find_filelist_in_first_level_only_checks_root ... ok
2026-10-04T17:51:28.9076482Z test indexer::tests::find_filelist_prefers_uppercase_name ... ok
2026-10-04T17:51:28.9141058Z test indexer::tests::find_filelist_uses_lexical_precedence_for_noncanonical_variants_when_supported ... ok
2026-10-04T17:51:28.9145759Z test indexer::tests::normalize_filelist_entry_for_text_compare_collapses_relative_variants ... ok
2026-10-04T17:51:29.0805070Z test indexer::tests::parse_and_write_filelist ... ok
2026-10-04T17:51:29.0945068Z test indexer::tests::parse_filelist_accepts_backslash_relative_path ... ok
2026-10-04T17:51:29.1025941Z test indexer::tests::parse_filelist_accepts_quoted_path ... ok
2026-10-04T17:51:29.1099617Z test indexer::tests::parse_filelist_resolves_relative_and_absolute_paths ... ok
2026-10-04T17:51:29.1153334Z test indexer::tests::parse_filelist_stream_can_be_canceled ... ok
2026-10-04T17:51:29.1224775Z test indexer::tests::parse_filelist_stream_returns_known_kind_when_filter_requires_type ... ok
2026-10-04T17:51:29.1297107Z test indexer::tests::parse_filelist_stream_returns_unknown_kind_when_both_types_are_enabled ... ok
2026-10-04T17:51:29.1299110Z test indexer::tests::perf::perf_filelist_stream_is_faster_than_metadata_probe_baseline ... ignored, perf measurement; run explicitly
2026-10-04T17:51:29.1300928Z test indexer::tests::perf::perf_filelist_stream_reuses_line_buffer ... ignored, perf measurement; run explicitly
2026-10-04T17:51:29.4880101Z test indexer::tests::regression_bounded_ancestor_plan_stays_inside_fixture_and_preserves_propagation ... ok
2026-10-04T17:51:29.5158278Z test indexer::tests::regression_parse_filelist_stream_prefers_platform_candidate_without_exists_probe ... ok
2026-10-04T17:51:29.5635413Z test indexer::tests::tc006a_build_index_cancellable_reports_filelist_cancellation ... ok
2026-10-04T17:51:29.6032600Z test indexer::tests::tc006a_build_index_cancellable_reports_walker_cancellation ... ok
2026-10-04T17:51:29.6102421Z test indexer::tests::tc006a_walk_entries_stream_cancellable_stops_before_callback ... ok
2026-10-04T17:51:29.6109490Z test indexer::tests::tc048_complete_ancestor_scan_keeps_deterministic_variants_and_continues ... ok
2026-10-04T17:51:29.6129069Z test indexer::tests::tc048_incomplete_ancestor_scan_discards_partial_candidates_and_stops_before_parent ... ok
2026-10-04T17:51:29.6342932Z test indexer::tests::tc161_bom_ancestor_dedupes_existing_child_reference ... ok
2026-10-04T17:51:29.6427629Z test indexer::tests::tc161_bom_only_filelist_is_empty ... ok
2026-10-04T17:51:29.6491926Z test indexer::tests::tc161_invalid_nested_filelist_preserves_parent_entries ... ok
2026-10-04T17:51:29.6666287Z test indexer::tests::tc161_long_line_cancellation_occurs_before_callback ... ok
2026-10-04T17:51:29.6895416Z test indexer::tests::tc161_nul_ancestor_is_not_rewritten_and_root_still_commits ... ok
2026-10-04T17:51:29.7005660Z test indexer::tests::tc161_rejects_over_one_mib_line_before_callback ... ok
2026-10-04T17:51:29.7307230Z test indexer::tests::tc161_rejects_utf16_legacy_invalid_utf8_nul_and_truncated_sequences ... ok
2026-10-04T17:51:29.7456889Z test indexer::tests::tc161_stable_invalid_root_emits_no_valid_prefix_and_reports_byte_offset ... ok
2026-10-04T17:51:29.7532203Z test indexer::tests::tc161_utf8_bom_crlf_and_non_ascii_path_match_plain_utf8 ... ok
2026-10-04T17:51:29.9430278Z test indexer::tests::build_index_applies_newest_filelist_per_depth_regression ... ok
2026-10-04T17:51:29.9510859Z test indexer::tests::tc161_writer_round_trip_is_utf8_without_bom ... ok
2026-10-04T17:51:30.0150028Z test indexer::tests::build_index_overrides_subtree_with_newer_nested_filelist_regression ... ok
2026-10-04T17:51:30.0311089Z test indexer::tests::tc165_ancestor_opt_out_leaves_ancestor_unchanged ... ok
2026-10-04T17:51:30.0312738Z test indexer::tests::tc165_cancellation_before_first_replacement_is_clean ... ok
2026-10-04T17:51:30.0320267Z test indexer::tests::tc165_case_insensitive_aliases_are_deduplicated_by_resolved_identity ... ok
2026-10-04T17:51:30.0333052Z test indexer::tests::tc165_cancellation_during_plan_returns_clean_report_without_writes ... ok
2026-10-04T17:51:30.0337040Z test indexer::tests::tc165_hard_abort_child_after_first_filelist_commit ... ok
2026-10-04T17:51:30.0540262Z 
2026-10-04T17:51:30.0541282Z running 1 test
2026-10-04T17:51:30.1729908Z test indexer::tests::tc165_cancellation_after_commit_rolls_back_every_committed_target ... ok
2026-10-04T17:51:30.3128269Z test indexer::tests::tc165_invalid_ancestor_stops_propagation_but_root_target_remains_strict ... ok
2026-10-04T17:51:30.8063408Z test indexer::tests::tc165_injected_write_and_rollback_failures_are_reported ... ok
2026-10-04T17:51:30.8321083Z test indexer::tests::tc165_invalid_upper_ancestor_preserves_lower_planned_target ... ok
2026-10-04T17:51:30.8322164Z test indexer::tests::tc165_later_target_change_rolls_back_earlier_commit ... ok
2026-10-04T17:51:30.8677380Z test indexer::tests::tc165_metadata_only_change_after_plan_fails_without_first_write ... ok
2026-10-04T17:51:30.9057839Z test indexer::tests::tc165_hard_abort_before_root_preserves_state_and_retry_converges ... ok
2026-10-04T17:51:30.9684810Z test indexer::tests::tc165_panic_during_rollback_is_reported_without_unwinding ... ok
2026-10-04T17:51:30.9780741Z test indexer::tests::tc165_parent_directory_replacement_after_plan_fails_without_first_write ... ok
2026-10-04T17:51:31.1498563Z test indexer::tests::tc165_plan_orders_ancestors_before_the_root_commit_point ... ok
2026-10-04T17:51:31.1500857Z test indexer::tests::tc165_panic_replacing_later_target_rolls_back_earlier_commit ... ok
2026-10-04T17:51:31.4286935Z test indexer::tests::tc165_plan_uses_deterministic_root_filename_precedence ... ok
2026-10-04T17:51:31.4711630Z test indexer::tests::tc165_preflight_report_preserves_selected_lowercase_root_target ... ok
2026-10-04T17:51:31.5246752Z test indexer::tests::tc165_root_overwrite_without_consent_has_zero_writes ... ok
2026-10-04T17:51:31.5713622Z test indexer::tests::tc165_plan_materializes_all_ancestor_targets_before_execution ... ok
2026-10-04T17:51:31.5868523Z test indexer::tests::tc165_same_bytes_replacement_after_plan_fails_without_first_write ... ok
2026-10-04T17:51:31.6095905Z test indexer::tests::tc165_target_changed_after_plan_fails_without_first_write ... ok
2026-10-04T17:51:31.6410872Z test indexer::tests::tc_180_limited_filelist_excludes_undefined_root_relative_depth ... ok
2026-10-04T17:51:31.6521955Z test indexer::tests::tc165_target_created_after_plan_fails_without_overwrite ... ok
2026-10-04T17:51:31.6528340Z test indexer::tests::visit_ancestor_directories_stops_when_callback_requests_break ... ok
2026-10-04T17:51:31.6898870Z test indexer::tests::walkers_are_separated_for_files_and_dirs ... ok
2026-10-04T17:51:31.7331330Z test indexer::tests::tc_180_max_depth_matches_walker_and_filelist_boundaries ... ok
2026-10-04T17:51:31.7659233Z test indexer::tests::write_filelist_cancellable_stops_before_replacing_output ... ok
2026-10-04T17:51:31.7770607Z test indexer::tests::tc165_post_replace_sync_failure_rolls_back_the_current_target ... ok
2026-10-04T17:51:31.9167104Z test indexer::tests::write_filelist_writes_file ... ok
2026-10-04T17:51:31.9170638Z test path_utils::tests::tc202_regression_display_text_preserves_non_verbatim_content ... ok
2026-10-04T17:51:31.9173633Z test path_utils::tests::tc202_regression_display_text_strips_all_embedded_verbatim_path_prefixes ... ok
2026-10-04T17:51:31.9179096Z test persistence::worker::tests::default_persistence_paths_are_isolated_in_unit_tests ... ok
2026-10-04T17:51:31.9259612Z test indexer::tests::write_filelist_does_not_duplicate_existing_ancestor_child_reference ... ok
2026-10-04T17:51:31.9329367Z test persistence::worker::tests::migrate_or_legacy_path_skips_missing_legacy_and_uses_next_one ... ok
2026-10-04T17:51:31.9413432Z test persistence::worker::tests::migrate_or_legacy_saved_roots_path_leaves_existing_current_file_untouched ... ok
2026-10-04T17:51:31.9489380Z test persistence::worker::tests::migrate_or_legacy_ui_state_path_prefers_current_and_moves_legacy_when_missing ... ok
2026-10-04T17:51:31.9588309Z test persistence::worker::tests::public_persisted_reader_preserves_full_document_validation ... ok
2026-10-04T17:51:31.9644840Z test persistence::worker::tests::public_async_history_enqueue_is_a_noop_when_history_is_disabled ... ok
2026-10-04T17:51:31.9747186Z test persistence::worker::tests::public_persisted_roots_and_history_api_honors_history_disabled ... ok
2026-10-04T17:51:31.9753229Z test persistence::worker::tests::saved_roots_file_path_in_joins_base_directory ... ok
2026-10-04T17:51:31.9756938Z test persistence::worker::tests::tc_167_child_process_history_writer_helper ... ok
2026-10-04T17:51:32.5141257Z test persistence::worker::tests::public_persistence_round_trip_preserves_existing_document_fields ... ok
2026-10-04T17:51:32.5490818Z test persistence::worker::tests::tc_167_generation_arriving_during_blocked_commit_is_flushed_next_without_loss ... ok
2026-10-04T17:51:32.7062003Z test persistence::worker::tests::tc_167_invalid_document_retry_preserves_history_until_external_repair ... ok
2026-10-04T17:51:32.7626685Z test persistence::worker::tests::tc_167_invalid_document_blocks_settings_commit_before_any_write ... ok
2026-10-04T17:51:32.7760612Z test persistence::worker::tests::tc_167_latest_json_history_is_globally_normalized_before_unrelated_patch ... ok
2026-10-04T17:51:32.7924748Z test persistence::worker::tests::tc_167_observed_settings_commit_reports_saved_root_failure_without_changing_ui_state ... ok
2026-10-04T17:51:33.2076043Z test persistence::worker::tests::tc_167_persistence_coalesces_patch_leaves_last_write_wins ... ok
2026-10-04T17:51:33.2557871Z test persistence::worker::tests::tc_167_observed_settings_commit_rolls_back_saved_roots_when_ui_state_write_fails ... ok
2026-10-04T17:51:33.3289275Z test persistence::worker::tests::tc_167_persistence_deduplicates_and_caps_history_at_100 ... ok
2026-10-04T17:51:33.4083371Z test indexer::tests::write_filelist_appends_child_filelist_to_ancestor_filelists_without_touching_mtime ... ok
2026-10-04T17:51:33.4209806Z test persistence::worker::tests::tc_167_persistence_keeps_ordered_a_b_a_deltas_as_b_a ... ok
2026-10-04T17:51:33.4454275Z test persistence::worker::tests::tc_167_persistence_disabled_history_is_a_load_and_save_noop ... ok
2026-10-04T17:51:33.9967727Z test persistence::worker::tests::tc_167_persistence_merges_two_writers_and_preserves_unknown_json_fields ... ok
2026-10-04T17:51:34.0566068Z test persistence::worker::tests::tc_167_persistence_retries_lock_timeout_without_losing_generations ... ok
2026-10-04T17:51:34.0696149Z test persistence::worker::tests::tc_167_post_replace_sync_failure_rolls_back_saved_roots ... ok
2026-10-04T17:51:34.4292108Z test persistence::worker::tests::tc_167_seeded_gui_history_does_not_replay_over_latest_external_history ... ok
2026-10-04T17:51:34.4545294Z test persistence::worker::tests::tc_167_settings_rollback_failures_preserve_original_and_both_restore_errors ... ok
2026-10-04T17:51:34.4717420Z test persistence::worker::tests::tc_167_unreadable_existing_document_is_not_an_empty_merge_base ... ok
2026-10-04T17:51:34.4801228Z test persistence::worker::tests::tc_168_compacted_history_delta_preserves_sequential_recency_and_cap ... ok
2026-10-04T17:51:34.4807144Z test persistence::worker::tests::tc_168_control_channel_is_bounded_and_full_is_explicit ... ok
2026-10-04T17:51:34.7844293Z test persistence::worker::tests::tc_167_post_replace_ui_state_sync_failure_rolls_back_both_files ... ok
2026-10-04T17:51:34.7849618Z test persistence::worker::tests::tc_168_disconnected_admission_never_claims_a_generation ... ok
2026-10-04T17:51:34.8001821Z test persistence::worker::tests::tc_168_detached_ui_state_writer_flushes_outside_frame_waiting_for_lock_release ... ok
2026-10-04T17:51:34.8091556Z test persistence::worker::tests::tc_168_failed_startup_read_blocks_settings_after_repair_and_keeps_roots ... ok
2026-10-04T17:51:34.8423620Z test persistence::worker::tests::tc_168_failed_startup_read_never_autosaves_fallback_after_external_repair ... ok
2026-10-04T17:51:34.8429071Z test persistence::worker::tests::tc_168_old_success_cannot_clear_failure_while_new_generation_is_pending ... ok
2026-10-04T17:51:34.8693832Z test persistence::worker::tests::tc_167_two_process_writers_preserve_alternating_history ... ok
2026-10-04T17:51:34.9372501Z test persistence::worker::tests::tc_168_observed_settings_commit_enqueue_does_not_wait_for_ui_state_lock ... ok
2026-10-04T17:51:34.9466073Z test persistence::worker::tests::tc_168_persistence_enqueue_does_not_wait_for_a_held_lock ... ok
2026-10-04T17:51:35.0121202Z test persistence::worker::tests::tc_168_rejected_snapshot_keeps_history_baseline_and_recovers_latest_generation ... ok
2026-10-04T17:51:35.0123384Z test persistence::worker::tests::tc_168_sustained_failure_has_bounded_nonblocking_admission ... ok
2026-10-04T17:51:35.0127245Z test persistence::worker::tests::ui_state_file_path_in_joins_base_directory ... ok
2026-10-04T17:51:35.0261953Z test query::tests::alignment_field_paths_ignore_display_mode_and_map_multibyte_spans ... ok
2026-10-04T17:51:35.0550832Z test query::tests::alignment_literal_field_paths_normalize_both_separator_styles ... ok
2026-10-04T17:51:35.0906544Z test persistence::worker::tests::tc_168_settings_flush_and_shutdown_preserve_admission_barriers ... ok
2026-10-04T17:51:35.1252363Z test persistence::worker::tests::tc_168_typed_invalid_document_is_preserved_before_settings_side_effects ... ok
2026-10-04T17:51:35.1268643Z test query::tests::alignment_regex_or_preserves_nested_classes_escaped_pipes_and_flags ... ok
2026-10-04T17:51:35.1271769Z test query::tests::ignore_terms_respect_ignore_case_flag ... ok
2026-10-04T17:51:35.1277611Z test query::tests::ignore_terms_use_literal_exclusion_matching_without_fuzzy_fallback ... ok
2026-10-04T17:51:35.1298903Z test query::tests::parse_include_alternative_keeps_exact_marker_information ... ok
2026-10-04T17:51:35.1304181Z test query::tests::parse_query_preserves_existing_token_buckets ... ok
2026-10-04T17:51:35.1305682Z test query::tests::split_anchor_extracts_core_text ... ok
2026-10-04T17:51:35.1312686Z test query::tests::tc_155_compiled_query_supplies_visibility_score_and_multibyte_spans ... ok
2026-10-04T17:51:35.1314430Z test query::tests::tc_155_ignore_terms_preserve_literal_quote_behavior ... ok
2026-10-04T17:51:35.1322599Z test query::tests::tc_155_regression_visible_match_remains_a_positive_term_projection ... ok
2026-10-04T17:51:35.1324478Z test query::tests::tc_175_extension_uses_only_the_final_file_suffix_and_excludes_directories ... ok
2026-10-04T17:51:35.1336976Z test query::tests::tc_175_field_highlights_map_back_to_the_visible_path ... ok
2026-10-04T17:51:35.1338557Z test query::tests::tc_175_field_terms_filter_name_path_dir_and_extension_independently ... ok
2026-10-04T17:51:35.1389514Z test query::tests::tc_175_regex_is_compiled_from_the_field_value ... ok
2026-10-04T17:51:35.1391204Z test query::tests::tc_175_unknown_prefix_stays_unscoped_and_empty_known_field_is_invalid ... ok
2026-10-04T17:51:35.1396572Z test query::tests::tc_176_ignore_terms_match_across_path_separator_styles ... ok
2026-10-04T17:51:35.1398300Z test query::tests::token_uses_regex_syntax_is_conservative_for_regex_metacharacters ... ok
2026-10-04T17:51:35.1405255Z test query::tests::visible_match_repeated_exact_tokens_require_repeated_literal_occurrences ... ok
2026-10-04T17:51:35.1407484Z test query_history::tests::history_matches_are_recent_first_and_fuzzy_filtered ... ok
2026-10-04T17:51:35.1431135Z test query_history::tests::history_with_query_keeps_only_the_latest_hundred_entries ... ok
2026-10-04T17:51:35.1435306Z test query_history::tests::history_with_query_trims_deduplicates_and_moves_to_the_back ... ok
2026-10-04T17:51:35.1937869Z test query::tests::alignment_regex_or_retains_exact_alternatives_and_discards_empty_ones ... ok
2026-10-04T17:51:35.3942648Z test runtime_config::tests::ctrl_w_query_word_delete_option_loads_when_explicitly_enabled ... ok
2026-10-04T17:51:35.4205072Z test runtime_config::tests::editable_settings_detects_external_change_without_overwriting_it ... ok
2026-10-04T17:51:35.4514341Z test runtime_config::tests::editable_filelist_auto_check_opt_out_preserves_unknowns_and_detects_conflict ... ok
2026-10-04T17:51:35.4823579Z test runtime_config::tests::developer_config_loads_but_is_not_seeded ... ok
2026-10-04T17:51:35.4825548Z test runtime_config::tests::editable_settings_pre_replace_permission_failure_preserves_original ... ok
2026-10-04T17:51:35.4865174Z test runtime_config::tests::editable_settings_rejects_duplicate_known_keys_like_normal_bootstrap ... ok
2026-10-04T17:51:35.4867300Z test runtime_config::tests::editable_settings_rejects_invalid_json_and_zero_limit ... ok
2026-10-04T17:51:35.5123479Z test runtime_config::tests::editable_settings_rejects_oversized_valid_json_without_changing_it ... ok
2026-10-04T17:51:35.5410674Z test runtime_config::tests::editable_settings_near_limit_keeps_unknown_key_and_rejects_oversized_save ... ok
2026-10-04T17:51:35.6230697Z test runtime_config::tests::editable_settings_save_preserves_unknown_json_and_defers_effective_config ... ok
2026-10-04T17:51:35.6334976Z test runtime_config::tests::editable_settings_restores_original_after_post_replace_sync_failure ... ok
2026-10-04T17:51:35.6764444Z test runtime_config::tests::editable_settings_stale_snapshot_cannot_replace_another_save_or_deleted_file ... ok
2026-10-04T17:51:35.9029817Z test runtime_config::tests::existing_config_overrides_current_env_values ... ok
2026-10-04T17:51:35.9279489Z test runtime_config::tests::ensure_runtime_config_rechecks_current_after_waiting_for_sidecar_lock ... ok
2026-10-04T17:51:36.0299857Z test runtime_config::tests::filelist_auto_check_defaults_on_for_old_config_and_saved_file_is_authoritative ... ok
2026-10-04T17:51:36.0305101Z test runtime_config::tests::filelist_auto_check_environment_seeds_explicit_opt_out_and_default ... ok
2026-10-04T17:51:36.0314848Z test runtime_config::tests::legacy_settings_base_dirs_include_home_directory_for_transition_migration ... ok
2026-10-04T17:51:36.0883441Z test runtime_config::tests::load_or_seed_rechecks_current_after_waiting_for_sidecar_lock ... ok
2026-10-04T17:51:36.1586687Z test runtime_config::tests::load_runtime_config_adds_missing_user_config_values_to_existing_file ... ok
2026-10-04T17:51:36.2215867Z test runtime_config::tests::load_runtime_config_from_path_handles_missing_field_defaults ... ok
2026-10-04T17:51:36.4187844Z test runtime_config::tests::load_runtime_config_removes_deprecated_walker_options_from_existing_file ... ok
2026-10-04T17:51:36.5280680Z test runtime_config::tests::migrate_file_if_needed_atomic_fallback_copies_exact_bytes_and_removes_legacy ... ok
2026-10-04T17:51:36.5768398Z test runtime_config::tests::migrate_file_if_needed_does_not_overwrite_existing_current_file ... ok
2026-10-04T17:51:36.5801506Z test runtime_config::tests::migrate_file_if_needed_failed_atomic_fallback_leaves_no_partial_current ... ok
2026-10-04T17:51:36.5834426Z test runtime_config::tests::migrate_file_if_needed_keeps_current_that_appears_before_fallback_promotion ... ok
2026-10-04T17:51:36.6438342Z test runtime_config::tests::migrate_file_if_needed_moves_legacy_file_into_current_location ... ok
2026-10-04T17:51:36.7205769Z test runtime_config::tests::seeds_and_writes_config_when_missing ... ok
2026-10-04T17:51:36.7410162Z test runtime_config::tests::seeds_default_user_config_values_when_missing ... ok
2026-10-04T17:51:37.0059380Z test runtime_config::tests::seeds_keep_explicit_default_env_values_in_generated_config ... ok
2026-10-04T17:51:37.0067182Z test search::match_eval::tests::unknown_kind_ext_query_resolves_only_when_file_and_directory_results_differ ... ok
2026-10-04T17:51:37.0072067Z test search::tests::absolute_search_results_are_visible_in_absolute_display_on_posix_paths ... ok
2026-10-04T17:51:37.0077053Z test search::tests::all_matches_name_sort_can_surface_items_outside_score_limited_snapshot ... ok
2026-10-04T17:51:37.0080654Z test search::tests::anchors_in_non_regex_are_fuzzy_with_adjacent_constraints ... ok
2026-10-04T17:51:37.0127054Z test runtime_config::tests::settings_base_dir_uses_platform_specific_settings_directory ... ok
2026-10-04T17:51:37.0168864Z test search::tests::cancellable_rank_search_stops_before_publishing_partial_results ... ok
2026-10-04T17:51:37.0174563Z test search::tests::case_sensitive_search_respects_ignore_case_flag ... ok
2026-10-04T17:51:37.0177269Z test search::tests::empty_query_returns_empty ... ok
2026-10-04T17:51:37.0181785Z test search::tests::end_anchor_uses_adjacent_character_constraint ... ok
2026-10-04T17:51:37.0186755Z test search::tests::exact_and_exclusion_tokens_work ... ok
2026-10-04T17:51:37.0192283Z test search::tests::exact_token_matches_literal_substring ... ok
2026-10-04T17:51:37.0198299Z test search::tests::exact_token_supports_anchor_with_caret_first_order ... ok
2026-10-04T17:51:37.0203280Z test search::tests::exact_token_supports_anchor_with_quote_first_order ... ok
2026-10-04T17:51:37.0208535Z test search::tests::exact_token_supports_or_operator ... ok
2026-10-04T17:51:37.0213961Z test search::tests::exclusion_token_does_not_fuzzy_match ... ok
2026-10-04T17:51:37.0216732Z test search::tests::exclusion_uses_visible_relative_path_when_scope_is_relative ... ok
2026-10-04T17:51:37.0220755Z test search::tests::hides_non_matching_results ... ok
2026-10-04T17:51:37.0225261Z test search::tests::include_or_supports_exact_on_both_sides ... ok
2026-10-04T17:51:37.0230141Z test search::tests::include_or_supports_mixed_exact_on_right_side ... ok
2026-10-04T17:51:37.0234415Z test search::tests::include_token_pipe_acts_as_or ... ok
2026-10-04T17:51:37.0238938Z test search::tests::include_token_pipe_still_combines_with_and_tokens ... ok
2026-10-04T17:51:37.0244570Z test search::tests::cancellable_empty_query_checks_during_materialization_and_metadata_sort ... ok
2026-10-04T17:51:37.0246457Z test search::tests::indexed_search_with_candidates_matches_full_scan ... ok
2026-10-04T17:51:37.0248700Z test search::tests::invalid_regex_returns_error_in_try_api ... ok
2026-10-04T17:51:37.0258397Z test search::tests::limited_search_reports_total_match_count ... ok
2026-10-04T17:51:37.0264796Z test search::tests::lone_operator_tokens_are_ignored ... ok
2026-10-04T17:51:37.0270354Z test search::tests::multi_term_query_prefers_literal_hits_per_token_over_subsequence_only_hits ... ok
2026-10-04T17:51:37.0275831Z test search::tests::multi_term_query_prioritizes_exact_term_hits ... ok
2026-10-04T17:51:37.0279834Z test search::tests::orders_by_score_and_limit ... ok
2026-10-04T17:51:37.0333143Z test search::tests::limited_search_matches_full_indexed_ranking ... ok
2026-10-04T17:51:37.0334240Z test search::tests::perf_search_100k_candidates_reports_latency ... ignored, perf measurement; run explicitly
2026-10-04T17:51:37.0335589Z test search::tests::perf_search_100k_cold_warm_query_shapes ... ignored, TC-156 release-mode perf regression; run explicitly
2026-10-04T17:51:37.0337794Z test search::tests::prioritizes_exact_filename_match ... ok
2026-10-04T17:51:37.0342941Z test search::tests::regex_mode_keeps_plain_or_token_fuzzy_matching ... ok
2026-10-04T17:51:37.0347112Z test search::tests::regex_mode_keeps_plain_token_fuzzy_matching ... ok
2026-10-04T17:51:37.0407062Z test search::tests::regex_mode_preserves_regex_only_token_behavior ... ok
2026-10-04T17:51:37.0468405Z test search::tests::regex_query_works_when_enabled ... ok
2026-10-04T17:51:37.0484826Z test search::tests::regression_plain_prefix_cache_still_reduces_plain_candidate_evaluation ... ok
2026-10-04T17:51:37.0516565Z test search::tests::regression_regex_seed_never_narrows_a_plain_prefix_search ... ok
2026-10-04T17:51:37.0520658Z test search::tests::relative_search_normalizes_extended_drive_prefixes ... ok
2026-10-04T17:51:37.0524764Z test search::tests::relative_search_normalizes_extended_unc_prefixes ... ok
2026-10-04T17:51:37.0530683Z test search::tests::relative_search_results_are_visible_in_relative_display_on_posix_paths ... ok
2026-10-04T17:51:37.0535810Z test search::tests::repeated_exact_tokens_require_repeated_literal_occurrences ... ok
2026-10-04T17:51:37.0540995Z test search::tests::shared_all_match_path_sort_uses_the_complete_normalized_path ... ok
2026-10-04T17:51:37.0730828Z test runtime_config::tests::startup_normalization_keeps_successful_concurrent_settings_save ... ok
2026-10-04T17:51:37.0742330Z test search::tests::tc_057b_tc_163_shared_all_match_sort_keeps_score_and_uses_stable_name_path_ties ... ok
2026-10-04T17:51:37.0745949Z test search::tests::tc_057b_tc_163_shared_all_match_sort_orders_before_limit_for_empty_queries ... ok
2026-10-04T17:51:37.0751164Z test search::tests::tc_057b_tc_163_shared_all_match_sort_returns_no_results_at_zero_limit ... ok
2026-10-04T17:51:37.0755300Z test search::tests::tc_057b_tc_163_shared_sort_returns_query_errors_without_partial_results ... ok
2026-10-04T17:51:37.0759450Z test search::tests::tc_155_regression_authoritative_search_still_applies_exclusion ... ok
2026-10-04T17:51:37.0763592Z test search::tests::tc_155_regression_rank_search_compiles_query_once_per_request ... ok
2026-10-04T17:51:37.0769274Z test search::tests::tc_185_nearest_rank_percentiles_use_sorted_ceiling_rank ... ok
2026-10-04T17:51:37.0773575Z test search::tests::tc_193_uncached_one_shot_ranking_matches_cached_results_without_cache_population ... ok
2026-10-04T17:51:37.0776827Z test search_catalog::tests::adding_preset_rejects_name_collisions_without_overwriting_existing_entries ... ok
2026-10-04T17:51:37.1011002Z test search::tests::tc_057b_tc_163_shared_all_match_metadata_sort_keeps_missing_and_folder_sizes_last ... ok
2026-10-04T17:51:37.1675773Z test search_catalog::tests::atomic_named_root_replace_preserves_latest_unknown_fields ... ok
2026-10-04T17:51:37.1683326Z test search_catalog::tests::catalog_mutations_strip_windows_verbatim_prefixes_from_stored_paths ... ok
2026-10-04T17:51:37.1687730Z test search_catalog::tests::catalog_names_are_trimmed_and_reject_empty_control_and_separator ... ok
2026-10-04T17:51:37.1970945Z test search_catalog::tests::atomic_preset_replace_preserves_latest_unknown_fields ... ok
2026-10-04T17:51:37.1976755Z test search_catalog::tests::follow_links_preset_defaults_false_and_round_trips ... ok
2026-10-04T17:51:37.2264337Z test search_catalog::tests::newer_or_malformed_catalog_is_not_overwritten ... ok
2026-10-04T17:51:37.2270782Z test search_catalog::tests::path_sort_modes_round_trip_in_presets ... ok
2026-10-04T17:51:37.2275224Z test search_catalog::tests::removing_named_root_preserves_preset_snapshot ... ok
2026-10-04T17:51:37.2280305Z test search_catalog::tests::replacing_named_root_renames_preset_references_and_preserves_unknown_fields ... ok
2026-10-04T17:51:37.2285605Z test search_catalog::tests::replacing_preset_supports_rename_in_place_and_rejects_name_collisions ... ok
2026-10-04T17:51:37.2290910Z test search_catalog::tests::tc_180_preset_max_depth_is_backward_compatible_and_round_trips ... ok
2026-10-04T17:51:37.2296984Z test text_editing::tests::backward_delete_removes_a_unicode_scalar_and_collapses_selection ... ok
2026-10-04T17:51:37.2301344Z test text_editing::tests::backward_word_does_not_stall_on_query_or_path_separators ... ok
2026-10-04T17:51:37.2306355Z test text_editing::tests::backward_word_uses_the_gui_word_boundary_contract ... ok
2026-10-04T17:51:37.2310412Z test text_editing::tests::yank_replaces_the_selected_range ... ok
2026-10-04T17:51:37.2670069Z test search_catalog::tests::catalog_update_round_trips_unknown_fields_and_keeps_legacy_roots_untouched ... ok
2026-10-04T17:51:37.2688955Z test ui_model::display::tests::display_path_uses_relative_path ... ok
2026-10-04T17:51:37.2818073Z test ui_model::display::tests::normalize_path_for_display_converts_unc_extended_prefix ... ok
2026-10-04T17:51:37.2820011Z test ui_model::display::tests::normalize_path_for_display_strips_extended_prefix_for_drive_path ... ok
2026-10-04T17:51:37.2894373Z test ui_model::highlight::tests::alignment_absolute_field_highlight_uses_root_relative_match_offsets ... ok
2026-10-04T17:51:37.2896670Z test ui_model::highlight::tests::alignment_regex_exact_alternative_highlights_literal_metacharacters ... ok
2026-10-04T17:51:37.2905307Z test ui_model::highlight::tests::case_sensitive_highlight_and_visibility_respect_ignore_case_flag ... ok
2026-10-04T17:51:37.2907706Z test ui_model::highlight::tests::exact_alternative_in_or_query_does_not_fall_back_to_subsequence_matching ... ok
2026-10-04T17:51:37.2914347Z test ui_model::highlight::tests::exact_token_does_not_fall_back_to_subsequence_matching ... ok
2026-10-04T17:51:37.2916227Z test ui_model::highlight::tests::has_visible_match_false_when_term_not_in_visible_text ... ok
2026-10-04T17:51:37.2923272Z test ui_model::highlight::tests::has_visible_match_or_token_uses_alternative_hits ... ok
2026-10-04T17:51:37.2925003Z test ui_model::highlight::tests::has_visible_match_true_for_exclusion_only_query ... ok
2026-10-04T17:51:37.2932622Z test ui_model::highlight::tests::match_positions_ascii_query_work_with_multibyte_path ... ok
2026-10-04T17:51:37.2934484Z test ui_model::highlight::tests::match_positions_ignore_exclusion_token_for_highlight ... ok
2026-10-04T17:51:37.2941878Z test ui_model::highlight::tests::match_positions_multibyte_query_only_highlights_matched_chars ... ok
2026-10-04T17:51:37.2943679Z test ui_model::highlight::tests::match_positions_or_token_highlights_selected_alternative ... ok
2026-10-04T17:51:37.2951397Z test ui_model::highlight::tests::match_positions_or_token_supports_exact_on_right_side ... ok
2026-10-04T17:51:37.2953298Z test ui_model::highlight::tests::match_positions_or_token_with_left_exact_keeps_left_candidate ... ok
2026-10-04T17:51:37.2960161Z test ui_model::highlight::tests::match_positions_regex_mode_plain_or_token_uses_fuzzy_highlight ... ok
2026-10-04T17:51:37.2962045Z test ui_model::highlight::tests::match_positions_regex_mode_plain_token_uses_fuzzy_highlight ... ok
2026-10-04T17:51:37.3028951Z test ui_model::highlight::tests::match_positions_support_exact_token_prefix ... ok
2026-10-04T17:51:37.3058430Z test ui_model::highlight::tests::match_positions_regex_query_highlights_matched_span ... ok
2026-10-04T17:51:37.3065553Z test ui_model::highlight::tests::tc_155_regression_highlight_remains_a_partial_positive_projection ... ok
2026-10-04T17:51:37.3067488Z test ui_model::on_demand::tests::on_demand_attribute_bits_skip_preview_without_reparse_tag ... ok
2026-10-04T17:51:37.3288677Z test ui_model::on_demand::tests::plain_file_attributes_do_not_skip_preview ... ok
2026-10-04T17:51:37.3291224Z test ui_model::paged_preview::tests::byte_boundary_keeps_utf8_scalar_and_partial_line_for_next_page ... ok
2026-10-04T17:51:37.3365836Z test ui_model::paged_preview::tests::change_and_cancellation_leave_committed_page_untouched ... ok
2026-10-04T17:51:37.3694763Z test ui_model::paged_preview::tests::initial_and_more_pages_preserve_each_line_exactly_once ... ok
2026-10-04T17:51:37.4028971Z test ui_model::paged_preview::tests::exact_line_boundaries_and_total_line_limit_are_stable ... ok
2026-10-04T17:51:37.4382955Z test ui_model::paged_preview::tests::late_binary_page_never_changes_committed_text ... ok
2026-10-04T17:51:37.4385313Z test ui_model::paged_preview::tests::invalid_utf8_continuation_after_sample_uses_legacy_encoding_for_gui_and_tui ... ok
2026-10-04T17:51:37.4446442Z test ui_model::paged_preview::tests::late_invalid_utf8_is_a_failed_page_and_source_change_is_detected ... ok
2026-10-04T17:51:37.4448957Z test ui_model::paged_preview::tests::legacy_encoding_after_ascii_prefix_is_detected_for_gui_and_tui ... ok
2026-10-04T17:51:37.4512645Z test ui_model::paged_preview::tests::legacy_encoding_after_first_page_ascii_is_selected_from_bounded_sample ... ok
2026-10-04T17:51:37.4514674Z test ui_model::paged_preview::tests::legacy_encodings_and_crlf_decode_without_replacement ... ok
2026-10-04T17:51:37.4767794Z test ui_model::paged_preview::tests::utf16_bom_accepts_ascii_nul_bytes_and_surrogate_pair ... ok
2026-10-04T17:51:37.6800231Z test ui_model::paged_preview::tests::valid_utf8_scalar_across_sample_boundary_keeps_utf8_for_gui_and_tui ... ok
2026-10-04T17:51:37.7788588Z test ui_model::preview::bounded_directory_tests::canceled_preview_does_not_probe_missing_path ... ok
2026-10-04T17:51:38.0197924Z test ui_model::preview::bounded_directory_tests::directory_preview_bounds_enumeration_and_reports_lower_bound ... ok
2026-10-04T17:51:38.0566916Z test ui_model::paged_preview::tests::no_newline_file_is_bounded_by_bytes_and_reports_limit ... ok
2026-10-04T17:51:38.1250954Z test ui_model::preview::bounded_directory_tests::directory_preview_cancels_between_entries_and_preserves_partial_errors ... ok
2026-10-04T17:51:38.1253859Z test ui_model::preview::tests::build_preview_text_decodes_shift_jis_script ... ok
2026-10-04T17:51:38.1308655Z test ui_model::preview::tests::build_preview_text_decodes_utf16le_with_bom ... ok
2026-10-04T17:51:38.1310896Z test ui_model::preview::tests::build_preview_text_for_directory ... ok
2026-10-04T17:51:38.1354361Z test ui_model::preview::tests::build_preview_text_for_file_contains_content_without_action_policy ... ok
2026-10-04T17:51:38.1357095Z test ui_model::preview::tests::build_preview_text_for_file_includes_updated_metadata ... ok
2026-10-04T17:51:38.1394961Z test ui_model::preview::tests::build_preview_text_for_hidden_file_includes_attribute ... ok
2026-10-04T17:51:38.1441810Z test ui_model::preview::tests::build_preview_text_for_readonly_file_includes_attribute ... ok
2026-10-04T17:51:38.1444369Z test ui_model::preview::tests::build_preview_text_for_windows_symlink_includes_target_metadata ... ok
2026-10-04T17:51:38.1471690Z test search::tests::parallel_collection_matches_sequential_ranking ... ok
2026-10-04T17:51:38.1478823Z test ui_model::preview::tests::build_preview_text_keeps_binary_files_unreadable ... ok
2026-10-04T17:51:38.1490254Z test ui_model::preview::tests::format_system_time_supports_dates_before_unix_epoch ... ok
2026-10-04T17:51:38.1493389Z test ui_model::preview::tests::build_preview_text_formats_large_file_size ... ok
2026-10-04T17:51:38.1498687Z test ui_model::preview::tests::format_system_time_uses_compact_utc_format ... ok
2026-10-04T17:51:38.1718329Z test ui_model::preview::tests::build_preview_text_limits_lines ... ok
2026-10-04T17:51:38.1721532Z test ui_model::preview::tests::regression_exact_limit_utf8_preview_keeps_complete_final_codepoint ... ok
2026-10-04T17:51:38.1748719Z test ui_model::preview::tests::regression_utf8_boundary_accepts_one_to_three_missing_bytes ... ok
2026-10-04T17:51:38.1750628Z test ui_model::preview::tests::regression_truncated_utf8_preview_keeps_the_valid_prefix_encoding ... ok
2026-10-04T17:51:38.1780684Z test ui_model::preview::tests::regression_utf8_boundary_requires_a_valid_continuation ... ok
2026-10-04T17:51:38.1782765Z test ui_model::syntax_preview::tests::classifies_c_cpp_html_and_multiline_across_append ... ok
2026-10-04T17:51:38.1789157Z test ui_model::syntax_preview::tests::classifies_each_supported_language_without_modifying_text ... ok
2026-10-04T17:51:38.1791526Z test ui_model::syntax_preview::tests::colors_csv_and_tsv_fields_by_column_without_reformatting_text ... ok
2026-10-04T17:51:38.1798239Z test ui_model::syntax_preview::tests::detects_every_approved_language_and_exact_uppercase_c ... ok
2026-10-04T17:51:38.1800194Z test ui_model::syntax_preview::tests::empty_delimited_cells_advance_columns_and_ninth_column_reuses_first_color ... ok
2026-10-04T17:51:38.1806143Z test ui_model::syntax_preview::tests::multiline_quoted_field_keeps_following_column_across_pages ... ok
2026-10-04T17:51:38.1807935Z test ui_model::syntax_preview::tests::preserves_csv_escaped_quote_when_page_ends_between_quote_bytes ... ok
2026-10-04T17:51:38.1862816Z test ui_model::syntax_preview::tests::preserves_quoted_csv_state_across_pages_and_escaped_quotes ... ok
2026-10-04T17:51:38.2088447Z test update_security::tests::derives_public_key_from_signing_key ... ok
2026-10-04T17:51:38.2254523Z test ui_model::syntax_preview::tests::bounded_spans_fall_back_to_plain_without_losing_text ... ok
2026-10-04T17:51:38.2390284Z test update_security::tests::sign_and_verify_round_trip ... ok
2026-10-04T17:51:38.2391755Z test updater::apply::tests::detached_helper_child_noop ... ok
2026-10-04T17:51:38.2396604Z test updater::apply::tests::tc159_internal_helper_arguments_are_exact_and_positional ... ok
2026-10-04T17:51:38.2398483Z test updater::apply::tests::tc179_regression_helper_launch_does_not_force_install_directory_as_current_dir ... ok
2026-10-04T17:51:38.2404641Z test updater::apply::tests::tc179_regression_windows_helper_launch_retries_without_verbatim_prefix ... ok
2026-10-04T17:51:38.2406873Z test updater::apply::tests::tc179_regression_windows_helper_spawn_error_hides_verbatim_prefix ... ok
2026-10-04T17:51:38.2468756Z test updater::apply::tests::tc187_regression_windows_helper_retries_transient_normal_path_failure ... ok
2026-10-04T17:51:38.2578743Z test updater::apply::tests::tc187_regression_windows_helper_retry_rounds_include_verbatim_fallback ... ok
2026-10-04T17:51:38.2580681Z 
2026-10-04T17:51:38.2581284Z running 1 test
2026-10-04T17:51:38.2782018Z test update_security::tests::verify_signature_rejects_tampered_message ... ok
2026-10-04T17:51:38.3239364Z test updater::manifest::tests::checksum_manifest_signature_verification_detects_match ... ok
2026-10-04T17:51:38.3486158Z test updater::manifest::tests::checksum_verification_detects_match ... ok
2026-10-04T17:51:38.3488798Z test updater::apply::tests::tc187_regression_hidden_updater_child_does_not_inherit_stale_stdio ... ok
2026-10-04T17:51:38.3493425Z test updater::manifest::tests::parse_checksum_line_supports_sha256sum_format ... ok
2026-10-04T17:51:38.3557722Z test updater::manifest::tests::checksum_manifest_signature_verification_rejects_tampering ... ok
2026-10-04T17:51:38.3832511Z test updater::manifest::tests::tc157_manifest_rejects_duplicate_required_filename ... ok
2026-10-04T17:51:38.3838769Z test updater::manifest::tests::checksum_verification_detects_sidecar_match ... ok
2026-10-04T17:51:38.3843246Z test updater::manifest::tests::tc194_regression_manifest_accepts_cli_asset_family ... ok
2026-10-04T17:51:38.3846144Z test updater::manifest::tests::tc194_regression_manifest_rejects_nearby_cli_prefix ... ok
2026-10-04T17:51:38.3849266Z test updater::release::tests::current_platform_target_matches_release_asset_pattern ... ok
2026-10-04T17:51:38.3851838Z test updater::release::tests::effective_update_support_respects_embedded_public_key_availability ... ok
2026-10-04T17:51:38.3854400Z test updater::release::tests::parse_version_accepts_tag_prefix ... ok
2026-10-04T17:51:38.3857937Z test updater::release::tests::resolve_update_candidate_from_release_builds_candidate_from_assets ... ok
2026-10-04T17:51:38.3861858Z test updater::release::tests::resolve_update_candidate_from_release_skips_non_newer_versions ... ok
2026-10-04T17:51:38.3864177Z test updater::release::tests::select_release_assets_collects_expected_assets ... ok
2026-10-04T17:51:38.3867544Z test updater::release::tests::should_offer_update_supports_downgrade_override ... ok
2026-10-04T17:51:38.3870714Z test updater::release::tests::should_offer_update_supports_same_version_override ... ok
2026-10-04T17:51:38.3873558Z test updater::release::tests::should_skip_update_prompt_blocks_same_or_older_target_versions ... ok
2026-10-04T17:51:38.3876468Z test updater::release::tests::tc157_candidate_resolution_rejects_duplicate_required_asset_name ... ok
2026-10-04T17:51:38.3879148Z test updater::release::tests::tc190_manual_platform_candidate_does_not_require_install_assets ... ok
2026-10-04T17:51:38.3881907Z test updater::release::tests::tc190_supported_x86_64_target_is_auto_with_real_asset_family ... ok
2026-10-04T17:51:38.3884584Z test updater::release::tests::tc190_unsupported_architecture_is_manual_without_spoofed_assets ... ok
2026-10-04T17:51:38.3906776Z test updater::release::tests::tc193_cli_target_rejects_release_missing_fw_asset ... ok
2026-10-04T17:51:38.3910943Z test updater::release::tests::tc193_cli_target_selects_fw_asset_when_present ... ok
2026-10-04T17:51:38.3913574Z test updater::release::tests::tc193_cli_target_uses_fw_asset_and_shared_sidecars ... ok
2026-10-04T17:51:38.3915931Z test updater::release::tests::windows_support_is_auto ... ok
2026-10-04T17:51:38.4031730Z test updater::staging::tests::open_new_staged_file_refuses_existing_file ... ok
2026-10-04T17:51:38.4046743Z test updater::manifest::tests::tc157_manifest_rejects_invalid_digest_and_unsafe_filename ... ok
2026-10-04T17:51:38.4069555Z test updater::manifest::tests::tc188_download_verification_checks_cancel_between_hash_chunks ... ok
2026-10-04T17:51:38.4078550Z test updater::staging::tests::tc157_limits_and_deadline_are_fail_closed ... ok
2026-10-04T17:51:38.5800842Z test updater::staging::tests::tc157_all_required_digests_are_validated_before_any_asset_request ... ok
2026-10-04T17:51:38.6310651Z test updater::staging::tests::tc157_partial_reader_failure_removes_owned_partial_file ... ok
2026-10-04T17:51:38.6827117Z test updater::staging::tests::tc157_signature_failure_prevents_asset_requests_and_cleans_staging ... ok
2026-10-04T17:51:38.6829759Z test updater::staging::tests::tc157_streaming_copy_enforces_decoded_byte_limit ... ok
2026-10-04T17:51:38.6835730Z test updater::staging::tests::tc157_url_policy_rejects_untrusted_or_insecure_origins ... ok
2026-10-04T17:51:38.7150415Z test updater::staging::tests::tc188_invalid_candidate_does_not_create_a_staging_directory ... ok
2026-10-04T17:51:38.7155165Z test updater::staging::tests::tc191_test_channel_feed_accepts_only_loopback_http ... ok
2026-10-04T17:51:38.7314487Z test updater::staging::tests::tc157_failed_staging_cleans_only_owned_partial_directory ... ok
2026-10-04T17:51:38.7379908Z test updater::staging::tests::unique_update_temp_dir_in_fails_after_repeated_collisions ... ok
2026-10-04T17:51:38.7684311Z test updater::staging::tests::write_new_staged_file_refuses_existing_file ... ok
2026-10-04T17:51:38.7689503Z test updater::staging::tests::unique_update_temp_dir_in_retries_collisions_and_never_reuses_existing_dir ... ok
2026-10-04T17:51:38.7694336Z test updater::tests::check_for_update_short_circuits_when_self_update_is_disabled ... ok
2026-10-04T17:51:38.7695729Z test updater::tests::forced_update_check_failure_is_honored_before_network_access ... ok
2026-10-04T17:51:38.7700022Z test updater::tests::self_update_disabled_flag_is_honored ... ok
2026-10-04T17:51:38.7934190Z test updater::tests::self_update_disabled_sentinel_file_is_false_when_missing ... ok
2026-10-04T17:51:38.8172138Z test updater::tests::self_update_disabled_sentinel_file_is_honored ... ok
2026-10-04T17:51:38.8174348Z test updater::tests::tc157_explicit_cleanup_failure_reports_and_retains_the_owned_path ... ok
2026-10-04T17:51:38.8180049Z test updater::tests::tc188_cancel_wins_before_commit_handoff ... ok
2026-10-04T17:51:38.8181670Z test updater::tests::tc188_commit_handoff_ignores_late_cancel ... ok
2026-10-04T17:51:38.8458772Z test updater::tests::tc189_failure_record_rejects_oversize_and_wrong_type_without_consuming ... ok
2026-10-04T17:51:38.8541719Z test updater::staging::tests::tc157_staging_fetches_trust_material_before_assets ... ok
2026-10-04T17:51:38.8602464Z test updater::tests::tc189_failure_record_is_bounded_sanitized_and_consumed_once ... ok
2026-10-04T17:51:38.8608265Z test updater::tests::tc202_regression_gui_restart_uses_internal_recovery_handoff ... ok
2026-10-04T17:51:38.8612080Z test updater::tests::tc202_regression_headless_restart_keeps_terminal_internal_dispatch ... ok
2026-10-04T17:51:38.8615254Z test updater::transaction::platform::restart_tests::tc186_regression_windows_restart_exhaustion_is_bounded_and_diagnostic ... ok
2026-10-04T17:51:38.8617770Z test updater::transaction::platform::restart_tests::tc186_regression_windows_restart_retries_a_transient_spawn_failure ... ok
2026-10-04T17:51:38.8620346Z test updater::transaction::platform::restart_tests::tc186_regression_windows_restart_retries_without_verbatim_prefix ... ok
2026-10-04T17:51:38.8628053Z test updater::transaction::tests::regression_manual_self_update_process_environment_contract ... ok
2026-10-04T17:51:38.8660156Z test updater::tests::tc189_failure_record_rejects_symbolic_links ... ok
2026-10-04T17:51:38.8941447Z test updater::transaction::tests::tc158_absent_target_promotion_never_overwrites_a_racing_destination ... ok
2026-10-04T17:51:38.9950046Z test updater::tests::tc202_regression_failure_record_hides_embedded_windows_verbatim_prefixes ... ok
2026-10-04T17:51:39.4858815Z test updater::transaction::tests::tc158_prepare_rejects_existing_or_non_file_derived_paths_without_cleanup ... ok
2026-10-04T17:51:39.8908610Z test updater::transaction::tests::tc158_operation_revalidation_rejects_changed_target_or_prepared_content ... ok
2026-10-04T17:51:39.9284606Z test updater::transaction::tests::tc158_prepare_is_confined_exclusive_and_binary_last ... ok
2026-10-04T17:51:40.7896524Z test updater::transaction::tests::tc159_ambiguous_hash_state_preserves_recovery_evidence ... ok
2026-10-04T17:51:41.4282618Z test updater::transaction::tests::tc158_success_commits_sidecars_before_binary_and_records_restart ... ok
2026-10-04T17:51:42.9004329Z test updater::transaction::tests::tc159_binary_intent_with_complete_new_hashes_promotes_committed_bundle ... ok
2026-10-04T17:51:43.0878217Z test updater::transaction::tests::tc159_cleanup_hash_mismatch_is_ambiguous_and_preserves_evidence ... ok
2026-10-04T17:51:44.5455388Z test updater::transaction::tests::tc159_helper_cannot_ack_or_mutate_before_matching_registration ... ok
2026-10-04T17:51:46.3438984Z test updater::transaction::tests::tc159_headless_handoff_waits_through_transient_helper_identity_failure_regression ... ok
2026-10-04T17:51:46.3445067Z test updater::transaction::tests::tc159_legacy_marker_v1_json_contract_survives_internal_refactors ... ok
2026-10-04T17:51:46.7416853Z test updater::transaction::tests::tc159_invalid_marker_transition_is_ambiguous_and_preserves_evidence ... ok
2026-10-04T17:51:48.0334938Z test updater::transaction::tests::tc159_headless_restart_handoff_outlives_normal_startup_deadline_regression ... ok
2026-10-04T17:51:48.3973066Z test updater::transaction::tests::tc159_live_helper_identity_mismatch_is_ambiguous_without_artifact_cleanup ... ok
2026-10-04T17:51:49.0216492Z test updater::transaction::tests::tc159_marker_update_revalidates_destination_type_before_mutation ... ok
2026-10-04T17:51:49.5029836Z test updater::transaction::tests::tc159_non_file_marker_is_ambiguous_and_preserves_lock ... ok
2026-10-04T17:51:50.1661734Z test updater::transaction::tests::tc159_orphan_lock_without_other_artifacts_is_removed_after_owner_exit ... ok
2026-10-04T17:51:50.5664626Z test updater::transaction::tests::tc159_orphan_preparation_with_unverifiable_artifacts_preserves_evidence ... ok
2026-10-04T17:51:50.5734317Z test updater::transaction::tests::tc159_process_executable_identity_matches_the_current_test_process ... ok
2026-10-04T17:51:52.2017670Z test updater::transaction::tests::tc159_parent_wait_timeout_mutates_no_installation_target ... ok
2026-10-04T17:51:53.0426937Z test updater::transaction::tests::tc159_recovery_defers_for_live_parent_before_any_artifact_mutation ... ok
2026-10-04T17:51:53.9601860Z test updater::transaction::tests::tc159_recovery_defers_while_registered_helper_is_live ... ok
2026-10-04T17:51:54.2370014Z test updater::transaction::tests::tc159_precommit_failure_rolls_back_applied_sidecars ... ok
2026-10-04T17:51:56.8895207Z test updater::transaction::tests::tc159_recovery_resumes_an_interrupted_postcommit_rollback ... ok
2026-10-04T17:51:57.8031090Z test updater::transaction::tests::tc159_rollback_rehashes_target_and_backup_immediately_before_mutation ... ok
2026-10-04T17:51:57.9064220Z test updater::transaction::tests::tc159_restart_failure_restores_old_bundle_and_preserves_gui_mode_regression ... ok
2026-10-04T17:51:58.0410503Z test updater::transaction::tests::tc159_restart_failure_restores_old_bundle_and_preserves_headless_mode_regression ... ok
2026-10-04T17:51:58.5801787Z test updater::transaction::tests::tc159_startup_recovery_reports_fixed_evidence_paths_for_ambiguous_state ... ok
2026-10-04T17:51:58.5978632Z test updater::transaction::tests::tc160_windows_file_replace_preserves_the_old_dummy_file_as_backup ... ok
2026-10-04T17:51:58.5981699Z test updater::transaction::tests::tc159_rollback_rejects_tampered_backup_even_when_target_is_already_old ... ok
2026-10-04T17:51:58.6132775Z test updater::transaction::tests::tc171_regression_windows_file_replace_failure_preserves_source ... ok
2026-10-04T17:51:58.6145299Z test updater::transaction::tests::tc171_regression_windows_file_replace_preserves_verbatim_path_prefix ... ok
2026-10-04T17:51:58.6152898Z test updater::transaction::tests::tc171_regression_windows_file_replace_rejects_interior_nul ... ok
2026-10-04T17:51:58.6295554Z test updater::transaction::tests::tc171_regression_windows_file_replace_does_not_require_powershell_on_path ... ok
2026-10-04T17:51:58.6297968Z test updater::transaction::tests::tc171_regression_windows_file_replace_supports_no_backup_boundary ... ok
2026-10-04T17:51:58.6416004Z test updater::transaction::tests::tc159_rollback_revalidates_backup_type_before_reverse_mutation ... ok
2026-10-04T17:51:59.5799754Z test updater::transaction::tests::tc179_regression_failed_helper_launch_cleanup_allows_a_fresh_prepare ... ok
2026-10-04T17:51:59.5805981Z test updater::transaction::tests::tc193_marker_rejects_unrecognized_sidecar_prefix ... ok
2026-10-04T17:51:59.5971485Z test walker_runtime::adaptive::link_tests::follow_links_ancestry_drop_is_iterative_and_keeps_shared_parents_alive ... ok
2026-10-04T17:51:59.6991755Z test updater::transaction::tests::tc193_fw_update_preserves_universal_sidecars_during_version_skew ... ok
2026-10-04T17:51:59.7176883Z test walker_runtime::adaptive::link_tests::follow_links_cancellation_and_callback_limit_settle ... ok
2026-10-04T17:51:59.7181182Z test walker_runtime::adaptive::tests::regular_entries_are_emitted_and_recursed ... ok
2026-10-04T17:51:59.7279461Z test walker_runtime::adaptive::tests::single_worker_uses_serial_path_and_records_metrics ... ok
2026-10-04T17:51:59.7302585Z test walker_runtime::adaptive::tests::visible_reparse_points_are_emitted_but_not_recursed ... ok
2026-10-04T17:51:59.7306112Z test walker_runtime::adaptive::tests::windows_hidden_system_reparse_points_are_skipped ... ok
2026-10-04T17:51:59.7525002Z test updater::transaction::tests::tc186_regression_new_and_old_restart_failures_are_both_reported ... ok
2026-10-04T17:51:59.8503270Z test walker_runtime::adaptive::link_tests::follow_links_preserves_aliases_prunes_ancestor_cycles_and_respects_depth ... ok
2026-10-04T17:52:52.6144681Z test app::tests::indexing_perf::harness::extensions::tc_229_real_worker_extended_profiles_smoke ... FAILED
2026-10-04T17:52:52.6145584Z 
2026-10-04T17:52:52.6145733Z failures:
2026-10-04T17:52:52.6146284Z 
2026-10-04T17:52:52.6147263Z ---- app::tests::indexing_perf::harness::extensions::tc_229_real_worker_extended_profiles_smoke stdout ----
2026-10-04T17:52:52.6149804Z INDEX_PERF_CHILD {"output_path":"D:\\a\\flist-walker\\flist-walker\\rust\\target/indexing-perf-study/normal-child\\5196-19.log","owned_fixture_cleaned":true,"passed":false,"ready":true,"reaped":true,"role":"normal","test":"app::tests::indexing_perf::harness::extensions::tc_229_real_worker_extended_profiles_smoke","watchdog_expired":true}
2026-10-04T17:52:52.6151469Z 
2026-10-04T17:52:52.6152343Z thread 'app::tests::indexing_perf::harness::extensions::tc_229_real_worker_extended_profiles_smoke' (8632) panicked at src\app\tests\indexing_perf\child_process.rs:234:5:
2026-10-04T17:52:52.6154314Z owned normal test app::tests::indexing_perf::harness::extensions::tc_229_real_worker_extended_profiles_smoke failed (D:\a\flist-walker\flist-walker\rust\target/indexing-perf-study/normal-child\5196-19.log):
2026-10-04T17:52:52.6155044Z 
2026-10-04T17:52:52.6155123Z running 1 test
2026-10-04T17:52:52.6155857Z test app::tests::indexing_perf::harness::extensions::tc_229_real_worker_extended_profiles_smoke ... INDEX_PERF_CHILD_BODY app::tests::indexing_perf::harness::extensions::tc_229_real_worker_extended_profiles_smoke
2026-10-04T17:52:52.6157065Z INDEX_PERF_CHILD_SETTINGS {"leaf_pid":7700,"test":"app::tests::indexing_perf::harness::extensions::tc_229_real_worker_extended_profiles_smoke","walker_cap":500000}
2026-10-04T17:52:52.6157864Z EXTENSION_SMOKE F1-files Walker
2026-10-04T17:52:52.6158279Z EXTENSION_SMOKE F1-folders Walker
2026-10-04T17:52:52.6158583Z EXTENSION_SMOKE F1-ignore-list FileList
2026-10-04T17:52:52.6158848Z EXTENSION_SMOKE F1-ignore-list Walker
2026-10-04T17:52:52.6159274Z EXTENSION_SMOKE F1-ignore-case FileList
2026-10-04T17:52:52.6159541Z EXTENSION_SMOKE F1-ignore-case Walker
2026-10-04T17:52:52.6159790Z EXTENSION_SMOKE F1-mid-ignore FileList
2026-10-04T17:52:52.6160041Z EXTENSION_SMOKE F1-mid-ignore Walker
2026-10-04T17:52:52.6160293Z EXTENSION_SMOKE S1-ignore FileList
2026-10-04T17:52:52.6160547Z EXTENSION_SMOKE S1-ignore Walker
2026-10-04T17:52:52.6160778Z EXTENSION_SMOKE S2-files Walker
2026-10-04T17:52:52.6161016Z EXTENSION_SMOKE O1-name-shown FileList
2026-10-04T17:52:52.6161263Z EXTENSION_SMOKE O1-name-shown Walker
2026-10-04T17:52:52.6161524Z EXTENSION_SMOKE O1-modified-shown FileList
2026-10-04T17:52:52.6161996Z EXTENSION_SMOKE O1-modified-shown Walker
2026-10-04T17:52:52.6162270Z EXTENSION_SMOKE O1-name-all FileList
2026-10-04T17:52:52.6162518Z EXTENSION_SMOKE O1-name-all Walker
2026-10-04T17:52:52.6162767Z EXTENSION_SMOKE O1-modified-all FileList
2026-10-04T17:52:52.6163041Z EXTENSION_SMOKE O1-modified-all Walker
2026-10-04T17:52:52.6163298Z EXTENSION_SMOKE T1-active-warm FileList
2026-10-04T17:52:52.6163556Z EXTENSION_SMOKE T1-active-warm Walker
2026-10-04T17:52:52.6163809Z EXTENSION_SMOKE T1-promotion FileList
2026-10-04T17:52:52.6164063Z EXTENSION_SMOKE T1-promotion Walker
2026-10-04T17:52:52.6164305Z EXTENSION_SMOKE T1-A-B-C-A FileList
2026-10-04T17:52:52.6164539Z EXTENSION_SMOKE T1-A-B-C-A Walker
2026-10-04T17:52:52.6164825Z EXTENSION_SMOKE T1-S1-selective FileList
2026-10-04T17:52:52.6165089Z EXTENSION_SMOKE T1-S1-selective Walker
2026-10-04T17:52:52.6165336Z EXTENSION_SMOKE T1-S1-dense FileList
2026-10-04T17:52:52.6165576Z EXTENSION_SMOKE T1-S1-dense Walker
2026-10-04T17:52:52.6165811Z EXTENSION_SMOKE T1-S2 FileList
2026-10-04T17:52:52.6166054Z EXTENSION_SMOKE T1-S2 Walker
2026-10-04T17:52:52.6166288Z EXTENSION_SMOKE R1-natural FileList
2026-10-04T17:52:52.6166528Z EXTENSION_SMOKE R1-natural Walker
2026-10-04T17:52:52.6166786Z EXTENSION_SMOKE T1-natural-reclaim FileList
2026-10-04T17:52:52.6166980Z 
2026-10-04T17:52:52.6166984Z 
2026-10-04T17:52:52.6166987Z 
2026-10-04T17:52:52.6167059Z failures:
2026-10-04T17:52:52.6167407Z     app::tests::indexing_perf::harness::extensions::tc_229_real_worker_extended_profiles_smoke
2026-10-04T17:52:52.6167756Z 
2026-10-04T17:52:52.6168025Z test result: FAILED. 1587 passed; 1 failed; 20 ignored; 0 measured; 0 filtered out; finished in 258.88s
2026-10-04T17:52:52.6168401Z 
2026-10-04T17:52:52.6247185Z [1m[91merror[0m: test failed, to rerun pass `--lib`
2026-10-04T17:52:52.7493800Z ##[error]Process completed with exit code 1.
2026-10-04T17:52:52.7773603Z Post job cleanup.
2026-10-04T17:52:52.9756555Z [command]"C:\Program Files\Git\bin\git.exe" version
2026-10-04T17:52:53.0063479Z git version 2.55.0.windows.5
2026-10-04T17:52:53.0135409Z Temporarily overriding HOME='D:\a\_temp\e6597ac6-3108-4962-bd26-b86e77fe20b8' before making global git config changes
2026-10-04T17:52:53.0136698Z Adding repository directory to the temporary git global config as a safe directory
2026-10-04T17:52:53.0146721Z [command]"C:\Program Files\Git\bin\git.exe" config --global --add safe.directory D:\a\flist-walker\flist-walker
2026-10-04T17:52:53.0452296Z Removing SSH command configuration
2026-10-04T17:52:53.0463425Z [command]"C:\Program Files\Git\bin\git.exe" config --local --name-only --get-regexp core\.sshCommand
2026-10-04T17:52:53.0779872Z [command]"C:\Program Files\Git\bin\git.exe" submodule foreach --recursive "sh -c \"git config --local --name-only --get-regexp 'core\.sshCommand' && git config --local --unset-all 'core.sshCommand' || :\""
2026-10-04T17:52:53.6368691Z Removing HTTP extra header
2026-10-04T17:52:53.6378865Z [command]"C:\Program Files\Git\bin\git.exe" config --local --name-only --get-regexp http\.https\:\/\/github\.com\/\.extraheader
2026-10-04T17:52:53.6694972Z [command]"C:\Program Files\Git\bin\git.exe" submodule foreach --recursive "sh -c \"git config --local --name-only --get-regexp 'http\.https\:\/\/github\.com\/\.extraheader' && git config --local --unset-all 'http.https://github.com/.extraheader' || :\""
2026-10-04T17:52:54.2226523Z Removing includeIf entries pointing to credentials config files
2026-10-04T17:52:54.2238335Z [command]"C:\Program Files\Git\bin\git.exe" config --local --name-only --get-regexp ^includeIf\.gitdir:
2026-10-04T17:52:54.2511441Z includeif.gitdir:D:/a/flist-walker/flist-walker/.git.path
2026-10-04T17:52:54.2512146Z includeif.gitdir:D:/a/flist-walker/flist-walker/.git/worktrees/*.path
2026-10-04T17:52:54.2512660Z includeif.gitdir:/github/workspace/.git.path
2026-10-04T17:52:54.2513179Z includeif.gitdir:/github/workspace/.git/worktrees/*.path
2026-10-04T17:52:54.2551763Z [command]"C:\Program Files\Git\bin\git.exe" config --local --get-all includeif.gitdir:D:/a/flist-walker/flist-walker/.git.path
2026-10-04T17:52:54.2818144Z D:\a\_temp\git-credentials-c0010e79-97ab-43c6-87ea-1a484e7f887f.config
2026-10-04T17:52:54.2859879Z [command]"C:\Program Files\Git\bin\git.exe" config --local --unset includeif.gitdir:D:/a/flist-walker/flist-walker/.git.path D\:\\a\\_temp\\git\-credentials\-c0010e79\-97ab\-43c6\-87ea\-1a484e7f887f\.config
2026-10-04T17:52:54.3169408Z [command]"C:\Program Files\Git\bin\git.exe" config --local --get-all includeif.gitdir:D:/a/flist-walker/flist-walker/.git/worktrees/*.path
2026-10-04T17:52:54.3467271Z D:\a\_temp\git-credentials-c0010e79-97ab-43c6-87ea-1a484e7f887f.config
2026-10-04T17:52:54.3515676Z [command]"C:\Program Files\Git\bin\git.exe" config --local --unset includeif.gitdir:D:/a/flist-walker/flist-walker/.git/worktrees/*.path D\:\\a\\_temp\\git\-credentials\-c0010e79\-97ab\-43c6\-87ea\-1a484e7f887f\.config
2026-10-04T17:52:54.3832521Z [command]"C:\Program Files\Git\bin\git.exe" config --local --get-all includeif.gitdir:/github/workspace/.git.path
2026-10-04T17:52:54.4092580Z /github/runner_temp/git-credentials-c0010e79-97ab-43c6-87ea-1a484e7f887f.config
2026-10-04T17:52:54.4129277Z [command]"C:\Program Files\Git\bin\git.exe" config --local --unset includeif.gitdir:/github/workspace/.git.path \/github\/runner_temp\/git\-credentials\-c0010e79\-97ab\-43c6\-87ea\-1a484e7f887f\.config
2026-10-04T17:52:54.4427923Z [command]"C:\Program Files\Git\bin\git.exe" config --local --get-all includeif.gitdir:/github/workspace/.git/worktrees/*.path
2026-10-04T17:52:54.4682123Z /github/runner_temp/git-credentials-c0010e79-97ab-43c6-87ea-1a484e7f887f.config
2026-10-04T17:52:54.4759140Z [command]"C:\Program Files\Git\bin\git.exe" config --local --unset includeif.gitdir:/github/workspace/.git/worktrees/*.path \/github\/runner_temp\/git\-credentials\-c0010e79\-97ab\-43c6\-87ea\-1a484e7f887f\.config
2026-10-04T17:52:54.5059948Z [command]"C:\Program Files\Git\bin\git.exe" submodule foreach --recursive "git config --local --show-origin --name-only --get-regexp remote.origin.url"
2026-10-04T17:52:55.0510421Z Removing credentials config 'D:\a\_temp\git-credentials-c0010e79-97ab-43c6-87ea-1a484e7f887f.config'
2026-10-04T17:52:55.0725745Z Cleaning up orphan processes
2026-10-04T17:52:55.0947178Z Terminate orphan process: pid (7424) (vctip)
